periodo;regiao_ars;ano;mes;ano_mes;estado_ano;episodios_urgencia;prioridade_verde_azul;taxa_internamento;tempo_medio_espera;tipo_agregacao
2016-11-01;Portugal Continental;2016;11;2016-11;parcial;15067.0;39.7225;8.901787;48.78547;nacional
2016-11-02;Portugal Continental;2016;11;2016-11;parcial;17941.0;41.1697;8.100157;56.54435;nacional
2016-11-03;Portugal Continental;2016;11;2016-11;parcial;17449.0;40.85881;8.452868;57.67384;nacional
2016-11-04;Portugal Continental;2016;11;2016-11;parcial;16253.0;40.60996;9.118156;54.10371;nacional
2016-11-05;Portugal Continental;2016;11;2016-11;parcial;14153.0;39.46748;9.564175;44.60065;nacional
2016-11-06;Portugal Continental;2016;11;2016-11;parcial;13510.0;39.48007;8.873552;39.88894;nacional
2016-11-07;Portugal Continental;2016;11;2016-11;parcial;17261.0;40.66352;8.598584;54.66299;nacional
2016-11-08;Portugal Continental;2016;11;2016-11;parcial;16240.0;40.13966;8.838367;48.00844;nacional
2016-11-09;Portugal Continental;2016;11;2016-11;parcial;16191.0;40.04815;8.957138;49.77863;nacional
2016-11-10;Portugal Continental;2016;11;2016-11;parcial;16738.0;39.41785;9.002677;53.43503;nacional
2016-11-11;Portugal Continental;2016;11;2016-11;parcial;15792.0;38.74716;9.051695;53.61649;nacional
2016-11-12;Portugal Continental;2016;11;2016-11;parcial;14844.0;38.95716;9.014147;47.26061;nacional
2016-11-13;Portugal Continental;2016;11;2016-11;parcial;14822.0;38.57519;8.540157;47.1694;nacional
2016-11-14;Portugal Continental;2016;11;2016-11;parcial;19119.0;40.30207;7.861563;60.03159;nacional
2016-11-15;Portugal Continental;2016;11;2016-11;parcial;17560.0;40.68982;8.465476;57.6146;nacional
2016-11-16;Portugal Continental;2016;11;2016-11;parcial;16872.0;40.94414;8.441769;55.25284;nacional
2016-11-17;Portugal Continental;2016;11;2016-11;parcial;17162.0;39.66042;8.4644;58.21106;nacional
2016-11-18;Portugal Continental;2016;11;2016-11;parcial;16018.0;39.54499;9.22337;53.26994;nacional
2016-11-19;Portugal Continental;2016;11;2016-11;parcial;14586.0;39.69954;8.692278;44.00838;nacional
2016-11-20;Portugal Continental;2016;11;2016-11;parcial;14501.0;39.89626;8.512461;44.81315;nacional
2016-11-21;Portugal Continental;2016;11;2016-11;parcial;18549.0;40.82909;7.770291;63.72977;nacional
2016-11-22;Portugal Continental;2016;11;2016-11;parcial;17914.0;41.07761;8.670556;59.74539;nacional
2016-11-23;Portugal Continental;2016;11;2016-11;parcial;17342.0;40.77323;8.764533;58.20954;nacional
2016-11-24;Portugal Continental;2016;11;2016-11;parcial;16518.0;39.38221;8.40101;61.85072;nacional
2016-11-25;Portugal Continental;2016;11;2016-11;parcial;15659.0;39.44028;8.763776;56.78054;nacional
2016-11-26;Portugal Continental;2016;11;2016-11;parcial;15091.0;38.23951;9.896441;51.69221;nacional
2016-11-27;Portugal Continental;2016;11;2016-11;parcial;15475.0;39.57557;7.746839;55.01992;nacional
2016-11-28;Portugal Continental;2016;11;2016-11;parcial;20010.0;40.15193;7.78751;70.24299;nacional
2016-11-29;Portugal Continental;2016;11;2016-11;parcial;18683.0;39.81942;8.713186;72.72624;nacional
2016-11-30;Portugal Continental;2016;11;2016-11;parcial;17541.0;40.63177;9.189857;62.11633;nacional
2016-12-01;Portugal Continental;2016;12;2016-12;parcial;16449.0;40.14273;8.222904;57.71897;nacional
2016-12-02;Portugal Continental;2016;12;2016-12;parcial;18584.0;40.56549;8.282567;75.44713;nacional
2016-12-03;Portugal Continental;2016;12;2016-12;parcial;15677.0;39.82471;8.724638;55.41006;nacional
2016-12-04;Portugal Continental;2016;12;2016-12;parcial;16700.0;39.60942;7.696594;61.19375;nacional
2016-12-05;Portugal Continental;2016;12;2016-12;parcial;21153.0;41.81129;7.590652;82.03045;nacional
2016-12-06;Portugal Continental;2016;12;2016-12;parcial;19781.0;41.01188;8.175315;78.374;nacional
2016-12-07;Portugal Continental;2016;12;2016-12;parcial;18690.0;41.03384;8.674375;66.49257;nacional
2016-12-08;Portugal Continental;2016;12;2016-12;parcial;16635.0;40.95859;7.827803;58.12971;nacional
2016-12-09;Portugal Continental;2016;12;2016-12;parcial;18910.0;40.06204;8.617027;69.75233;nacional
2016-12-10;Portugal Continental;2016;12;2016-12;parcial;16782.0;40.4258;8.792489;61.53142;nacional
2016-12-11;Portugal Continental;2016;12;2016-12;parcial;16668.0;40.7393;7.46983;58.02528;nacional
2016-12-12;Portugal Continental;2016;12;2016-12;parcial;20970.0;40.99094;7.456255;76.65455;nacional
2016-12-13;Portugal Continental;2016;12;2016-12;parcial;19286.0;40.1036;8.064884;73.14321;nacional
2016-12-14;Portugal Continental;2016;12;2016-12;parcial;17914.0;40.80876;8.398951;68.70843;nacional
2016-12-15;Portugal Continental;2016;12;2016-12;parcial;17436.0;39.30531;9.042553;64.58079;nacional
2016-12-16;Portugal Continental;2016;12;2016-12;parcial;16603.0;38.82249;10.14;67.60861;nacional
2016-12-17;Portugal Continental;2016;12;2016-12;parcial;16616.0;37.989;8.142528;57.74921;nacional
2016-12-18;Portugal Continental;2016;12;2016-12;parcial;16783.0;37.67102;7.849897;63.28039;nacional
2016-12-19;Portugal Continental;2016;12;2016-12;parcial;19665.0;40.74114;7.928189;72.90757;nacional
2016-12-20;Portugal Continental;2016;12;2016-12;parcial;18613.0;39.39822;8.398472;70.38014;nacional
2016-12-21;Portugal Continental;2016;12;2016-12;parcial;17608.0;39.07309;9.47249;64.52647;nacional
2016-12-22;Portugal Continental;2016;12;2016-12;parcial;17994.0;38.02636;8.508825;67.38938;nacional
2016-12-23;Portugal Continental;2016;12;2016-12;parcial;17180.0;38.54173;9.22284;58.38986;nacional
2016-12-24;Portugal Continental;2016;12;2016-12;parcial;14042.0;35.31484;9.620853;51.80536;nacional
2016-12-25;Portugal Continental;2016;12;2016-12;parcial;15549.0;35.83481;9.28743;62.99617;nacional
2016-12-26;Portugal Continental;2016;12;2016-12;parcial;22550.0;41.03738;7.802353;103.2009;nacional
2016-12-27;Portugal Continental;2016;12;2016-12;parcial;21954.0;38.88088;8.272188;101.2937;nacional
2016-12-28;Portugal Continental;2016;12;2016-12;parcial;19868.0;40.24934;8.515005;93.15688;nacional
2016-12-29;Portugal Continental;2016;12;2016-12;parcial;18088.0;39.63691;9.531452;84.1333;nacional
2016-12-30;Portugal Continental;2016;12;2016-12;parcial;16712.0;38.10336;10.09622;66.47666;nacional
2016-12-31;Portugal Continental;2016;12;2016-12;parcial;12818.0;34.68146;11.5985;53.89773;nacional
2017-01-01;Portugal Continental;2017;1;2017-01;completo;14504.0;35.39191;10.4422;62.31548;nacional
2017-01-02;Portugal Continental;2017;1;2017-01;completo;18524.0;39.54693;9.263658;90.07124;nacional
2017-01-03;Portugal Continental;2017;1;2017-01;completo;18969.0;38.52213;9.18192;83.49577;nacional
2017-01-04;Portugal Continental;2017;1;2017-01;completo;18531.0;38.1901;9.472662;82.03453;nacional
2017-01-05;Portugal Continental;2017;1;2017-01;completo;17584.0;37.87074;9.43125;72.41553;nacional
2017-01-06;Portugal Continental;2017;1;2017-01;completo;16673.0;38.71355;10.37027;69.70566;nacional
2017-01-07;Portugal Continental;2017;1;2017-01;completo;15222.0;36.96415;10.80942;54.97625;nacional
2017-01-08;Portugal Continental;2017;1;2017-01;completo;14617.0;37.69025;8.883083;50.40502;nacional
2017-01-09;Portugal Continental;2017;1;2017-01;completo;18824.0;40.12013;8.884176;62.31138;nacional
2017-01-10;Portugal Continental;2017;1;2017-01;completo;18286.0;38.53448;9.110169;61.51402;nacional
2017-01-11;Portugal Continental;2017;1;2017-01;completo;17710.0;38.94257;8.882627;56.07756;nacional
2017-01-12;Portugal Continental;2017;1;2017-01;completo;17196.0;39.37837;9.640734;62.11946;nacional
2017-01-13;Portugal Continental;2017;1;2017-01;completo;17059.0;37.50245;10.24484;54.26138;nacional
2017-01-14;Portugal Continental;2017;1;2017-01;completo;14192.0;36.98478;10.24786;43.48928;nacional
2017-01-15;Portugal Continental;2017;1;2017-01;completo;14604.0;37.91261;8.778274;38.60192;nacional
2017-01-16;Portugal Continental;2017;1;2017-01;completo;18563.0;38.9705;8.87806;56.54506;nacional
2017-01-17;Portugal Continental;2017;1;2017-01;completo;17478.0;38.47683;9.505584;49.70665;nacional
2017-01-18;Portugal Continental;2017;1;2017-01;completo;16102.0;38.89034;9.881669;49.46389;nacional
2017-01-19;Portugal Continental;2017;1;2017-01;completo;15808.0;39.62713;9.786674;46.43225;nacional
2017-01-20;Portugal Continental;2017;1;2017-01;completo;15433.0;37.64802;10.47207;47.09198;nacional
2017-01-21;Portugal Continental;2017;1;2017-01;completo;14623.0;38.09764;10.44089;41.38804;nacional
2017-01-22;Portugal Continental;2017;1;2017-01;completo;14595.0;38.05604;8.949327;44.22539;nacional
2017-01-23;Portugal Continental;2017;1;2017-01;completo;19147.0;38.77158;8.627519;55.81615;nacional
2017-01-24;Portugal Continental;2017;1;2017-01;completo;18192.0;39.8947;8.929429;51.55505;nacional
2017-01-25;Portugal Continental;2017;1;2017-01;completo;17350.0;39.20141;9.169309;51.92141;nacional
2017-01-26;Portugal Continental;2017;1;2017-01;completo;16646.0;38.18833;9.714062;47.42229;nacional
2017-01-27;Portugal Continental;2017;1;2017-01;completo;16288.0;38.55048;10.33292;48.26274;nacional
2017-01-28;Portugal Continental;2017;1;2017-01;completo;15577.0;38.17702;9.905493;46.84338;nacional
2017-01-29;Portugal Continental;2017;1;2017-01;completo;15276.0;38.01732;8.353432;46.37241;nacional
2017-01-30;Portugal Continental;2017;1;2017-01;completo;19432.0;39.53224;8.301716;61.93148;nacional
2017-01-31;Portugal Continental;2017;1;2017-01;completo;18141.0;39.17657;8.875273;52.91524;nacional
2017-02-01;Portugal Continental;2017;2;2017-02;completo;17485.0;37.84563;9.498277;52.33047;nacional
2017-02-02;Portugal Continental;2017;2;2017-02;completo;16981.0;39.78601;8.947165;52.73596;nacional
2017-02-03;Portugal Continental;2017;2;2017-02;completo;16009.0;38.41623;9.496825;48.49692;nacional
2017-02-04;Portugal Continental;2017;2;2017-02;completo;14563.0;38.8905;9.716132;38.55903;nacional
2017-02-05;Portugal Continental;2017;2;2017-02;completo;14659.0;38.63276;8.314779;40.42134;nacional
2017-02-06;Portugal Continental;2017;2;2017-02;completo;18936.0;40.87121;8.534225;57.765;nacional
2017-02-07;Portugal Continental;2017;2;2017-02;completo;17899.0;39.79328;8.307278;53.49353;nacional
2017-02-08;Portugal Continental;2017;2;2017-02;completo;17130.0;39.5735;9.190011;47.16163;nacional
2017-02-09;Portugal Continental;2017;2;2017-02;completo;16940.0;39.81081;8.417876;46.69996;nacional
2017-02-10;Portugal Continental;2017;2;2017-02;completo;15965.0;38.62114;9.519561;46.50972;nacional
2017-02-11;Portugal Continental;2017;2;2017-02;completo;14796.0;37.74319;9.607278;41.42548;nacional
2017-02-12;Portugal Continental;2017;2;2017-02;completo;14452.0;38.81335;8.509158;43.1846;nacional
2017-02-13;Portugal Continental;2017;2;2017-02;completo;19016.0;40.37654;8.165516;50.166;nacional
2017-02-14;Portugal Continental;2017;2;2017-02;completo;16661.0;39.91681;8.768064;46.50349;nacional
2017-02-15;Portugal Continental;2017;2;2017-02;completo;18021.0;38.65463;8.776467;52.4678;nacional
2017-02-16;Portugal Continental;2017;2;2017-02;completo;17952.0;39.35107;8.959292;53.15208;nacional
2017-02-17;Portugal Continental;2017;2;2017-02;completo;17293.0;39.23067;9.12254;54.43066;nacional
2017-02-18;Portugal Continental;2017;2;2017-02;completo;15442.0;38.94837;9.140557;42.11895;nacional
2017-02-19;Portugal Continental;2017;2;2017-02;completo;15501.0;39.05975;8.060129;44.15849;nacional
2017-02-20;Portugal Continental;2017;2;2017-02;completo;20023.0;39.8575;7.655028;55.52959;nacional
2017-02-21;Portugal Continental;2017;2;2017-02;completo;18741.0;39.3579;8.348848;54.19473;nacional
2017-02-22;Portugal Continental;2017;2;2017-02;completo;18363.0;39.44949;8.524864;51.5237;nacional
2017-02-23;Portugal Continental;2017;2;2017-02;completo;18075.0;39.56165;8.992351;51.02865;nacional
2017-02-24;Portugal Continental;2017;2;2017-02;completo;16754.0;38.17773;9.099753;49.03549;nacional
2017-02-25;Portugal Continental;2017;2;2017-02;completo;15775.0;37.87587;8.882964;44.0483;nacional
2017-02-26;Portugal Continental;2017;2;2017-02;completo;15169.0;39.10008;8.587075;40.5043;nacional
2017-02-27;Portugal Continental;2017;2;2017-02;completo;18017.0;40.44413;8.982443;52.28783;nacional
2017-02-28;Portugal Continental;2017;2;2017-02;completo;15727.0;40.36197;7.868373;40.05409;nacional
2017-03-01;Portugal Continental;2017;3;2017-03;completo;17587.0;39.67213;8.345883;50.84507;nacional
2017-03-02;Portugal Continental;2017;3;2017-03;completo;17861.0;40.98668;8.618798;53.91277;nacional
2017-03-03;Portugal Continental;2017;3;2017-03;completo;16489.0;38.52839;9.679573;48.85646;nacional
2017-03-04;Portugal Continental;2017;3;2017-03;completo;14864.0;39.32148;9.076786;45.22886;nacional
2017-03-05;Portugal Continental;2017;3;2017-03;completo;15084.0;38.9913;8.055576;38.67653;nacional
2017-03-06;Portugal Continental;2017;3;2017-03;completo;19517.0;40.11312;7.864977;52.3278;nacional
2017-03-07;Portugal Continental;2017;3;2017-03;completo;18454.0;39.11215;8.144931;53.34901;nacional
2017-03-08;Portugal Continental;2017;3;2017-03;completo;17292.0;39.29935;8.407498;46.76716;nacional
2017-03-09;Portugal Continental;2017;3;2017-03;completo;17736.0;39.01218;8.716707;50.51458;nacional
2017-03-10;Portugal Continental;2017;3;2017-03;completo;17265.0;39.3253;8.677996;52.3271;nacional
2017-03-11;Portugal Continental;2017;3;2017-03;completo;15713.0;38.7013;8.867804;40.82973;nacional
2017-03-12;Portugal Continental;2017;3;2017-03;completo;15303.0;40.8735;7.909772;40.60386;nacional
2017-03-13;Portugal Continental;2017;3;2017-03;completo;19567.0;40.37811;7.6524;52.99693;nacional
2017-03-14;Portugal Continental;2017;3;2017-03;completo;18263.0;40.07568;8.191489;49.88306;nacional
2017-03-15;Portugal Continental;2017;3;2017-03;completo;17935.0;39.61967;7.949841;49.59523;nacional
2017-03-16;Portugal Continental;2017;3;2017-03;completo;17855.0;39.72146;8.444607;53.26119;nacional
2017-03-17;Portugal Continental;2017;3;2017-03;completo;17695.0;39.43253;8.798388;52.27417;nacional
2017-03-18;Portugal Continental;2017;3;2017-03;completo;15702.0;38.90223;8.52557;41.82761;nacional
2017-03-19;Portugal Continental;2017;3;2017-03;completo;15231.0;39.38956;8.26937;38.09718;nacional
2017-03-20;Portugal Continental;2017;3;2017-03;completo;19806.0;41.04343;7.392209;53.68041;nacional
2017-03-21;Portugal Continental;2017;3;2017-03;completo;18201.0;40.44189;8.386749;50.49111;nacional
2017-03-22;Portugal Continental;2017;3;2017-03;completo;16810.0;39.78575;8.615464;42.94502;nacional
2017-03-23;Portugal Continental;2017;3;2017-03;completo;16460.0;39.45565;8.409866;41.00443;nacional
2017-03-24;Portugal Continental;2017;3;2017-03;completo;16248.0;39.39316;9.106104;44.64465;nacional
2017-03-25;Portugal Continental;2017;3;2017-03;completo;14368.0;38.97529;9.267092;37.2398;nacional
2017-03-26;Portugal Continental;2017;3;2017-03;completo;13435.0;38.73706;8.878977;36.24228;nacional
2017-03-27;Portugal Continental;2017;3;2017-03;completo;18677.0;41.69353;8.023634;50.10178;nacional
2017-03-28;Portugal Continental;2017;3;2017-03;completo;18026.0;39.85929;8.221497;54.89362;nacional
2017-03-29;Portugal Continental;2017;3;2017-03;completo;17811.0;40.09019;8.171913;50.98172;nacional
2017-03-30;Portugal Continental;2017;3;2017-03;completo;17722.0;39.27855;8.288932;52.91769;nacional
2017-03-31;Portugal Continental;2017;3;2017-03;completo;17071.0;38.59134;8.835759;51.35627;nacional
2017-04-01;Portugal Continental;2017;4;2017-04;completo;14997.0;39.54707;8.766163;43.18338;nacional
2017-04-02;Portugal Continental;2017;4;2017-04;completo;15706.0;38.90186;8.134075;48.50743;nacional
2017-04-03;Portugal Continental;2017;4;2017-04;completo;18951.0;41.04337;7.738647;53.94387;nacional
2017-04-04;Portugal Continental;2017;4;2017-04;completo;17506.0;40.68541;8.766642;51.04542;nacional
2017-04-05;Portugal Continental;2017;4;2017-04;completo;17077.0;39.21725;8.893584;44.81124;nacional
2017-04-06;Portugal Continental;2017;4;2017-04;completo;16733.0;39.07752;8.952998;47.44057;nacional
2017-04-07;Portugal Continental;2017;4;2017-04;completo;16732.0;38.2543;9.457281;46.75657;nacional
2017-04-08;Portugal Continental;2017;4;2017-04;completo;15871.0;39.0107;8.50687;40.85258;nacional
2017-04-09;Portugal Continental;2017;4;2017-04;completo;15836.0;38.69752;7.671844;37.50246;nacional
2017-04-10;Portugal Continental;2017;4;2017-04;completo;18897.0;40.97713;7.758423;54.58984;nacional
2017-04-11;Portugal Continental;2017;4;2017-04;completo;17502.0;39.44066;8.8;49.03798;nacional
2017-04-12;Portugal Continental;2017;4;2017-04;completo;17355.0;39.93608;9.022272;47.54419;nacional
2017-04-13;Portugal Continental;2017;4;2017-04;completo;16934.0;40.3729;9.301428;48.15289;nacional
2017-04-14;Portugal Continental;2017;4;2017-04;completo;16194.0;40.13671;8.593315;42.96884;nacional
2017-04-15;Portugal Continental;2017;4;2017-04;completo;16004.0;39.2632;7.731706;39.46868;nacional
2017-04-16;Portugal Continental;2017;4;2017-04;completo;13387.0;37.26737;8.42706;35.20899;nacional
2017-04-17;Portugal Continental;2017;4;2017-04;completo;18690.0;39.82038;8.256774;49.74467;nacional
2017-04-18;Portugal Continental;2017;4;2017-04;completo;17765.0;41.42252;8.627789;50.31948;nacional
2017-04-19;Portugal Continental;2017;4;2017-04;completo;17682.0;39.06519;7.99752;47.79858;nacional
2017-04-20;Portugal Continental;2017;4;2017-04;completo;17896.0;39.2853;8.447235;54.07142;nacional
2017-04-21;Portugal Continental;2017;4;2017-04;completo;17786.0;40.15442;8.364834;56.21696;nacional
2017-04-22;Portugal Continental;2017;4;2017-04;completo;15706.0;39.10291;8.550559;44.10543;nacional
2017-04-23;Portugal Continental;2017;4;2017-04;completo;15589.0;38.27651;8.001438;44.23055;nacional
2017-04-24;Portugal Continental;2017;4;2017-04;completo;19984.0;41.25697;7.827485;53.79795;nacional
2017-04-25;Portugal Continental;2017;4;2017-04;completo;16125.0;40.60966;8.313008;46.26744;nacional
2017-04-26;Portugal Continental;2017;4;2017-04;completo;18297.0;40.06197;7.696477;52.03642;nacional
2017-04-27;Portugal Continental;2017;4;2017-04;completo;17346.0;39.34148;8.280811;53.65466;nacional
2017-04-28;Portugal Continental;2017;4;2017-04;completo;16823.0;39.60421;8.871916;50.78367;nacional
2017-04-29;Portugal Continental;2017;4;2017-04;completo;15080.0;38.61393;9.034544;44.5649;nacional
2017-04-30;Portugal Continental;2017;4;2017-04;completo;14534.0;39.38626;8.669277;37.41454;nacional
2017-05-01;Portugal Continental;2017;5;2017-05;completo;15769.0;40.79714;8.067215;39.47268;nacional
2017-05-02;Portugal Continental;2017;5;2017-05;completo;18467.0;40.3136;8.214812;55.06779;nacional
2017-05-03;Portugal Continental;2017;5;2017-05;completo;17916.0;40.25337;8.456244;50.04702;nacional
2017-05-04;Portugal Continental;2017;5;2017-05;completo;17665.0;39.55347;8.773561;49.0896;nacional
2017-05-05;Portugal Continental;2017;5;2017-05;completo;16541.0;39.04859;9.152565;50.086;nacional
2017-05-06;Portugal Continental;2017;5;2017-05;completo;15182.0;37.81112;9.007366;39.21518;nacional
2017-05-07;Portugal Continental;2017;5;2017-05;completo;14741.0;38.57083;8.341372;34.87885;nacional
2017-05-08;Portugal Continental;2017;5;2017-05;completo;19270.0;41.66802;7.474519;50.16937;nacional
2017-05-09;Portugal Continental;2017;5;2017-05;completo;18761.0;41.67175;8.031872;46.09449;nacional
2017-05-10;Portugal Continental;2017;5;2017-05;completo;17119.0;40.97324;8.191126;44.75142;nacional
2017-05-11;Portugal Continental;2017;5;2017-05;completo;16525.0;40.18184;8.195193;43.66007;nacional
2017-05-12;Portugal Continental;2017;5;2017-05;completo;15403.0;41.24822;8.490566;44.21928;nacional
2017-05-13;Portugal Continental;2017;5;2017-05;completo;14906.0;39.77011;8.12839;37.89484;nacional
2017-05-14;Portugal Continental;2017;5;2017-05;completo;15769.0;39.92893;8.031874;39.07845;nacional
2017-05-15;Portugal Continental;2017;5;2017-05;completo;20415.0;40.99974;7.364468;59.70889;nacional
2017-05-16;Portugal Continental;2017;5;2017-05;completo;19111.0;40.07712;8.079425;54.53748;nacional
2017-05-17;Portugal Continental;2017;5;2017-05;completo;18144.0;40.23259;8.105037;52.15387;nacional
2017-05-18;Portugal Continental;2017;5;2017-05;completo;18047.0;40.52329;7.893587;49.43185;nacional
2017-05-19;Portugal Continental;2017;5;2017-05;completo;17029.0;39.46164;8.579785;46.98408;nacional
2017-05-20;Portugal Continental;2017;5;2017-05;completo;14962.0;38.72529;8.168563;41.0955;nacional
2017-05-21;Portugal Continental;2017;5;2017-05;completo;15487.0;39.13977;7.593466;37.00072;nacional
2017-05-22;Portugal Continental;2017;5;2017-05;completo;19944.0;40.57341;7.395677;51.47393;nacional
2017-05-23;Portugal Continental;2017;5;2017-05;completo;18781.0;39.85046;7.920734;48.71091;nacional
2017-05-24;Portugal Continental;2017;5;2017-05;completo;17790.0;39.56031;8.19592;45.56178;nacional
2017-05-25;Portugal Continental;2017;5;2017-05;completo;18176.0;40.63447;8.249158;51.12231;nacional
2017-05-26;Portugal Continental;2017;5;2017-05;completo;16786.0;39.21642;8.550553;45.8264;nacional
2017-05-27;Portugal Continental;2017;5;2017-05;completo;16283.0;39.00746;8.094469;52.04357;nacional
2017-05-28;Portugal Continental;2017;5;2017-05;completo;15581.0;38.65654;7.757036;46.23522;nacional
2017-05-29;Portugal Continental;2017;5;2017-05;completo;20444.0;40.74302;7.542487;55.72367;nacional
2017-05-30;Portugal Continental;2017;5;2017-05;completo;18736.0;40.994;7.839621;49.80313;nacional
2017-05-31;Portugal Continental;2017;5;2017-05;completo;17925.0;39.03081;8.430688;49.61365;nacional
2017-06-01;Portugal Continental;2017;6;2017-06;completo;17379.0;39.5562;8.39786;46.47822;nacional
2017-06-02;Portugal Continental;2017;6;2017-06;completo;17169.0;39.52765;8.959316;47.88379;nacional
2017-06-03;Portugal Continental;2017;6;2017-06;completo;15106.0;38.0;8.269647;42.17175;nacional
2017-06-04;Portugal Continental;2017;6;2017-06;completo;15463.0;39.01102;7.76824;37.00149;nacional
2017-06-05;Portugal Continental;2017;6;2017-06;completo;19188.0;41.0113;7.676262;45.50818;nacional
2017-06-06;Portugal Continental;2017;6;2017-06;completo;18055.0;38.30282;7.83023;48.70897;nacional
2017-06-07;Portugal Continental;2017;6;2017-06;completo;17756.0;40.10395;8.219349;47.9449;nacional
2017-06-08;Portugal Continental;2017;6;2017-06;completo;18080.0;39.31956;8.447036;50.67256;nacional
2017-06-09;Portugal Continental;2017;6;2017-06;completo;17263.0;39.9065;8.488283;50.42994;nacional
2017-06-10;Portugal Continental;2017;6;2017-06;completo;15877.0;38.46103;8.067308;40.85865;nacional
2017-06-11;Portugal Continental;2017;6;2017-06;completo;15954.0;39.00112;7.837211;37.39211;nacional
2017-06-12;Portugal Continental;2017;6;2017-06;completo;19666.0;41.09106;7.792061;58.10674;nacional
2017-06-13;Portugal Continental;2017;6;2017-06;completo;18471.0;39.3045;7.3947;49.09769;nacional
2017-06-14;Portugal Continental;2017;6;2017-06;completo;17997.0;39.65377;8.721567;51.66637;nacional
2017-06-15;Portugal Continental;2017;6;2017-06;completo;16315.0;39.75543;8.016679;40.17927;nacional
2017-06-16;Portugal Continental;2017;6;2017-06;completo;18236.0;39.98462;8.419795;52.19444;nacional
2017-06-17;Portugal Continental;2017;6;2017-06;completo;15973.0;39.24899;8.067743;44.43144;nacional
2017-06-18;Portugal Continental;2017;6;2017-06;completo;16220.0;38.38317;7.79257;40.36481;nacional
2017-06-19;Portugal Continental;2017;6;2017-06;completo;19891.0;39.85885;7.439112;52.06254;nacional
2017-06-20;Portugal Continental;2017;6;2017-06;completo;18552.0;39.37284;8.556565;53.81383;nacional
2017-06-21;Portugal Continental;2017;6;2017-06;completo;18342.0;40.48409;8.040504;50.72409;nacional
2017-06-22;Portugal Continental;2017;6;2017-06;completo;17872.0;39.46056;8.391652;50.38501;nacional
2017-06-23;Portugal Continental;2017;6;2017-06;completo;17169.0;39.21854;9.021327;50.18187;nacional
2017-06-24;Portugal Continental;2017;6;2017-06;completo;16363.0;40.05473;8.496638;43.07833;nacional
2017-06-25;Portugal Continental;2017;6;2017-06;completo;16295.0;38.79247;7.209156;43.06906;nacional
2017-06-26;Portugal Continental;2017;6;2017-06;completo;19012.0;40.0584;7.949564;50.65666;nacional
2017-06-27;Portugal Continental;2017;6;2017-06;completo;17655.0;39.9963;8.32381;51.0047;nacional
2017-06-28;Portugal Continental;2017;6;2017-06;completo;17029.0;40.77285;7.898546;47.36852;nacional
2017-06-29;Portugal Continental;2017;6;2017-06;completo;16082.0;40.40173;8.559131;44.81565;nacional
2017-06-30;Portugal Continental;2017;6;2017-06;completo;15806.0;39.7655;8.872937;45.34319;nacional
2017-07-01;Portugal Continental;2017;7;2017-07;completo;14541.0;39.02458;8.802701;40.07674;nacional
2017-07-02;Portugal Continental;2017;7;2017-07;completo;14662.0;38.91444;8.425685;34.98303;nacional
2017-07-03;Portugal Continental;2017;7;2017-07;completo;18438.0;40.77274;8.299048;49.7674;nacional
2017-07-04;Portugal Continental;2017;7;2017-07;completo;17355.0;39.78159;8.942807;48.64375;nacional
2017-07-05;Portugal Continental;2017;7;2017-07;completo;17306.0;39.30842;9.043893;46.99089;nacional
2017-07-06;Portugal Continental;2017;7;2017-07;completo;16860.0;39.01468;8.504764;49.37334;nacional
2017-07-07;Portugal Continental;2017;7;2017-07;completo;16506.0;38.43838;8.75851;45.08691;nacional
2017-07-08;Portugal Continental;2017;7;2017-07;completo;15852.0;38.98112;8.276912;42.55939;nacional
2017-07-09;Portugal Continental;2017;7;2017-07;completo;15277.0;38.56476;7.785984;39.99225;nacional
2017-07-10;Portugal Continental;2017;7;2017-07;completo;18807.0;41.07036;8.188819;49.47863;nacional
2017-07-11;Portugal Continental;2017;7;2017-07;completo;17623.0;39.2666;8.22883;48.81499;nacional
2017-07-12;Portugal Continental;2017;7;2017-07;completo;17089.0;39.03183;8.777264;49.1432;nacional
2017-07-13;Portugal Continental;2017;7;2017-07;completo;17317.0;40.1535;8.673436;48.7479;nacional
2017-07-14;Portugal Continental;2017;7;2017-07;completo;17121.0;38.97384;8.950597;51.24795;nacional
2017-07-15;Portugal Continental;2017;7;2017-07;completo;15817.0;37.41081;8.219376;40.20636;nacional
2017-07-16;Portugal Continental;2017;7;2017-07;completo;15943.0;39.19361;7.248488;37.74878;nacional
2017-07-17;Portugal Continental;2017;7;2017-07;completo;19639.0;40.24756;7.715565;51.66964;nacional
2017-07-18;Portugal Continental;2017;7;2017-07;completo;18459.0;39.74754;7.759652;54.60128;nacional
2017-07-19;Portugal Continental;2017;7;2017-07;completo;18076.0;39.16302;8.319239;53.85418;nacional
2017-07-20;Portugal Continental;2017;7;2017-07;completo;17540.0;39.45478;8.219711;52.91608;nacional
2017-07-21;Portugal Continental;2017;7;2017-07;completo;17221.0;38.35238;8.558618;46.46875;nacional
2017-07-22;Portugal Continental;2017;7;2017-07;completo;15744.0;38.98423;8.547572;42.02044;nacional
2017-07-23;Portugal Continental;2017;7;2017-07;completo;15283.0;38.60299;7.96925;39.19959;nacional
2017-07-24;Portugal Continental;2017;7;2017-07;completo;19012.0;40.56255;8.259075;51.59134;nacional
2017-07-25;Portugal Continental;2017;7;2017-07;completo;17757.0;40.17857;8.380891;49.11641;nacional
2017-07-26;Portugal Continental;2017;7;2017-07;completo;17241.0;40.07249;8.403809;46.89861;nacional
2017-07-27;Portugal Continental;2017;7;2017-07;completo;17062.0;39.85466;8.424202;48.78153;nacional
2017-07-28;Portugal Continental;2017;7;2017-07;completo;16931.0;39.7816;9.025471;50.11442;nacional
2017-07-29;Portugal Continental;2017;7;2017-07;completo;16116.0;38.12739;8.619906;42.48195;nacional
2017-07-30;Portugal Continental;2017;7;2017-07;completo;15940.0;38.42524;8.201751;38.87133;nacional
2017-07-31;Portugal Continental;2017;7;2017-07;completo;19160.0;41.71099;7.665052;52.24365;nacional
2017-08-01;Portugal Continental;2017;8;2017-08;completo;17568.0;40.14468;8.357032;48.60442;nacional
2017-08-02;Portugal Continental;2017;8;2017-08;completo;17644.0;40.87394;8.323579;46.34009;nacional
2017-08-03;Portugal Continental;2017;8;2017-08;completo;17982.0;38.79659;8.687246;47.06883;nacional
2017-08-04;Portugal Continental;2017;8;2017-08;completo;17033.0;38.72101;8.827476;47.22392;nacional
2017-08-05;Portugal Continental;2017;8;2017-08;completo;16085.0;38.53005;8.67148;41.45515;nacional
2017-08-06;Portugal Continental;2017;8;2017-08;completo;15489.0;38.58435;7.904961;35.77707;nacional
2017-08-07;Portugal Continental;2017;8;2017-08;completo;19785.0;41.35654;7.758271;49.81825;nacional
2017-08-08;Portugal Continental;2017;8;2017-08;completo;17970.0;40.31041;8.522046;48.84872;nacional
2017-08-09;Portugal Continental;2017;8;2017-08;completo;17504.0;39.9627;8.534163;45.62228;nacional
2017-08-10;Portugal Continental;2017;8;2017-08;completo;17349.0;40.29926;8.704642;46.35734;nacional
2017-08-11;Portugal Continental;2017;8;2017-08;completo;17075.0;38.9571;8.739174;49.13356;nacional
2017-08-12;Portugal Continental;2017;8;2017-08;completo;16169.0;38.42008;8.914876;42.22252;nacional
2017-08-13;Portugal Continental;2017;8;2017-08;completo;15718.0;37.94543;8.690605;36.7021;nacional
2017-08-14;Portugal Continental;2017;8;2017-08;completo;19188.0;40.36874;8.217072;53.68515;nacional
2017-08-15;Portugal Continental;2017;8;2017-08;completo;16407.0;39.57561;8.44542;43.15171;nacional
2017-08-16;Portugal Continental;2017;8;2017-08;completo;18412.0;41.0046;7.966378;57.88768;nacional
2017-08-17;Portugal Continental;2017;8;2017-08;completo;17886.0;40.47095;9.076245;54.90827;nacional
2017-08-18;Portugal Continental;2017;8;2017-08;completo;17545.0;40.75717;8.918129;47.93279;nacional
2017-08-19;Portugal Continental;2017;8;2017-08;completo;15751.0;38.86519;9.06439;42.31086;nacional
2017-08-20;Portugal Continental;2017;8;2017-08;completo;15203.0;39.53472;9.145782;41.04593;nacional
2017-08-21;Portugal Continental;2017;8;2017-08;completo;19094.0;41.54595;8.712121;58.27287;nacional
2017-08-22;Portugal Continental;2017;8;2017-08;completo;17869.0;40.11044;8.607042;54.34032;nacional
2017-08-23;Portugal Continental;2017;8;2017-08;completo;17208.0;40.01368;9.537312;51.27416;nacional
2017-08-24;Portugal Continental;2017;8;2017-08;completo;17149.0;40.30092;9.134333;49.6442;nacional
2017-08-25;Portugal Continental;2017;8;2017-08;completo;16733.0;40.29492;9.102452;49.4561;nacional
2017-08-26;Portugal Continental;2017;8;2017-08;completo;15767.0;38.12053;9.273437;42.84041;nacional
2017-08-27;Portugal Continental;2017;8;2017-08;completo;14843.0;39.68666;8.911893;37.67097;nacional
2017-08-28;Portugal Continental;2017;8;2017-08;completo;18120.0;41.67059;8.717248;51.33716;nacional
2017-08-29;Portugal Continental;2017;8;2017-08;completo;16782.0;40.79106;9.347537;51.86367;nacional
2017-08-30;Portugal Continental;2017;8;2017-08;completo;16338.0;40.71317;8.876637;46.55524;nacional
2017-08-31;Portugal Continental;2017;8;2017-08;completo;15587.0;39.55643;9.154566;46.7387;nacional
2017-09-01;Portugal Continental;2017;9;2017-09;completo;15568.0;39.17041;9.787144;45.16508;nacional
2017-09-02;Portugal Continental;2017;9;2017-09;completo;14366.0;38.08746;9.436017;42.72142;nacional
2017-09-03;Portugal Continental;2017;9;2017-09;completo;14165.0;38.67797;8.836501;38.65675;nacional
2017-09-04;Portugal Continental;2017;9;2017-09;completo;17684.0;40.07703;9.171804;54.26646;nacional
2017-09-05;Portugal Continental;2017;9;2017-09;completo;16434.0;39.86028;8.875302;55.82471;nacional
2017-09-06;Portugal Continental;2017;9;2017-09;completo;16345.0;39.34245;9.436928;51.91613;nacional
2017-09-07;Portugal Continental;2017;9;2017-09;completo;16351.0;39.58727;8.839704;51.57991;nacional
2017-09-08;Portugal Continental;2017;9;2017-09;completo;15783.0;40.85044;9.978355;47.2366;nacional
2017-09-09;Portugal Continental;2017;9;2017-09;completo;14705.0;38.69287;9.438131;43.05971;nacional
2017-09-10;Portugal Continental;2017;9;2017-09;completo;14649.0;38.31033;8.930143;37.16231;nacional
2017-09-11;Portugal Continental;2017;9;2017-09;completo;17461.0;40.5453;9.023659;48.56086;nacional
2017-09-12;Portugal Continental;2017;9;2017-09;completo;16118.0;40.81807;9.174438;47.7176;nacional
2017-09-13;Portugal Continental;2017;9;2017-09;completo;16258.0;39.80742;9.417773;43.04946;nacional
2017-09-14;Portugal Continental;2017;9;2017-09;completo;15966.0;40.00663;8.895855;47.60084;nacional
2017-09-15;Portugal Continental;2017;9;2017-09;completo;15932.0;40.09855;9.49857;45.1983;nacional
2017-09-16;Portugal Continental;2017;9;2017-09;completo;14633.0;38.66512;8.828718;40.01519;nacional
2017-09-17;Portugal Continental;2017;9;2017-09;completo;14472.0;37.57682;8.731596;36.79229;nacional
2017-09-18;Portugal Continental;2017;9;2017-09;completo;18184.0;39.85296;8.48206;50.36781;nacional
2017-09-19;Portugal Continental;2017;9;2017-09;completo;17413.0;40.01836;9.299501;52.57205;nacional
2017-09-20;Portugal Continental;2017;9;2017-09;completo;17790.0;41.05338;8.746914;52.58603;nacional
2017-09-21;Portugal Continental;2017;9;2017-09;completo;17619.0;39.95192;8.711609;51.95833;nacional
2017-09-22;Portugal Continental;2017;9;2017-09;completo;17942.0;39.14154;8.916508;55.19783;nacional
2017-09-23;Portugal Continental;2017;9;2017-09;completo;16091.0;37.85247;8.828417;45.49051;nacional
2017-09-24;Portugal Continental;2017;9;2017-09;completo;16193.0;39.50173;8.805508;45.30177;nacional
2017-09-25;Portugal Continental;2017;9;2017-09;completo;20395.0;41.61018;7.874016;54.17846;nacional
2017-09-26;Portugal Continental;2017;9;2017-09;completo;18768.0;40.77615;8.619053;56.18705;nacional
2017-09-27;Portugal Continental;2017;9;2017-09;completo;18660.0;40.01254;8.508242;52.28277;nacional
2017-09-28;Portugal Continental;2017;9;2017-09;completo;18545.0;40.54918;8.754957;52.64413;nacional
2017-09-29;Portugal Continental;2017;9;2017-09;completo;17922.0;39.33357;8.762603;55.78135;nacional
2017-09-30;Portugal Continental;2017;9;2017-09;completo;16620.0;39.62812;8.631682;48.49634;nacional
2017-10-01;Portugal Continental;2017;10;2017-10;completo;15933.0;37.80235;8.35693;45.98756;nacional
2017-10-02;Portugal Continental;2017;10;2017-10;completo;20924.0;40.92245;7.810284;64.79668;nacional
2017-10-03;Portugal Continental;2017;10;2017-10;completo;20227.0;39.4669;8.191553;68.08693;nacional
2017-10-04;Portugal Continental;2017;10;2017-10;completo;18744.0;39.12945;8.938581;58.29547;nacional
2017-10-05;Portugal Continental;2017;10;2017-10;completo;16934.0;40.2902;8.749086;53.31286;nacional
2017-10-06;Portugal Continental;2017;10;2017-10;completo;19523.0;39.27288;8.036546;56.0616;nacional
2017-10-07;Portugal Continental;2017;10;2017-10;completo;16749.0;38.94503;8.477752;56.11978;nacional
2017-10-08;Portugal Continental;2017;10;2017-10;completo;16563.0;38.45857;7.606791;44.31598;nacional
2017-10-09;Portugal Continental;2017;10;2017-10;completo;20365.0;41.03547;7.769032;59.85572;nacional
2017-10-10;Portugal Continental;2017;10;2017-10;completo;18984.0;40.12156;7.640633;61.97232;nacional
2017-10-11;Portugal Continental;2017;10;2017-10;completo;18889.0;39.89148;8.275419;55.83777;nacional
2017-10-12;Portugal Continental;2017;10;2017-10;completo;19045.0;39.05075;8.356899;58.09024;nacional
2017-10-13;Portugal Continental;2017;10;2017-10;completo;18118.0;39.57084;8.676552;56.48549;nacional
2017-10-14;Portugal Continental;2017;10;2017-10;completo;16810.0;38.82703;8.737347;47.93939;nacional
2017-10-15;Portugal Continental;2017;10;2017-10;completo;16912.0;38.75133;7.868374;49.27275;nacional
2017-10-16;Portugal Continental;2017;10;2017-10;completo;21437.0;39.02067;7.83966;57.35667;nacional
2017-10-17;Portugal Continental;2017;10;2017-10;completo;18094.0;41.10746;8.502224;57.46629;nacional
2017-10-18;Portugal Continental;2017;10;2017-10;completo;18026.0;39.14266;8.916849;54.01367;nacional
2017-10-19;Portugal Continental;2017;10;2017-10;completo;17868.0;40.0083;9.138051;53.94175;nacional
2017-10-20;Portugal Continental;2017;10;2017-10;completo;17598.0;38.6893;9.445209;53.10015;nacional
2017-10-21;Portugal Continental;2017;10;2017-10;completo;15802.0;39.02793;8.83505;46.54118;nacional
2017-10-22;Portugal Continental;2017;10;2017-10;completo;15557.0;38.88574;8.343859;43.50959;nacional
2017-10-23;Portugal Continental;2017;10;2017-10;completo;19856.0;41.03113;7.607791;52.47699;nacional
2017-10-24;Portugal Continental;2017;10;2017-10;completo;18858.0;40.57996;9.193692;59.84975;nacional
2017-10-25;Portugal Continental;2017;10;2017-10;completo;18510.0;39.24961;8.413404;56.82381;nacional
2017-10-26;Portugal Continental;2017;10;2017-10;completo;18182.0;39.42207;8.609674;56.71127;nacional
2017-10-27;Portugal Continental;2017;10;2017-10;completo;16910.0;39.29444;9.517121;51.4707;nacional
2017-10-28;Portugal Continental;2017;10;2017-10;completo;16679.0;38.78354;8.685383;48.81692;nacional
2017-10-29;Portugal Continental;2017;10;2017-10;completo;17274.0;38.66132;7.548027;47.44104;nacional
2017-10-30;Portugal Continental;2017;10;2017-10;completo;20254.0;39.81311;7.727347;59.66228;nacional
2017-10-31;Portugal Continental;2017;10;2017-10;completo;18240.0;39.10083;8.764482;58.20696;nacional
2017-11-01;Portugal Continental;2017;11;2017-11;completo;16468.0;40.38981;8.714978;49.12566;nacional
2017-11-02;Portugal Continental;2017;11;2017-11;completo;18893.0;40.44768;8.233385;58.55835;nacional
2017-11-03;Portugal Continental;2017;11;2017-11;completo;17994.0;39.47616;8.470704;58.78282;nacional
2017-11-04;Portugal Continental;2017;11;2017-11;completo;15792.0;38.97216;9.374783;44.63618;nacional
2017-11-05;Portugal Continental;2017;11;2017-11;completo;15282.0;39.94021;8.063592;41.61781;nacional
2017-11-06;Portugal Continental;2017;11;2017-11;completo;19798.0;40.41401;8.057863;55.75552;nacional
2017-11-07;Portugal Continental;2017;11;2017-11;completo;18358.0;39.10791;9.097964;53.43906;nacional
2017-11-08;Portugal Continental;2017;11;2017-11;completo;17492.0;39.16583;9.633305;51.14845;nacional
2017-11-09;Portugal Continental;2017;11;2017-11;completo;17692.0;40.3782;8.226155;49.73794;nacional
2017-11-10;Portugal Continental;2017;11;2017-11;completo;17518.0;39.00491;8.485623;57.42487;nacional
2017-11-11;Portugal Continental;2017;11;2017-11;completo;15525.0;37.38518;9.045006;43.57508;nacional
2017-11-12;Portugal Continental;2017;11;2017-11;completo;15804.0;37.39788;7.894355;44.40111;nacional
2017-11-13;Portugal Continental;2017;11;2017-11;completo;20398.0;40.02109;7.651296;59.3393;nacional
2017-11-14;Portugal Continental;2017;11;2017-11;completo;19072.0;39.95957;8.72495;62.38618;nacional
2017-11-15;Portugal Continental;2017;11;2017-11;completo;17818.0;39.65084;8.47703;52.36362;nacional
2017-11-16;Portugal Continental;2017;11;2017-11;completo;18159.0;38.90652;8.35694;53.83128;nacional
2017-11-17;Portugal Continental;2017;11;2017-11;completo;18065.0;37.85291;8.84808;57.21685;nacional
2017-11-18;Portugal Continental;2017;11;2017-11;completo;16394.0;36.46621;8.547707;48.20277;nacional
2017-11-19;Portugal Continental;2017;11;2017-11;completo;16146.0;37.83997;7.823995;47.0788;nacional
2017-11-20;Portugal Continental;2017;11;2017-11;completo;20763.0;40.23757;7.40701;63.08568;nacional
2017-11-21;Portugal Continental;2017;11;2017-11;completo;19742.0;39.7502;8.024796;65.75517;nacional
2017-11-22;Portugal Continental;2017;11;2017-11;completo;18720.0;37.92056;8.538706;59.16769;nacional
2017-11-23;Portugal Continental;2017;11;2017-11;completo;18573.0;39.42677;8.336885;59.18266;nacional
2017-11-24;Portugal Continental;2017;11;2017-11;completo;18070.0;38.06073;8.945987;64.40969;nacional
2017-11-25;Portugal Continental;2017;11;2017-11;completo;16650.0;37.55487;8.28268;53.33753;nacional
2017-11-26;Portugal Continental;2017;11;2017-11;completo;16412.0;37.77427;7.553366;48.16674;nacional
2017-11-27;Portugal Continental;2017;11;2017-11;completo;20520.0;39.82761;7.180704;57.61528;nacional
2017-11-28;Portugal Continental;2017;11;2017-11;completo;18830.0;39.41257;7.947256;59.36635;nacional
2017-11-29;Portugal Continental;2017;11;2017-11;completo;18184.0;38.95722;8.574754;60.42522;nacional
2017-11-30;Portugal Continental;2017;11;2017-11;completo;17338.0;39.39375;9.292384;56.24165;nacional
2017-12-01;Portugal Continental;2017;12;2017-12;completo;15342.0;39.17245;9.024317;48.78799;nacional
2017-12-02;Portugal Continental;2017;12;2017-12;completo;15710.0;37.78399;8.707781;47.22179;nacional
2017-12-03;Portugal Continental;2017;12;2017-12;completo;15503.0;38.2947;8.116118;49.60069;nacional
2017-12-04;Portugal Continental;2017;12;2017-12;completo;19251.0;40.02885;7.433567;62.29703;nacional
2017-12-05;Portugal Continental;2017;12;2017-12;completo;17932.0;39.85533;8.167881;62.29232;nacional
2017-12-06;Portugal Continental;2017;12;2017-12;completo;17773.0;37.99493;8.710407;57.45504;nacional
2017-12-07;Portugal Continental;2017;12;2017-12;completo;17394.0;38.76537;9.336528;62.52001;nacional
2017-12-08;Portugal Continental;2017;12;2017-12;completo;16587.0;38.99312;9.593496;55.47361;nacional
2017-12-09;Portugal Continental;2017;12;2017-12;completo;17096.0;37.63127;8.406438;60.55268;nacional
2017-12-10;Portugal Continental;2017;12;2017-12;completo;15978.0;38.3977;8.116838;54.04185;nacional
2017-12-11;Portugal Continental;2017;12;2017-12;completo;19314.0;39.17015;7.752481;61.37911;nacional
2017-12-12;Portugal Continental;2017;12;2017-12;completo;19389.0;39.3779;8.45997;67.65429;nacional
2017-12-13;Portugal Continental;2017;12;2017-12;completo;18942.0;40.02036;8.341205;63.17129;nacional
2017-12-14;Portugal Continental;2017;12;2017-12;completo;18107.0;38.9595;8.462771;56.47729;nacional
2017-12-15;Portugal Continental;2017;12;2017-12;completo;17693.0;38.1737;9.297428;60.66099;nacional
2017-12-16;Portugal Continental;2017;12;2017-12;completo;16156.0;38.65842;9.612596;53.59764;nacional
2017-12-17;Portugal Continental;2017;12;2017-12;completo;16332.0;38.94832;8.36155;51.67664;nacional
2017-12-18;Portugal Continental;2017;12;2017-12;completo;19324.0;41.26871;8.464419;62.47533;nacional
2017-12-19;Portugal Continental;2017;12;2017-12;completo;19040.0;39.03156;8.879159;66.37045;nacional
2017-12-20;Portugal Continental;2017;12;2017-12;completo;18789.0;40.04953;8.849505;62.4465;nacional
2017-12-21;Portugal Continental;2017;12;2017-12;completo;18037.0;39.20578;9.383328;58.75108;nacional
2017-12-22;Portugal Continental;2017;12;2017-12;completo;17951.0;39.24148;8.850451;63.33263;nacional
2017-12-23;Portugal Continental;2017;12;2017-12;completo;17534.0;37.89322;9.439586;65.92811;nacional
2017-12-24;Portugal Continental;2017;12;2017-12;completo;14801.0;36.06965;9.358634;55.46826;nacional
2017-12-25;Portugal Continental;2017;12;2017-12;completo;16076.0;36.88226;9.774383;54.49993;nacional
2017-12-26;Portugal Continental;2017;12;2017-12;completo;22787.0;41.72114;8.122503;94.85225;nacional
2017-12-27;Portugal Continental;2017;12;2017-12;completo;22494.0;39.60718;8.804321;97.09371;nacional
2017-12-28;Portugal Continental;2017;12;2017-12;completo;22115.0;40.08522;8.031925;93.79139;nacional
2017-12-29;Portugal Continental;2017;12;2017-12;completo;21369.0;39.39348;8.827755;97.96091;nacional
2017-12-30;Portugal Continental;2017;12;2017-12;completo;20023.0;39.62881;8.90969;87.6017;nacional
2017-12-31;Portugal Continental;2017;12;2017-12;completo;15651.0;37.90467;9.161572;70.67012;nacional
2018-01-01;Portugal Continental;2018;1;2018-01;completo;15740.0;37.37333;9.445992;60.05928;nacional
2018-01-02;Portugal Continental;2018;1;2018-01;completo;20982.0;40.5537;9.02533;89.391;nacional
2018-01-03;Portugal Continental;2018;1;2018-01;completo;21464.0;40.03167;9.583241;98.47736;nacional
2018-01-04;Portugal Continental;2018;1;2018-01;completo;20823.0;39.63253;8.440183;90.11807;nacional
2018-01-05;Portugal Continental;2018;1;2018-01;completo;18210.0;38.90644;10.17646;78.45845;nacional
2018-01-06;Portugal Continental;2018;1;2018-01;completo;15744.0;37.89546;10.62296;56.25648;nacional
2018-01-07;Portugal Continental;2018;1;2018-01;completo;15044.0;37.94665;8.788986;49.44561;nacional
2018-01-08;Portugal Continental;2018;1;2018-01;completo;19392.0;40.2459;9.044035;62.3387;nacional
2018-01-09;Portugal Continental;2018;1;2018-01;completo;17713.0;39.93201;10.21575;55.8863;nacional
2018-01-10;Portugal Continental;2018;1;2018-01;completo;17598.0;38.58921;9.537953;54.02317;nacional
2018-01-11;Portugal Continental;2018;1;2018-01;completo;17771.0;40.29531;9.716625;53.11378;nacional
2018-01-12;Portugal Continental;2018;1;2018-01;completo;17566.0;39.09835;9.992881;54.84634;nacional
2018-01-13;Portugal Continental;2018;1;2018-01;completo;15656.0;38.53979;10.64815;46.81214;nacional
2018-01-14;Portugal Continental;2018;1;2018-01;completo;15730.0;37.80563;9.430052;49.01188;nacional
2018-01-15;Portugal Continental;2018;1;2018-01;completo;20305.0;40.156;8.520332;65.63457;nacional
2018-01-16;Portugal Continental;2018;1;2018-01;completo;20117.0;40.02429;8.983081;70.34105;nacional
2018-01-17;Portugal Continental;2018;1;2018-01;completo;19658.0;40.65009;8.842265;64.19572;nacional
2018-01-18;Portugal Continental;2018;1;2018-01;completo;19656.0;39.69636;9.107615;63.83112;nacional
2018-01-19;Portugal Continental;2018;1;2018-01;completo;18963.0;39.16931;9.19758;62.33566;nacional
2018-01-20;Portugal Continental;2018;1;2018-01;completo;18077.0;38.74342;9.561477;59.41424;nacional
2018-01-21;Portugal Continental;2018;1;2018-01;completo;16746.0;37.97711;8.317412;55.38704;nacional
2018-01-22;Portugal Continental;2018;1;2018-01;completo;21782.0;41.48429;7.233283;68.25774;nacional
2018-01-23;Portugal Continental;2018;1;2018-01;completo;20187.0;40.75235;8.799292;68.21408;nacional
2018-01-24;Portugal Continental;2018;1;2018-01;completo;19151.0;40.72447;8.657905;63.54141;nacional
2018-01-25;Portugal Continental;2018;1;2018-01;completo;18663.0;40.1006;9.152127;57.96349;nacional
2018-01-26;Portugal Continental;2018;1;2018-01;completo;18109.0;39.53923;9.533248;57.3354;nacional
2018-01-27;Portugal Continental;2018;1;2018-01;completo;16359.0;39.23581;9.253074;51.22653;nacional
2018-01-28;Portugal Continental;2018;1;2018-01;completo;16652.0;39.27586;8.519214;53.1958;nacional
2018-01-29;Portugal Continental;2018;1;2018-01;completo;21341.0;40.72144;8.259432;65.8562;nacional
2018-01-30;Portugal Continental;2018;1;2018-01;completo;20216.0;39.25895;9.127311;68.78613;nacional
2018-01-31;Portugal Continental;2018;1;2018-01;completo;19824.0;40.40823;8.62658;66.42509;nacional
2018-02-01;Portugal Continental;2018;2;2018-02;completo;19470.0;40.74459;8.510022;64.99399;nacional
2018-02-02;Portugal Continental;2018;2;2018-02;completo;19069.0;40.48919;9.232739;67.46906;nacional
2018-02-03;Portugal Continental;2018;2;2018-02;completo;16690.0;39.88528;9.844771;55.52787;nacional
2018-02-04;Portugal Continental;2018;2;2018-02;completo;16670.0;38.73714;8.162988;56.41235;nacional
2018-02-05;Portugal Continental;2018;2;2018-02;completo;20470.0;40.47982;8.001523;68.68098;nacional
2018-02-06;Portugal Continental;2018;2;2018-02;completo;19246.0;40.05091;9.258398;63.57277;nacional
2018-02-07;Portugal Continental;2018;2;2018-02;completo;18391.0;40.40247;8.986604;56.18317;nacional
2018-02-08;Portugal Continental;2018;2;2018-02;completo;17820.0;39.14183;9.810919;54.75956;nacional
2018-02-09;Portugal Continental;2018;2;2018-02;completo;18020.0;39.04032;9.846625;61.34871;nacional
2018-02-10;Portugal Continental;2018;2;2018-02;completo;16921.0;39.07721;9.657363;62.66185;nacional
2018-02-11;Portugal Continental;2018;2;2018-02;completo;16592.0;39.09711;8.633044;58.89976;nacional
2018-02-12;Portugal Continental;2018;2;2018-02;completo;20162.0;40.02533;9.276479;69.92728;nacional
2018-02-13;Portugal Continental;2018;2;2018-02;completo;17640.0;39.83342;9.004435;61.93121;nacional
2018-02-14;Portugal Continental;2018;2;2018-02;completo;18634.0;40.1212;9.012876;62.50777;nacional
2018-02-15;Portugal Continental;2018;2;2018-02;completo;19884.0;40.53402;9.291187;70.51547;nacional
2018-02-16;Portugal Continental;2018;2;2018-02;completo;19988.0;38.15993;8.966052;73.91306;nacional
2018-02-17;Portugal Continental;2018;2;2018-02;completo;17761.0;38.72391;9.282595;68.67216;nacional
2018-02-18;Portugal Continental;2018;2;2018-02;completo;17051.0;38.79155;7.892095;57.3374;nacional
2018-02-19;Portugal Continental;2018;2;2018-02;completo;21536.0;41.32925;8.089653;74.39045;nacional
2018-02-20;Portugal Continental;2018;2;2018-02;completo;20325.0;40.87434;8.977954;73.90131;nacional
2018-02-21;Portugal Continental;2018;2;2018-02;completo;19534.0;39.00867;8.35446;66.36836;nacional
2018-02-22;Portugal Continental;2018;2;2018-02;completo;19132.0;39.93206;8.839844;64.18429;nacional
2018-02-23;Portugal Continental;2018;2;2018-02;completo;18982.0;39.0035;9.282652;71.00282;nacional
2018-02-24;Portugal Continental;2018;2;2018-02;completo;17448.0;38.35658;8.873698;60.50082;nacional
2018-02-25;Portugal Continental;2018;2;2018-02;completo;16787.0;39.87494;8.099433;54.78435;nacional
2018-02-26;Portugal Continental;2018;2;2018-02;completo;21140.0;40.09467;7.97365;66.31156;nacional
2018-02-27;Portugal Continental;2018;2;2018-02;completo;18772.0;41.31658;9.273856;66.74102;nacional
2018-02-28;Portugal Continental;2018;2;2018-02;completo;17503.0;39.63226;10.50016;58.36636;nacional
2018-03-01;Portugal Continental;2018;3;2018-03;completo;18241.0;39.38384;8.867416;60.61869;nacional
2018-03-02;Portugal Continental;2018;3;2018-03;completo;17553.0;38.65536;9.833899;63.3073;nacional
2018-03-03;Portugal Continental;2018;3;2018-03;completo;15913.0;38.81131;9.460494;55.64786;nacional
2018-03-04;Portugal Continental;2018;3;2018-03;completo;16112.0;40.55559;8.374904;49.64507;nacional
2018-03-05;Portugal Continental;2018;3;2018-03;completo;20441.0;41.21253;8.295109;58.71299;nacional
2018-03-06;Portugal Continental;2018;3;2018-03;completo;18609.0;39.41389;9.358959;63.67652;nacional
2018-03-07;Portugal Continental;2018;3;2018-03;completo;18189.0;39.77923;8.852259;57.7283;nacional
2018-03-08;Portugal Continental;2018;3;2018-03;completo;17753.0;39.43611;8.894035;56.23731;nacional
2018-03-09;Portugal Continental;2018;3;2018-03;completo;17073.0;37.73784;10.42185;50.42036;nacional
2018-03-10;Portugal Continental;2018;3;2018-03;completo;15474.0;38.80607;9.599524;43.92934;nacional
2018-03-11;Portugal Continental;2018;3;2018-03;completo;15117.0;39.3021;8.686283;37.93427;nacional
2018-03-12;Portugal Continental;2018;3;2018-03;completo;19530.0;40.15537;8.435923;59.60925;nacional
2018-03-13;Portugal Continental;2018;3;2018-03;completo;19414.0;40.4909;8.845844;61.95823;nacional
2018-03-14;Portugal Continental;2018;3;2018-03;completo;17556.0;40.55207;9.509573;53.81934;nacional
2018-03-15;Portugal Continental;2018;3;2018-03;completo;17282.0;39.55384;9.368039;50.40367;nacional
2018-03-16;Portugal Continental;2018;3;2018-03;completo;17027.0;38.64668;9.581814;52.62592;nacional
2018-03-17;Portugal Continental;2018;3;2018-03;completo;15865.0;39.43205;10.44125;51.95284;nacional
2018-03-18;Portugal Continental;2018;3;2018-03;completo;15852.0;40.1968;8.249785;43.68432;nacional
2018-03-19;Portugal Continental;2018;3;2018-03;completo;18591.0;41.85873;8.723043;51.45602;nacional
2018-03-20;Portugal Continental;2018;3;2018-03;completo;17823.0;40.49715;9.283014;56.49563;nacional
2018-03-21;Portugal Continental;2018;3;2018-03;completo;17390.0;39.40799;9.378649;49.97307;nacional
2018-03-22;Portugal Continental;2018;3;2018-03;completo;17191.0;39.60329;9.654761;47.98906;nacional
2018-03-23;Portugal Continental;2018;3;2018-03;completo;16447.0;39.98585;9.566578;47.51056;nacional
2018-03-24;Portugal Continental;2018;3;2018-03;completo;15368.0;38.57652;10.02026;40.72917;nacional
2018-03-25;Portugal Continental;2018;3;2018-03;completo;14767.0;39.01847;9.243503;39.75085;nacional
2018-03-26;Portugal Continental;2018;3;2018-03;completo;18042.0;40.82485;8.789833;48.4019;nacional
2018-03-27;Portugal Continental;2018;3;2018-03;completo;17152.0;40.18581;9.44815;55.66764;nacional
2018-03-28;Portugal Continental;2018;3;2018-03;completo;17071.0;39.63087;9.789075;53.92262;nacional
2018-03-29;Portugal Continental;2018;3;2018-03;completo;15723.0;40.09431;10.89748;46.58143;nacional
2018-03-30;Portugal Continental;2018;3;2018-03;completo;15513.0;40.29113;9.80662;45.82973;nacional
2018-03-31;Portugal Continental;2018;3;2018-03;completo;15446.0;40.03422;8.939338;41.07838;nacional
2018-04-01;Portugal Continental;2018;4;2018-04;completo;14025.0;37.46017;9.491059;39.29604;nacional
2018-04-02;Portugal Continental;2018;4;2018-04;completo;18297.0;40.40051;9.041368;62.98693;nacional
2018-04-03;Portugal Continental;2018;4;2018-04;completo;16894.0;40.99335;9.75723;62.64854;nacional
2018-04-04;Portugal Continental;2018;4;2018-04;completo;16713.0;40.87239;9.687915;57.69046;nacional
2018-04-05;Portugal Continental;2018;4;2018-04;completo;16551.0;39.00597;9.833981;57.41632;nacional
2018-04-06;Portugal Continental;2018;4;2018-04;completo;16232.0;38.03834;10.51851;53.44822;nacional
2018-04-07;Portugal Continental;2018;4;2018-04;completo;15207.0;39.26589;9.808756;47.33876;nacional
2018-04-08;Portugal Continental;2018;4;2018-04;completo;14775.0;39.6178;8.702508;47.05973;nacional
2018-04-09;Portugal Continental;2018;4;2018-04;completo;18340.0;41.32955;9.384436;51.23151;nacional
2018-04-10;Portugal Continental;2018;4;2018-04;completo;17100.0;40.24048;9.615261;59.22854;nacional
2018-04-11;Portugal Continental;2018;4;2018-04;completo;16793.0;39.42922;9.563272;51.55824;nacional
2018-04-12;Portugal Continental;2018;4;2018-04;completo;16648.0;40.2837;9.15954;47.83758;nacional
2018-04-13;Portugal Continental;2018;4;2018-04;completo;16612.0;38.68334;9.583278;53.12759;nacional
2018-04-14;Portugal Continental;2018;4;2018-04;completo;15791.0;38.23784;9.477469;48.60097;nacional
2018-04-15;Portugal Continental;2018;4;2018-04;completo;14935.0;39.11513;8.574713;37.18374;nacional
2018-04-16;Portugal Continental;2018;4;2018-04;completo;19265.0;41.11289;8.411379;58.50179;nacional
2018-04-17;Portugal Continental;2018;4;2018-04;completo;18483.0;39.37256;8.572635;61.32516;nacional
2018-04-18;Portugal Continental;2018;4;2018-04;completo;18005.0;39.25708;9.448672;53.87421;nacional
2018-04-19;Portugal Continental;2018;4;2018-04;completo;17716.0;39.61008;9.225207;58.11673;nacional
2018-04-20;Portugal Continental;2018;4;2018-04;completo;17825.0;38.68322;9.272055;61.1175;nacional
2018-04-21;Portugal Continental;2018;4;2018-04;completo;15880.0;38.70133;9.461967;51.85896;nacional
2018-04-22;Portugal Continental;2018;4;2018-04;completo;16240.0;40.36602;8.454589;45.67407;nacional
2018-04-23;Portugal Continental;2018;4;2018-04;completo;20170.0;41.49161;8.470201;55.8615;nacional
2018-04-24;Portugal Continental;2018;4;2018-04;completo;19146.0;39.80411;8.962564;62.7762;nacional
2018-04-25;Portugal Continental;2018;4;2018-04;completo;17059.0;40.49254;8.588957;49.10152;nacional
2018-04-26;Portugal Continental;2018;4;2018-04;completo;19586.0;40.64206;8.45534;53.32376;nacional
2018-04-27;Portugal Continental;2018;4;2018-04;completo;19170.0;40.57771;8.715836;57.84158;nacional
2018-04-28;Portugal Continental;2018;4;2018-04;completo;16628.0;39.97727;9.630796;47.63395;nacional
2018-04-29;Portugal Continental;2018;4;2018-04;completo;16044.0;39.62785;8.580027;40.81205;nacional
2018-04-30;Portugal Continental;2018;4;2018-04;completo;18991.0;42.58969;8.752284;53.58319;nacional
2018-05-01;Portugal Continental;2018;5;2018-05;completo;15622.0;41.05983;9.039711;47.31683;nacional
2018-05-02;Portugal Continental;2018;5;2018-05;completo;18369.0;42.41445;8.346409;54.30332;nacional
2018-05-03;Portugal Continental;2018;5;2018-05;completo;17486.0;40.48716;9.324965;51.94399;nacional
2018-05-04;Portugal Continental;2018;5;2018-05;completo;17189.0;40.56604;9.858331;54.68855;nacional
2018-05-05;Portugal Continental;2018;5;2018-05;completo;15541.0;39.46404;9.074283;45.37053;nacional
2018-05-06;Portugal Continental;2018;5;2018-05;completo;14981.0;39.7323;8.544113;38.96551;nacional
2018-05-07;Portugal Continental;2018;5;2018-05;completo;19921.0;40.86818;8.055448;56.7443;nacional
2018-05-08;Portugal Continental;2018;5;2018-05;completo;18900.0;40.76559;8.424482;57.72837;nacional
2018-05-09;Portugal Continental;2018;5;2018-05;completo;17965.0;41.1709;8.424366;49.44455;nacional
2018-05-10;Portugal Continental;2018;5;2018-05;completo;17620.0;40.96596;8.8625;46.11045;nacional
2018-05-11;Portugal Continental;2018;5;2018-05;completo;18077.0;41.36147;8.664371;52.29505;nacional
2018-05-12;Portugal Continental;2018;5;2018-05;completo;15566.0;39.95649;8.912179;44.32127;nacional
2018-05-13;Portugal Continental;2018;5;2018-05;completo;15029.0;41.25825;8.544859;41.11334;nacional
2018-05-14;Portugal Continental;2018;5;2018-05;completo;19859.0;42.9191;7.553557;53.8485;nacional
2018-05-15;Portugal Continental;2018;5;2018-05;completo;18489.0;40.77379;8.855935;58.85484;nacional
2018-05-16;Portugal Continental;2018;5;2018-05;completo;18585.0;40.9852;8.345204;51.58593;nacional
2018-05-17;Portugal Continental;2018;5;2018-05;completo;18326.0;41.08721;8.543901;50.03245;nacional
2018-05-18;Portugal Continental;2018;5;2018-05;completo;17971.0;39.95524;9.191925;53.01926;nacional
2018-05-19;Portugal Continental;2018;5;2018-05;completo;15860.0;38.14694;9.333616;44.13153;nacional
2018-05-20;Portugal Continental;2018;5;2018-05;completo;16264.0;39.11261;8.389053;48.30305;nacional
2018-05-21;Portugal Continental;2018;5;2018-05;completo;20085.0;41.3868;7.324701;57.75935;nacional
2018-05-22;Portugal Continental;2018;5;2018-05;completo;18955.0;41.49531;8.497039;56.24805;nacional
2018-05-23;Portugal Continental;2018;5;2018-05;completo;18504.0;41.63174;8.754069;51.11308;nacional
2018-05-24;Portugal Continental;2018;5;2018-05;completo;17878.0;41.81829;8.821156;49.44241;nacional
2018-05-25;Portugal Continental;2018;5;2018-05;completo;17274.0;40.30549;8.446406;48.61126;nacional
2018-05-26;Portugal Continental;2018;5;2018-05;completo;15712.0;38.58268;9.332459;46.13109;nacional
2018-05-27;Portugal Continental;2018;5;2018-05;completo;15761.0;41.03204;7.843975;44.94917;nacional
2018-05-28;Portugal Continental;2018;5;2018-05;completo;19905.0;41.9075;7.068995;52.88599;nacional
2018-05-29;Portugal Continental;2018;5;2018-05;completo;19446.0;42.2601;7.997416;57.81541;nacional
2018-05-30;Portugal Continental;2018;5;2018-05;completo;17630.0;41.49103;8.814436;49.31343;nacional
2018-05-31;Portugal Continental;2018;5;2018-05;completo;15606.0;40.64427;8.172482;43.33634;nacional
2018-06-01;Portugal Continental;2018;6;2018-06;completo;17407.0;41.4555;8.616426;53.58299;nacional
2018-06-02;Portugal Continental;2018;6;2018-06;completo;15232.0;39.62408;9.057017;44.62326;nacional
2018-06-03;Portugal Continental;2018;6;2018-06;completo;15148.0;40.71279;8.306614;37.93443;nacional
2018-06-04;Portugal Continental;2018;6;2018-06;completo;19141.0;43.75208;8.237893;51.39047;nacional
2018-06-05;Portugal Continental;2018;6;2018-06;completo;17612.0;42.18353;9.040787;53.29571;nacional
2018-06-06;Portugal Continental;2018;6;2018-06;completo;17679.0;41.70077;8.996121;49.03165;nacional
2018-06-07;Portugal Continental;2018;6;2018-06;completo;17052.0;41.6117;8.956391;44.58566;nacional
2018-06-08;Portugal Continental;2018;6;2018-06;completo;16420.0;40.06327;8.968701;46.24535;nacional
2018-06-09;Portugal Continental;2018;6;2018-06;completo;15097.0;40.62457;8.837071;41.8143;nacional
2018-06-10;Portugal Continental;2018;6;2018-06;completo;14793.0;40.05558;7.844926;43.33762;nacional
2018-06-11;Portugal Continental;2018;6;2018-06;completo;19376.0;43.0124;8.270849;53.08119;nacional
2018-06-12;Portugal Continental;2018;6;2018-06;completo;17870.0;42.23162;8.765187;51.11437;nacional
2018-06-13;Portugal Continental;2018;6;2018-06;completo;17046.0;41.31473;8.901515;45.01261;nacional
2018-06-14;Portugal Continental;2018;6;2018-06;completo;17391.0;40.45363;9.208943;47.47359;nacional
2018-06-15;Portugal Continental;2018;6;2018-06;completo;16766.0;40.91945;9.057899;48.94612;nacional
2018-06-16;Portugal Continental;2018;6;2018-06;completo;15470.0;39.69846;9.651573;44.04402;nacional
2018-06-17;Portugal Continental;2018;6;2018-06;completo;15416.0;40.71836;8.509867;42.26908;nacional
2018-06-18;Portugal Continental;2018;6;2018-06;completo;19464.0;42.37621;8.392715;54.58268;nacional
2018-06-19;Portugal Continental;2018;6;2018-06;completo;18493.0;39.69241;8.983925;55.20506;nacional
2018-06-20;Portugal Continental;2018;6;2018-06;completo;17764.0;39.9497;9.496038;49.47048;nacional
2018-06-21;Portugal Continental;2018;6;2018-06;completo;17988.0;41.90319;9.104277;55.30721;nacional
2018-06-22;Portugal Continental;2018;6;2018-06;completo;17069.0;40.49807;8.604282;52.23061;nacional
2018-06-23;Portugal Continental;2018;6;2018-06;completo;15986.0;39.74901;8.739496;48.97372;nacional
2018-06-24;Portugal Continental;2018;6;2018-06;completo;16556.0;39.61708;7.509284;43.55574;nacional
2018-06-25;Portugal Continental;2018;6;2018-06;completo;19512.0;43.10345;7.827129;55.39484;nacional
2018-06-26;Portugal Continental;2018;6;2018-06;completo;19088.0;41.81576;7.900861;62.46415;nacional
2018-06-27;Portugal Continental;2018;6;2018-06;completo;17739.0;41.27478;8.511443;55.8527;nacional
2018-06-28;Portugal Continental;2018;6;2018-06;completo;17769.0;40.62481;8.984528;50.34138;nacional
2018-06-29;Portugal Continental;2018;6;2018-06;completo;17280.0;41.02942;8.80434;56.94605;nacional
2018-06-30;Portugal Continental;2018;6;2018-06;completo;15190.0;40.6997;9.051246;46.25494;nacional
2018-07-01;Portugal Continental;2018;7;2018-07;completo;15748.0;41.34344;8.579947;42.80052;nacional
2018-07-02;Portugal Continental;2018;7;2018-07;completo;18843.0;41.80189;8.254213;59.24719;nacional
2018-07-03;Portugal Continental;2018;7;2018-07;completo;17816.0;39.91564;8.195405;55.62763;nacional
2018-07-04;Portugal Continental;2018;7;2018-07;completo;17348.0;41.59563;9.106585;49.80175;nacional
2018-07-05;Portugal Continental;2018;7;2018-07;completo;16745.0;41.32283;9.037958;46.75033;nacional
2018-07-06;Portugal Continental;2018;7;2018-07;completo;16680.0;41.0245;9.262124;49.22863;nacional
2018-07-07;Portugal Continental;2018;7;2018-07;completo;15239.0;39.97853;9.211314;41.3228;nacional
2018-07-08;Portugal Continental;2018;7;2018-07;completo;15264.0;38.60768;8.250534;39.1121;nacional
2018-07-09;Portugal Continental;2018;7;2018-07;completo;19178.0;42.06033;8.023634;54.13942;nacional
2018-07-10;Portugal Continental;2018;7;2018-07;completo;17865.0;40.34786;8.84939;55.41497;nacional
2018-07-11;Portugal Continental;2018;7;2018-07;completo;17666.0;41.37683;9.093218;51.80759;nacional
2018-07-12;Portugal Continental;2018;7;2018-07;completo;17455.0;41.08844;8.292272;50.56001;nacional
2018-07-13;Portugal Continental;2018;7;2018-07;completo;17689.0;39.64213;9.122257;54.04412;nacional
2018-07-14;Portugal Continental;2018;7;2018-07;completo;16023.0;40.71193;8.713315;45.45411;nacional
2018-07-15;Portugal Continental;2018;7;2018-07;completo;15426.0;39.64857;8.018594;43.18081;nacional
2018-07-16;Portugal Continental;2018;7;2018-07;completo;19526.0;42.66819;7.823751;53.31705;nacional
2018-07-17;Portugal Continental;2018;7;2018-07;completo;18290.0;41.17167;8.857336;55.89563;nacional
2018-07-18;Portugal Continental;2018;7;2018-07;completo;17985.0;41.80003;8.820961;52.29859;nacional
2018-07-19;Portugal Continental;2018;7;2018-07;completo;17354.0;39.35792;8.693425;51.06691;nacional
2018-07-20;Portugal Continental;2018;7;2018-07;completo;17573.0;40.29743;9.121813;51.76521;nacional
2018-07-21;Portugal Continental;2018;7;2018-07;completo;15724.0;40.57521;9.006728;44.63107;nacional
2018-07-22;Portugal Continental;2018;7;2018-07;completo;15688.0;39.75034;8.265299;41.01073;nacional
2018-07-23;Portugal Continental;2018;7;2018-07;completo;19355.0;42.27834;8.182933;55.50663;nacional
2018-07-24;Portugal Continental;2018;7;2018-07;completo;18490.0;40.6954;8.718872;57.52696;nacional
2018-07-25;Portugal Continental;2018;7;2018-07;completo;17958.0;40.1021;8.74087;53.8091;nacional
2018-07-26;Portugal Continental;2018;7;2018-07;completo;17933.0;40.87906;7.55616;52.68322;nacional
2018-07-27;Portugal Continental;2018;7;2018-07;completo;17234.0;40.67432;8.652106;53.09297;nacional
2018-07-28;Portugal Continental;2018;7;2018-07;completo;15960.0;39.51731;8.641277;46.12779;nacional
2018-07-29;Portugal Continental;2018;7;2018-07;completo;15822.0;40.41854;8.300367;45.8196;nacional
2018-07-30;Portugal Continental;2018;7;2018-07;completo;19526.0;42.69932;8.205976;56.84784;nacional
2018-07-31;Portugal Continental;2018;7;2018-07;completo;18230.0;41.354;8.876645;56.38416;nacional
2018-08-01;Portugal Continental;2018;8;2018-08;completo;17374.0;41.24585;9.140779;46.57878;nacional
2018-08-02;Portugal Continental;2018;8;2018-08;completo;17105.0;40.34566;9.266943;50.03801;nacional
2018-08-03;Portugal Continental;2018;8;2018-08;completo;17586.0;39.12648;9.254188;53.46346;nacional
2018-08-04;Portugal Continental;2018;8;2018-08;completo;16940.0;37.49843;8.930511;51.32891;nacional
2018-08-05;Portugal Continental;2018;8;2018-08;completo;17827.0;38.27551;8.7587;52.49881;nacional
2018-08-06;Portugal Continental;2018;8;2018-08;completo;21453.0;41.25287;8.372728;66.97256;nacional
2018-08-07;Portugal Continental;2018;8;2018-08;completo;21155.0;40.2393;8.818864;77.05789;nacional
2018-08-08;Portugal Continental;2018;8;2018-08;completo;20074.0;40.77443;8.672597;68.85932;nacional
2018-08-09;Portugal Continental;2018;8;2018-08;completo;19480.0;40.3623;8.689702;58.33479;nacional
2018-08-10;Portugal Continental;2018;8;2018-08;completo;18368.0;40.83493;8.525516;62.53621;nacional
2018-08-11;Portugal Continental;2018;8;2018-08;completo;17089.0;40.24824;8.319311;55.10104;nacional
2018-08-12;Portugal Continental;2018;8;2018-08;completo;16167.0;39.93964;8.467424;51.04943;nacional
2018-08-13;Portugal Continental;2018;8;2018-08;completo;19885.0;41.43242;8.134932;61.50492;nacional
2018-08-14;Portugal Continental;2018;8;2018-08;completo;18531.0;41.46355;9.132172;59.44929;nacional
2018-08-15;Portugal Continental;2018;8;2018-08;completo;16756.0;39.40283;7.997149;43.74964;nacional
2018-08-16;Portugal Continental;2018;8;2018-08;completo;18915.0;42.21214;8.386437;54.87535;nacional
2018-08-17;Portugal Continental;2018;8;2018-08;completo;18230.0;40.88346;8.626879;60.77147;nacional
2018-08-18;Portugal Continental;2018;8;2018-08;completo;15972.0;39.06874;8.447648;47.97009;nacional
2018-08-19;Portugal Continental;2018;8;2018-08;completo;15242.0;38.89588;8.256948;45.76099;nacional
2018-08-20;Portugal Continental;2018;8;2018-08;completo;19726.0;42.46724;8.480176;57.5083;nacional
2018-08-21;Portugal Continental;2018;8;2018-08;completo;18724.0;40.97293;8.967391;58.76419;nacional
2018-08-22;Portugal Continental;2018;8;2018-08;completo;18393.0;40.87864;8.78428;57.36379;nacional
2018-08-23;Portugal Continental;2018;8;2018-08;completo;19314.0;38.27962;8.17592;58.37621;nacional
2018-08-24;Portugal Continental;2018;8;2018-08;completo;17870.0;40.396;8.739464;60.76573;nacional
2018-08-25;Portugal Continental;2018;8;2018-08;completo;15755.0;40.21446;9.370894;45.15662;nacional
2018-08-26;Portugal Continental;2018;8;2018-08;completo;15457.0;40.13063;8.332096;45.2487;nacional
2018-08-27;Portugal Continental;2018;8;2018-08;completo;19035.0;42.65546;8.080445;60.31114;nacional
2018-08-28;Portugal Continental;2018;8;2018-08;completo;17733.0;41.30552;9.432997;59.30739;nacional
2018-08-29;Portugal Continental;2018;8;2018-08;completo;17025.0;42.23981;9.372723;55.86378;nacional
2018-08-30;Portugal Continental;2018;8;2018-08;completo;16782.0;40.86697;8.854201;51.40728;nacional
2018-08-31;Portugal Continental;2018;8;2018-08;completo;16297.0;40.00522;9.230238;52.00769;nacional
2018-09-01;Portugal Continental;2018;9;2018-09;completo;15257.0;38.4067;8.868343;42.81162;nacional
2018-09-02;Portugal Continental;2018;9;2018-09;completo;15160.0;39.40502;8.254964;44.30631;nacional
2018-09-03;Portugal Continental;2018;9;2018-09;completo;18232.0;42.09296;8.337423;57.57371;nacional
2018-09-04;Portugal Continental;2018;9;2018-09;completo;17526.0;41.58782;8.945013;69.63055;nacional
2018-09-05;Portugal Continental;2018;9;2018-09;completo;16944.0;40.17374;9.013842;57.28449;nacional
2018-09-06;Portugal Continental;2018;9;2018-09;completo;16665.0;40.54071;9.09151;53.51465;nacional
2018-09-07;Portugal Continental;2018;9;2018-09;completo;16632.0;39.71972;9.476681;53.32003;nacional
2018-09-08;Portugal Continental;2018;9;2018-09;completo;14888.0;41.06723;8.996778;46.97178;nacional
2018-09-09;Portugal Continental;2018;9;2018-09;completo;15065.0;39.47999;8.464849;45.30957;nacional
2018-09-10;Portugal Continental;2018;9;2018-09;completo;18121.0;40.9032;8.435574;54.26405;nacional
2018-09-11;Portugal Continental;2018;9;2018-09;completo;17822.0;40.1151;8.894624;61.32244;nacional
2018-09-12;Portugal Continental;2018;9;2018-09;completo;17287.0;40.32495;8.945727;55.61747;nacional
2018-09-13;Portugal Continental;2018;9;2018-09;completo;16783.0;40.10374;9.549124;53.61685;nacional
2018-09-14;Portugal Continental;2018;9;2018-09;completo;16698.0;40.85762;9.115121;54.64048;nacional
2018-09-15;Portugal Continental;2018;9;2018-09;completo;16106.0;38.58635;8.476224;49.67895;nacional
2018-09-16;Portugal Continental;2018;9;2018-09;completo;15502.0;38.8472;8.561448;42.76574;nacional
2018-09-17;Portugal Continental;2018;9;2018-09;completo;18303.0;40.94667;8.398807;53.37476;nacional
2018-09-18;Portugal Continental;2018;9;2018-09;completo;18016.0;39.74012;8.659768;56.71713;nacional
2018-09-19;Portugal Continental;2018;9;2018-09;completo;17336.0;40.60104;9.510218;50.56811;nacional
2018-09-20;Portugal Continental;2018;9;2018-09;completo;17328.0;41.35324;8.437014;52.66476;nacional
2018-09-21;Portugal Continental;2018;9;2018-09;completo;17519.0;40.7129;9.040988;50.87476;nacional
2018-09-22;Portugal Continental;2018;9;2018-09;completo;16010.0;40.15921;8.811682;48.46523;nacional
2018-09-23;Portugal Continental;2018;9;2018-09;completo;15744.0;40.15796;7.849126;46.63274;nacional
2018-09-24;Portugal Continental;2018;9;2018-09;completo;19881.0;41.78001;7.911658;58.7768;nacional
2018-09-25;Portugal Continental;2018;9;2018-09;completo;19156.0;41.17843;8.242586;58.18242;nacional
2018-09-26;Portugal Continental;2018;9;2018-09;completo;19229.0;41.78932;8.098266;57.17338;nacional
2018-09-27;Portugal Continental;2018;9;2018-09;completo;18697.0;40.67353;7.832758;53.15792;nacional
2018-09-28;Portugal Continental;2018;9;2018-09;completo;18400.0;40.51167;8.465609;56.47433;nacional
2018-09-29;Portugal Continental;2018;9;2018-09;completo;16922.0;40.29449;8.048647;49.38355;nacional
2018-09-30;Portugal Continental;2018;9;2018-09;completo;16686.0;40.11836;7.820265;47.96376;nacional
2018-10-01;Portugal Continental;2018;10;2018-10;completo;20231.0;42.65142;7.221597;56.97271;nacional
2018-10-02;Portugal Continental;2018;10;2018-10;completo;19419.0;41.31626;7.620484;59.35568;nacional
2018-10-03;Portugal Continental;2018;10;2018-10;completo;19021.0;41.44665;8.086595;56.30167;nacional
2018-10-04;Portugal Continental;2018;10;2018-10;completo;18355.0;39.66164;8.280294;51.96068;nacional
2018-10-05;Portugal Continental;2018;10;2018-10;completo;17143.0;40.43983;8.064296;49.80638;nacional
2018-10-06;Portugal Continental;2018;10;2018-10;completo;16920.0;40.14201;8.349873;47.57304;nacional
2018-10-07;Portugal Continental;2018;10;2018-10;completo;15892.0;41.38875;7.753832;47.14145;nacional
2018-10-08;Portugal Continental;2018;10;2018-10;completo;19682.0;42.97357;8.35161;56.5056;nacional
2018-10-09;Portugal Continental;2018;10;2018-10;completo;18571.0;41.68908;8.002135;57.20906;nacional
2018-10-10;Portugal Continental;2018;10;2018-10;completo;18093.0;41.89711;8.707937;54.31738;nacional
2018-10-11;Portugal Continental;2018;10;2018-10;completo;17788.0;40.96549;8.48139;50.40975;nacional
2018-10-12;Portugal Continental;2018;10;2018-10;completo;18093.0;39.95514;8.389325;53.50665;nacional
2018-10-13;Portugal Continental;2018;10;2018-10;completo;15724.0;39.03594;9.030197;51.54784;nacional
2018-10-14;Portugal Continental;2018;10;2018-10;completo;14827.0;40.16805;9.013697;44.86205;nacional
2018-10-15;Portugal Continental;2018;10;2018-10;completo;18845.0;42.75227;8.468002;53.58783;nacional
2018-10-16;Portugal Continental;2018;10;2018-10;completo;18554.0;39.77266;8.162166;56.35634;nacional
2018-10-17;Portugal Continental;2018;10;2018-10;completo;17818.0;41.29125;9.033023;50.26573;nacional
2018-10-18;Portugal Continental;2018;10;2018-10;completo;17459.0;40.83419;8.404675;48.17765;nacional
2018-10-19;Portugal Continental;2018;10;2018-10;completo;17701.0;39.28571;8.921396;54.68821;nacional
2018-10-20;Portugal Continental;2018;10;2018-10;completo;16197.0;39.72755;8.404443;44.18442;nacional
2018-10-21;Portugal Continental;2018;10;2018-10;completo;15508.0;39.65634;8.038907;46.38696;nacional
2018-10-22;Portugal Continental;2018;10;2018-10;completo;19980.0;41.63333;7.634739;56.68183;nacional
2018-10-23;Portugal Continental;2018;10;2018-10;completo;19286.0;41.49791;8.560601;57.63875;nacional
2018-10-24;Portugal Continental;2018;10;2018-10;completo;18219.0;41.26947;8.271088;53.69273;nacional
2018-10-25;Portugal Continental;2018;10;2018-10;completo;18103.0;40.45931;8.488892;55.76365;nacional
2018-10-26;Portugal Continental;2018;10;2018-10;completo;16871.0;41.40183;8.813964;51.5317;nacional
2018-10-27;Portugal Continental;2018;10;2018-10;completo;15023.0;40.46043;8.740741;42.94864;nacional
2018-10-28;Portugal Continental;2018;10;2018-10;completo;14368.0;40.29369;8.447311;39.71796;nacional
2018-10-29;Portugal Continental;2018;10;2018-10;completo;17954.0;42.33147;8.385189;47.79121;nacional
2018-10-30;Portugal Continental;2018;10;2018-10;completo;16300.0;41.13392;9.603283;48.80444;nacional
2018-10-31;Portugal Continental;2018;10;2018-10;completo;15192.0;41.32893;9.906044;44.02602;nacional
2018-11-01;Portugal Continental;2018;11;2018-11;completo;14492.0;39.96201;9.660232;42.78892;nacional
2018-11-02;Portugal Continental;2018;11;2018-11;completo;17798.0;41.17225;8.778625;54.60834;nacional
2018-11-03;Portugal Continental;2018;11;2018-11;completo;15410.0;40.16461;9.580709;48.54175;nacional
2018-11-04;Portugal Continental;2018;11;2018-11;completo;14119.0;39.56824;9.274289;40.07617;nacional
2018-11-05;Portugal Continental;2018;11;2018-11;completo;18292.0;42.50058;8.042748;49.37597;nacional
2018-11-06;Portugal Continental;2018;11;2018-11;completo;17315.0;42.69318;9.2392;53.60938;nacional
2018-11-07;Portugal Continental;2018;11;2018-11;completo;17066.0;40.0062;9.423781;55.72022;nacional
2018-11-08;Portugal Continental;2018;11;2018-11;completo;16807.0;40.92867;9.40762;57.62216;nacional
2018-11-09;Portugal Continental;2018;11;2018-11;completo;16665.0;40.45374;9.586276;50.22469;nacional
2018-11-10;Portugal Continental;2018;11;2018-11;completo;14958.0;40.29088;9.22007;46.848;nacional
2018-11-11;Portugal Continental;2018;11;2018-11;completo;13712.0;40.04141;8.961651;36.50892;nacional
2018-11-12;Portugal Continental;2018;11;2018-11;completo;19065.0;41.71855;8.233778;55.04331;nacional
2018-11-13;Portugal Continental;2018;11;2018-11;completo;18442.0;40.32406;8.682886;58.99158;nacional
2018-11-14;Portugal Continental;2018;11;2018-11;completo;18577.0;39.20583;8.342934;60.88497;nacional
2018-11-15;Portugal Continental;2018;11;2018-11;completo;18371.0;40.91811;8.40564;61.60007;nacional
2018-11-16;Portugal Continental;2018;11;2018-11;completo;17924.0;39.64721;8.505155;56.99307;nacional
2018-11-17;Portugal Continental;2018;11;2018-11;completo;15955.0;38.7891;8.856921;56.29377;nacional
2018-11-18;Portugal Continental;2018;11;2018-11;completo;14977.0;40.56054;8.017426;47.31235;nacional
2018-11-19;Portugal Continental;2018;11;2018-11;completo;19999.0;41.52552;7.139655;60.43231;nacional
2018-11-20;Portugal Continental;2018;11;2018-11;completo;18624.0;40.26281;8.01926;60.02241;nacional
2018-11-21;Portugal Continental;2018;11;2018-11;completo;17686.0;39.77293;7.906388;54.61755;nacional
2018-11-22;Portugal Continental;2018;11;2018-11;completo;17222.0;39.60618;8.170779;54.54109;nacional
2018-11-23;Portugal Continental;2018;11;2018-11;completo;16717.0;38.5481;8.810984;54.32885;nacional
2018-11-24;Portugal Continental;2018;11;2018-11;completo;14780.0;40.40639;8.525538;47.27512;nacional
2018-11-25;Portugal Continental;2018;11;2018-11;completo;14403.0;39.10428;8.573464;43.79169;nacional
2018-11-26;Portugal Continental;2018;11;2018-11;completo;18874.0;40.94872;7.824484;52.00556;nacional
2018-11-27;Portugal Continental;2018;11;2018-11;completo;18012.0;40.14363;8.6356;55.29065;nacional
2018-11-28;Portugal Continental;2018;11;2018-11;completo;17480.0;40.20187;8.763743;62.40061;nacional
2018-11-29;Portugal Continental;2018;11;2018-11;completo;16877.0;40.3425;8.52507;47.50168;nacional
2018-11-30;Portugal Continental;2018;11;2018-11;completo;16640.0;39.25566;9.050203;48.2514;nacional
2018-12-01;Portugal Continental;2018;12;2018-12;completo;15134.0;40.1763;12.07061;44.46925;nacional
2018-12-02;Portugal Continental;2018;12;2018-12;completo;14883.0;40.946;9.316723;44.93232;nacional
2018-12-03;Portugal Continental;2018;12;2018-12;completo;19242.0;42.6125;8.205009;58.87986;nacional
2018-12-04;Portugal Continental;2018;12;2018-12;completo;18389.0;40.5777;9.071104;58.23153;nacional
2018-12-05;Portugal Continental;2018;12;2018-12;completo;17800.0;40.73145;9.229045;59.32837;nacional
2018-12-06;Portugal Continental;2018;12;2018-12;completo;18145.0;40.57545;9.13535;58.62148;nacional
2018-12-07;Portugal Continental;2018;12;2018-12;completo;17156.0;40.73822;8.969245;55.97816;nacional
2018-12-08;Portugal Continental;2018;12;2018-12;completo;15488.0;40.01645;8.321935;47.60669;nacional
2018-12-09;Portugal Continental;2018;12;2018-12;completo;15447.0;39.36959;8.639138;46.91644;nacional
2018-12-10;Portugal Continental;2018;12;2018-12;completo;19790.0;42.29529;8.059603;59.98182;nacional
2018-12-11;Portugal Continental;2018;12;2018-12;completo;18799.0;41.66903;8.476263;62.67314;nacional
2018-12-12;Portugal Continental;2018;12;2018-12;completo;18008.0;40.97713;8.991638;56.44027;nacional
2018-12-13;Portugal Continental;2018;12;2018-12;completo;17210.0;41.77223;9.073822;53.66641;nacional
2018-12-14;Portugal Continental;2018;12;2018-12;completo;16758.0;40.02415;9.441751;49.57079;nacional
2018-12-15;Portugal Continental;2018;12;2018-12;completo;15749.0;38.50171;9.259389;46.0784;nacional
2018-12-16;Portugal Continental;2018;12;2018-12;completo;15489.0;40.79081;8.050879;49.14913;nacional
2018-12-17;Portugal Continental;2018;12;2018-12;completo;18824.0;42.36194;8.481905;57.23009;nacional
2018-12-18;Portugal Continental;2018;12;2018-12;completo;17476.0;40.75021;8.905416;55.48684;nacional
2018-12-19;Portugal Continental;2018;12;2018-12;completo;17496.0;40.36981;9.620044;53.26611;nacional
2018-12-20;Portugal Continental;2018;12;2018-12;completo;17318.0;41.70374;9.524721;57.50044;nacional
2018-12-21;Portugal Continental;2018;12;2018-12;completo;16727.0;40.66743;9.953966;49.49615;nacional
2018-12-22;Portugal Continental;2018;12;2018-12;completo;17893.0;41.168;8.647434;54.33351;nacional
2018-12-23;Portugal Continental;2018;12;2018-12;completo;16894.0;39.73699;8.417224;51.5715;nacional
2018-12-24;Portugal Continental;2018;12;2018-12;completo;14489.0;40.92812;9.450239;47.6168;nacional
2018-12-25;Portugal Continental;2018;12;2018-12;completo;13917.0;37.86762;10.24965;42.35154;nacional
2018-12-26;Portugal Continental;2018;12;2018-12;completo;21120.0;43.05527;9.24304;73.31362;nacional
2018-12-27;Portugal Continental;2018;12;2018-12;completo;20199.0;42.08366;8.725925;82.64223;nacional
2018-12-28;Portugal Continental;2018;12;2018-12;completo;19497.0;40.47231;9.197306;74.42795;nacional
2018-12-29;Portugal Continental;2018;12;2018-12;completo;18301.0;40.41163;9.26228;72.03724;nacional
2018-12-30;Portugal Continental;2018;12;2018-12;completo;17722.0;41.15052;8.977761;69.19301;nacional
2018-12-31;Portugal Continental;2018;12;2018-12;completo;15920.0;40.63543;9.682494;64.86006;nacional
2019-01-01;Portugal Continental;2019;1;2019-01;completo;15253.0;38.46632;9.295086;62.14803;nacional
2019-01-02;Portugal Continental;2019;1;2019-01;completo;20125.0;42.00604;8.338436;79.13456;nacional
2019-01-03;Portugal Continental;2019;1;2019-01;completo;20203.0;42.40623;9.267589;89.30264;nacional
2019-01-04;Portugal Continental;2019;1;2019-01;completo;19016.0;41.19957;8.947815;83.03592;nacional
2019-01-05;Portugal Continental;2019;1;2019-01;completo;17543.0;39.57761;9.615957;66.47084;nacional
2019-01-06;Portugal Continental;2019;1;2019-01;completo;14878.0;38.61407;9.760447;51.83982;nacional
2019-01-07;Portugal Continental;2019;1;2019-01;completo;18268.0;41.36819;8.969442;55.832;nacional
2019-01-08;Portugal Continental;2019;1;2019-01;completo;17683.0;40.02053;9.512319;59.27108;nacional
2019-01-09;Portugal Continental;2019;1;2019-01;completo;17508.0;40.55176;9.95922;56.19674;nacional
2019-01-10;Portugal Continental;2019;1;2019-01;completo;17484.0;37.88203;9.867125;57.48558;nacional
2019-01-11;Portugal Continental;2019;1;2019-01;completo;16613.0;40.06569;10.51605;52.89177;nacional
2019-01-12;Portugal Continental;2019;1;2019-01;completo;16335.0;38.41327;10.55679;51.16777;nacional
2019-01-13;Portugal Continental;2019;1;2019-01;completo;15566.0;39.13459;8.870435;52.55285;nacional
2019-01-14;Portugal Continental;2019;1;2019-01;completo;19894.0;41.15297;8.743485;65.17798;nacional
2019-01-15;Portugal Continental;2019;1;2019-01;completo;19307.0;40.32626;9.222957;65.94363;nacional
2019-01-16;Portugal Continental;2019;1;2019-01;completo;18690.0;40.85984;9.087009;62.98385;nacional
2019-01-17;Portugal Continental;2019;1;2019-01;completo;19180.0;39.29617;9.755245;68.47899;nacional
2019-01-18;Portugal Continental;2019;1;2019-01;completo;18064.0;39.63948;9.498631;65.25571;nacional
2019-01-19;Portugal Continental;2019;1;2019-01;completo;17324.0;40.51899;9.252617;61.18163;nacional
2019-01-20;Portugal Continental;2019;1;2019-01;completo;16423.0;40.06641;8.737995;62.94769;nacional
2019-01-21;Portugal Continental;2019;1;2019-01;completo;21057.0;42.11514;7.931223;71.87527;nacional
2019-01-22;Portugal Continental;2019;1;2019-01;completo;20236.0;41.65837;8.571588;73.4489;nacional
2019-01-23;Portugal Continental;2019;1;2019-01;completo;18943.0;40.8077;9.110913;66.39895;nacional
2019-01-24;Portugal Continental;2019;1;2019-01;completo;19218.0;40.144;8.808566;68.88168;nacional
2019-01-25;Portugal Continental;2019;1;2019-01;completo;19240.0;39.54771;9.520714;74.72009;nacional
2019-01-26;Portugal Continental;2019;1;2019-01;completo;18532.0;39.48136;9.185775;68.49124;nacional
2019-01-27;Portugal Continental;2019;1;2019-01;completo;16969.0;40.67122;7.78781;61.74377;nacional
2019-01-28;Portugal Continental;2019;1;2019-01;completo;21357.0;42.17823;8.113439;70.04095;nacional
2019-01-29;Portugal Continental;2019;1;2019-01;completo;19581.0;41.26519;8.947984;72.80984;nacional
2019-01-30;Portugal Continental;2019;1;2019-01;completo;18687.0;40.83614;8.886833;64.85805;nacional
2019-01-31;Portugal Continental;2019;1;2019-01;completo;18280.0;39.92596;9.251709;61.08052;nacional
2019-02-01;Portugal Continental;2019;2;2019-02;completo;17253.0;40.23095;9.827946;57.81133;nacional
2019-02-02;Portugal Continental;2019;2;2019-02;completo;15895.0;40.87402;9.220526;48.84372;nacional
2019-02-03;Portugal Continental;2019;2;2019-02;completo;16204.0;40.11274;7.731593;53.35251;nacional
2019-02-04;Portugal Continental;2019;2;2019-02;completo;20637.0;41.86155;8.896284;63.64425;nacional
2019-02-05;Portugal Continental;2019;2;2019-02;completo;19775.0;40.60747;8.874111;70.28702;nacional
2019-02-06;Portugal Continental;2019;2;2019-02;completo;19161.0;40.55199;8.997445;65.64642;nacional
2019-02-07;Portugal Continental;2019;2;2019-02;completo;19262.0;40.40796;9.395814;66.58523;nacional
2019-02-08;Portugal Continental;2019;2;2019-02;completo;18854.0;41.68649;8.978384;65.27489;nacional
2019-02-09;Portugal Continental;2019;2;2019-02;completo;17065.0;38.76693;9.532303;59.88269;nacional
2019-02-10;Portugal Continental;2019;2;2019-02;completo;16432.0;39.95732;8.370598;62.61531;nacional
2019-02-11;Portugal Continental;2019;2;2019-02;completo;20724.0;41.4687;8.152509;67.32574;nacional
2019-02-12;Portugal Continental;2019;2;2019-02;completo;20054.0;41.6507;8.800503;71.55125;nacional
2019-02-13;Portugal Continental;2019;2;2019-02;completo;19167.0;41.30942;8.978106;64.60142;nacional
2019-02-14;Portugal Continental;2019;2;2019-02;completo;17979.0;39.8401;9.392759;62.47437;nacional
2019-02-15;Portugal Continental;2019;2;2019-02;completo;18446.0;40.03114;9.436313;60.00181;nacional
2019-02-16;Portugal Continental;2019;2;2019-02;completo;17593.0;40.60431;9.797143;57.40502;nacional
2019-02-17;Portugal Continental;2019;2;2019-02;completo;16475.0;40.80015;8.084126;54.86467;nacional
2019-02-18;Portugal Continental;2019;2;2019-02;completo;20376.0;42.22443;8.408324;65.93642;nacional
2019-02-19;Portugal Continental;2019;2;2019-02;completo;19580.0;40.27793;9.271484;66.0302;nacional
2019-02-20;Portugal Continental;2019;2;2019-02;completo;19065.0;42.1199;8.465926;67.50018;nacional
2019-02-21;Portugal Continental;2019;2;2019-02;completo;18733.0;40.60596;8.776709;61.70696;nacional
2019-02-22;Portugal Continental;2019;2;2019-02;completo;18326.0;41.07153;9.470942;61.14419;nacional
2019-02-23;Portugal Continental;2019;2;2019-02;completo;16608.0;38.93545;9.802673;54.55859;nacional
2019-02-24;Portugal Continental;2019;2;2019-02;completo;16114.0;40.96961;8.142493;50.23623;nacional
2019-02-25;Portugal Continental;2019;2;2019-02;completo;20112.0;41.6203;8.371665;62.66083;nacional
2019-02-26;Portugal Continental;2019;2;2019-02;completo;19110.0;41.19744;9.233522;62.8009;nacional
2019-02-27;Portugal Continental;2019;2;2019-02;completo;18592.0;41.39714;8.934053;58.34017;nacional
2019-02-28;Portugal Continental;2019;2;2019-02;completo;17957.0;40.37425;9.169528;57.15533;nacional
2019-03-01;Portugal Continental;2019;3;2019-03;completo;17054.0;39.637;9.77354;54.21479;nacional
2019-03-02;Portugal Continental;2019;3;2019-03;completo;15677.0;39.07155;8.972031;49.41207;nacional
2019-03-03;Portugal Continental;2019;3;2019-03;completo;14821.0;40.68422;8.904632;45.81616;nacional
2019-03-04;Portugal Continental;2019;3;2019-03;completo;18034.0;42.5286;9.372864;56.95514;nacional
2019-03-05;Portugal Continental;2019;3;2019-03;completo;16319.0;39.89141;8.853318;53.68608;nacional
2019-03-06;Portugal Continental;2019;3;2019-03;completo;16373.0;41.43136;9.234417;52.13694;nacional
2019-03-07;Portugal Continental;2019;3;2019-03;completo;17041.0;42.5222;9.464752;56.24792;nacional
2019-03-08;Portugal Continental;2019;3;2019-03;completo;16935.0;40.52539;9.410363;55.00805;nacional
2019-03-09;Portugal Continental;2019;3;2019-03;completo;15938.0;39.52671;10.11632;51.427;nacional
2019-03-10;Portugal Continental;2019;3;2019-03;completo;15302.0;40.32529;8.523087;49.43971;nacional
2019-03-11;Portugal Continental;2019;3;2019-03;completo;19524.0;41.30399;8.444925;61.31663;nacional
2019-03-12;Portugal Continental;2019;3;2019-03;completo;18571.0;41.47458;9.024029;64.52309;nacional
2019-03-13;Portugal Continental;2019;3;2019-03;completo;17276.0;41.55924;9.020536;49.11666;nacional
2019-03-14;Portugal Continental;2019;3;2019-03;completo;17236.0;39.9271;8.889173;51.04417;nacional
2019-03-15;Portugal Continental;2019;3;2019-03;completo;17122.0;38.48212;9.780453;49.78942;nacional
2019-03-16;Portugal Continental;2019;3;2019-03;completo;15574.0;39.61202;9.337109;47.3928;nacional
2019-03-17;Portugal Continental;2019;3;2019-03;completo;15045.0;39.98323;8.353529;44.39359;nacional
2019-03-18;Portugal Continental;2019;3;2019-03;completo;18998.0;41.99989;8.06561;53.12253;nacional
2019-03-19;Portugal Continental;2019;3;2019-03;completo;17959.0;40.83308;9.286523;54.66004;nacional
2019-03-20;Portugal Continental;2019;3;2019-03;completo;17889.0;40.84406;9.070194;54.63017;nacional
2019-03-21;Portugal Continental;2019;3;2019-03;completo;17319.0;39.78662;9.151978;51.42791;nacional
2019-03-22;Portugal Continental;2019;3;2019-03;completo;17088.0;40.42661;9.201401;53.34685;nacional
2019-03-23;Portugal Continental;2019;3;2019-03;completo;15473.0;40.19957;9.156154;44.80291;nacional
2019-03-24;Portugal Continental;2019;3;2019-03;completo;15809.0;41.24437;8.126146;47.9797;nacional
2019-03-25;Portugal Continental;2019;3;2019-03;completo;19736.0;41.95222;8.168736;60.5707;nacional
2019-03-26;Portugal Continental;2019;3;2019-03;completo;18864.0;41.37989;8.84097;65.17164;nacional
2019-03-27;Portugal Continental;2019;3;2019-03;completo;18198.0;39.85617;9.054238;55.89772;nacional
2019-03-28;Portugal Continental;2019;3;2019-03;completo;17840.0;39.40026;9.186689;55.67167;nacional
2019-03-29;Portugal Continental;2019;3;2019-03;completo;17770.0;40.28275;8.917483;55.61671;nacional
2019-03-30;Portugal Continental;2019;3;2019-03;completo;15915.0;38.89478;8.404087;48.01165;nacional
2019-03-31;Portugal Continental;2019;3;2019-03;completo;15172.0;39.85683;7.990049;48.84601;nacional
2019-04-01;Portugal Continental;2019;4;2019-04;completo;19989.0;42.70567;7.966586;57.93396;nacional
2019-04-02;Portugal Continental;2019;4;2019-04;completo;18598.0;41.00851;8.685791;59.91978;nacional
2019-04-03;Portugal Continental;2019;4;2019-04;completo;17772.0;40.89604;8.728228;55.57069;nacional
2019-04-04;Portugal Continental;2019;4;2019-04;completo;17013.0;40.18849;9.492437;50.87508;nacional
2019-04-05;Portugal Continental;2019;4;2019-04;completo;15856.0;40.09655;9.675803;46.81401;nacional
2019-04-06;Portugal Continental;2019;4;2019-04;completo;14526.0;39.71512;9.398674;41.9903;nacional
2019-04-07;Portugal Continental;2019;4;2019-04;completo;14105.0;39.71508;8.935484;40.6989;nacional
2019-04-08;Portugal Continental;2019;4;2019-04;completo;18043.0;42.14681;8.447789;49.71977;nacional
2019-04-09;Portugal Continental;2019;4;2019-04;completo;16881.0;41.13591;9.017372;53.61692;nacional
2019-04-10;Portugal Continental;2019;4;2019-04;completo;16379.0;40.92789;9.898908;49.05799;nacional
2019-04-11;Portugal Continental;2019;4;2019-04;completo;16215.0;40.62196;9.488851;53.51561;nacional
2019-04-12;Portugal Continental;2019;4;2019-04;completo;16580.0;39.78819;9.515666;54.87156;nacional
2019-04-13;Portugal Continental;2019;4;2019-04;completo;15211.0;39.57681;8.905871;54.52781;nacional
2019-04-14;Portugal Continental;2019;4;2019-04;completo;14983.0;39.43371;8.649326;42.5697;nacional
2019-04-15;Portugal Continental;2019;4;2019-04;completo;18002.0;41.54612;8.408408;56.10093;nacional
2019-04-16;Portugal Continental;2019;4;2019-04;completo;17350.0;39.03858;9.026733;53.23798;nacional
2019-04-17;Portugal Continental;2019;4;2019-04;completo;16061.0;40.61135;9.585933;48.28511;nacional
2019-04-18;Portugal Continental;2019;4;2019-04;completo;16169.0;40.82333;9.957686;47.72359;nacional
2019-04-19;Portugal Continental;2019;4;2019-04;completo;15249.0;39.85472;8.916717;44.50807;nacional
2019-04-20;Portugal Continental;2019;4;2019-04;completo;16447.0;38.76236;8.03448;44.16182;nacional
2019-04-21;Portugal Continental;2019;4;2019-04;completo;14465.0;38.40021;8.448928;36.95177;nacional
2019-04-22;Portugal Continental;2019;4;2019-04;completo;18282.0;40.87763;8.104871;56.27887;nacional
2019-04-23;Portugal Continental;2019;4;2019-04;completo;17317.0;40.69128;8.474689;57.17778;nacional
2019-04-24;Portugal Continental;2019;4;2019-04;completo;16482.0;40.4928;8.879685;55.79718;nacional
2019-04-25;Portugal Continental;2019;4;2019-04;completo;14984.0;41.65731;8.248258;45.37637;nacional
2019-04-26;Portugal Continental;2019;4;2019-04;completo;17156.0;41.76071;8.129005;53.10133;nacional
2019-04-27;Portugal Continental;2019;4;2019-04;completo;15285.0;38.15594;8.557773;51.1234;nacional
2019-04-28;Portugal Continental;2019;4;2019-04;completo;14753.0;37.92424;7.970837;48.16544;nacional
2019-04-29;Portugal Continental;2019;4;2019-04;completo;19283.0;42.31788;8.27862;54.4267;nacional
2019-04-30;Portugal Continental;2019;4;2019-04;completo;18047.0;40.48265;9.460803;57.78693;nacional
2019-05-01;Portugal Continental;2019;5;2019-05;completo;15607.0;39.15667;8.782166;49.01341;nacional
2019-05-02;Portugal Continental;2019;5;2019-05;completo;18533.0;41.09179;8.036635;61.00094;nacional
2019-05-03;Portugal Continental;2019;5;2019-05;completo;18230.0;40.03774;9.529291;61.56205;nacional
2019-05-04;Portugal Continental;2019;5;2019-05;completo;16055.0;37.3327;8.282412;52.69322;nacional
2019-05-05;Portugal Continental;2019;5;2019-05;completo;15132.0;39.05505;7.556358;46.0051;nacional
2019-05-06;Portugal Continental;2019;5;2019-05;completo;19957.0;43.22301;7.537717;59.74762;nacional
2019-05-07;Portugal Continental;2019;5;2019-05;completo;18620.0;41.83504;8.676627;60.52703;nacional
2019-05-08;Portugal Continental;2019;5;2019-05;completo;17830.0;40.99065;8.034327;51.87814;nacional
2019-05-09;Portugal Continental;2019;5;2019-05;completo;17458.0;40.43675;8.22196;52.10315;nacional
2019-05-10;Portugal Continental;2019;5;2019-05;completo;17192.0;39.31434;8.647494;54.16903;nacional
2019-05-11;Portugal Continental;2019;5;2019-05;completo;16459.0;38.74726;8.602064;44.38784;nacional
2019-05-12;Portugal Continental;2019;5;2019-05;completo;15420.0;38.27034;7.684304;40.07093;nacional
2019-05-13;Portugal Continental;2019;5;2019-05;completo;20014.0;41.50833;7.504283;56.30271;nacional
2019-05-14;Portugal Continental;2019;5;2019-05;completo;19499.0;40.61637;7.759167;55.3889;nacional
2019-05-15;Portugal Continental;2019;5;2019-05;completo;18799.0;39.70721;8.059505;52.53695;nacional
2019-05-16;Portugal Continental;2019;5;2019-05;completo;18630.0;39.98407;7.89114;53.44249;nacional
2019-05-17;Portugal Continental;2019;5;2019-05;completo;17894.0;39.96083;8.11387;50.05756;nacional
2019-05-18;Portugal Continental;2019;5;2019-05;completo;15046.0;37.93489;8.090217;47.21938;nacional
2019-05-19;Portugal Continental;2019;5;2019-05;completo;15241.0;37.8005;7.698559;44.0508;nacional
2019-05-20;Portugal Continental;2019;5;2019-05;completo;20207.0;41.07781;6.888027;56.25734;nacional
2019-05-21;Portugal Continental;2019;5;2019-05;completo;19006.0;40.63509;8.186314;57.42131;nacional
2019-05-22;Portugal Continental;2019;5;2019-05;completo;17954.0;40.41998;7.876222;52.36185;nacional
2019-05-23;Portugal Continental;2019;5;2019-05;completo;18259.0;40.95655;7.879767;53.3957;nacional
2019-05-24;Portugal Continental;2019;5;2019-05;completo;17515.0;39.1155;8.07609;53.28569;nacional
2019-05-25;Portugal Continental;2019;5;2019-05;completo;15042.0;37.50541;8.394732;44.3666;nacional
2019-05-26;Portugal Continental;2019;5;2019-05;completo;15885.0;39.36565;7.479615;41.25592;nacional
2019-05-27;Portugal Continental;2019;5;2019-05;completo;20202.0;40.98309;7.407407;55.6313;nacional
2019-05-28;Portugal Continental;2019;5;2019-05;completo;18934.0;39.90694;7.753183;58.03028;nacional
2019-05-29;Portugal Continental;2019;5;2019-05;completo;18234.0;41.06627;7.679696;52.74044;nacional
2019-05-30;Portugal Continental;2019;5;2019-05;completo;17909.0;39.86099;8.209745;47.99496;nacional
2019-05-31;Portugal Continental;2019;5;2019-05;completo;17492.0;38.8611;8.447596;46.05513;nacional
2019-06-01;Portugal Continental;2019;6;2019-06;completo;15910.0;37.24574;8.637898;47.24683;nacional
2019-06-02;Portugal Continental;2019;6;2019-06;completo;16585.0;40.04073;7.636183;44.96978;nacional
2019-06-03;Portugal Continental;2019;6;2019-06;completo;20776.0;41.04758;7.142857;57.37852;nacional
2019-06-04;Portugal Continental;2019;6;2019-06;completo;19488.0;40.68588;7.511073;63.52505;nacional
2019-06-05;Portugal Continental;2019;6;2019-06;completo;18038.0;40.57301;7.604739;53.58297;nacional
2019-06-06;Portugal Continental;2019;6;2019-06;completo;17347.0;39.58994;8.493701;50.0067;nacional
2019-06-07;Portugal Continental;2019;6;2019-06;completo;17051.0;40.04208;8.130022;49.54144;nacional
2019-06-08;Portugal Continental;2019;6;2019-06;completo;16796.0;39.17595;8.185231;50.39543;nacional
2019-06-09;Portugal Continental;2019;6;2019-06;completo;15109.0;39.05452;8.074634;42.06887;nacional
2019-06-10;Portugal Continental;2019;6;2019-06;completo;16930.0;40.62209;6.916925;55.84275;nacional
2019-06-11;Portugal Continental;2019;6;2019-06;completo;18980.0;41.48616;7.456595;57.50006;nacional
2019-06-12;Portugal Continental;2019;6;2019-06;completo;17880.0;41.62322;8.373456;56.63457;nacional
2019-06-13;Portugal Continental;2019;6;2019-06;completo;17422.0;40.52288;8.110214;50.76553;nacional
2019-06-14;Portugal Continental;2019;6;2019-06;completo;17060.0;39.73376;8.395981;52.31105;nacional
2019-06-15;Portugal Continental;2019;6;2019-06;completo;16414.0;38.93971;8.10285;44.2601;nacional
2019-06-16;Portugal Continental;2019;6;2019-06;completo;15156.0;38.80849;8.191208;38.38025;nacional
2019-06-17;Portugal Continental;2019;6;2019-06;completo;19010.0;40.33705;7.780802;52.70088;nacional
2019-06-18;Portugal Continental;2019;6;2019-06;completo;17946.0;39.68994;8.588441;56.93361;nacional
2019-06-19;Portugal Continental;2019;6;2019-06;completo;17480.0;39.60886;8.910104;52.79018;nacional
2019-06-20;Portugal Continental;2019;6;2019-06;completo;16363.0;40.57045;7.897917;50.077;nacional
2019-06-21;Portugal Continental;2019;6;2019-06;completo;17670.0;40.22032;8.458281;51.52064;nacional
2019-06-22;Portugal Continental;2019;6;2019-06;completo;17205.0;39.78092;8.14779;48.2385;nacional
2019-06-23;Portugal Continental;2019;6;2019-06;completo;15102.0;39.2548;7.516878;43.89329;nacional
2019-06-24;Portugal Continental;2019;6;2019-06;completo;18462.0;42.02429;7.803137;53.02623;nacional
2019-06-25;Portugal Continental;2019;6;2019-06;completo;17797.0;40.07063;7.981455;59.10247;nacional
2019-06-26;Portugal Continental;2019;6;2019-06;completo;17589.0;40.43068;7.882755;57.67348;nacional
2019-06-27;Portugal Continental;2019;6;2019-06;completo;17013.0;39.91092;8.385836;51.35487;nacional
2019-06-28;Portugal Continental;2019;6;2019-06;completo;16572.0;40.4074;8.777802;48.25039;nacional
2019-06-29;Portugal Continental;2019;6;2019-06;completo;16842.0;39.20334;8.454126;44.17278;nacional
2019-06-30;Portugal Continental;2019;6;2019-06;completo;15442.0;39.6411;7.355897;41.5042;nacional
2019-07-01;Portugal Continental;2019;7;2019-07;completo;18677.0;42.17227;7.918034;56.95091;nacional
2019-07-02;Portugal Continental;2019;7;2019-07;completo;17383.0;40.21265;8.082074;55.09647;nacional
2019-07-03;Portugal Continental;2019;7;2019-07;completo;17162.0;40.03478;8.473092;47.95401;nacional
2019-07-04;Portugal Continental;2019;7;2019-07;completo;17026.0;41.44782;8.203629;46.94934;nacional
2019-07-05;Portugal Continental;2019;7;2019-07;completo;16552.0;40.47209;8.671523;45.86743;nacional
2019-07-06;Portugal Continental;2019;7;2019-07;completo;16648.0;40.30177;8.375518;46.04621;nacional
2019-07-07;Portugal Continental;2019;7;2019-07;completo;15284.0;40.52635;7.414478;39.26025;nacional
2019-07-08;Portugal Continental;2019;7;2019-07;completo;19042.0;42.03354;7.81851;53.39533;nacional
2019-07-09;Portugal Continental;2019;7;2019-07;completo;18097.0;41.93605;7.94155;62.58213;nacional
2019-07-10;Portugal Continental;2019;7;2019-07;completo;17462.0;41.20083;8.50165;53.13033;nacional
2019-07-11;Portugal Continental;2019;7;2019-07;completo;16973.0;39.86605;8.966648;49.7845;nacional
2019-07-12;Portugal Continental;2019;7;2019-07;completo;17458.0;39.63403;8.828781;54.62989;nacional
2019-07-13;Portugal Continental;2019;7;2019-07;completo;17010.0;40.1287;8.417295;47.56347;nacional
2019-07-14;Portugal Continental;2019;7;2019-07;completo;15893.0;40.18042;7.361831;42.89466;nacional
2019-07-15;Portugal Continental;2019;7;2019-07;completo;19407.0;42.28299;7.211085;52.35445;nacional
2019-07-16;Portugal Continental;2019;7;2019-07;completo;18430.0;41.76352;8.056546;58.56559;nacional
2019-07-17;Portugal Continental;2019;7;2019-07;completo;18074.0;41.00166;7.933033;51.42952;nacional
2019-07-18;Portugal Continental;2019;7;2019-07;completo;17450.0;40.41868;7.827072;50.23521;nacional
2019-07-19;Portugal Continental;2019;7;2019-07;completo;17113.0;39.65915;8.425568;50.5969;nacional
2019-07-20;Portugal Continental;2019;7;2019-07;completo;16350.0;39.68085;8.226311;46.00348;nacional
2019-07-21;Portugal Continental;2019;7;2019-07;completo;15207.0;40.99512;7.820861;41.56805;nacional
2019-07-22;Portugal Continental;2019;7;2019-07;completo;19241.0;42.63306;7.189014;57.58063;nacional
2019-07-23;Portugal Continental;2019;7;2019-07;completo;18447.0;41.17966;8.383671;56.45119;nacional
2019-07-24;Portugal Continental;2019;7;2019-07;completo;18017.0;40.26199;7.818048;54.74541;nacional
2019-07-25;Portugal Continental;2019;7;2019-07;completo;18085.0;40.63425;7.991859;53.47935;nacional
2019-07-26;Portugal Continental;2019;7;2019-07;completo;16963.0;40.40246;8.469571;55.88982;nacional
2019-07-27;Portugal Continental;2019;7;2019-07;completo;15876.0;40.67832;7.919053;51.73098;nacional
2019-07-28;Portugal Continental;2019;7;2019-07;completo;15450.0;41.02344;7.285191;46.93557;nacional
2019-07-29;Portugal Continental;2019;7;2019-07;completo;19145.0;43.40637;7.245293;54.34063;nacional
2019-07-30;Portugal Continental;2019;7;2019-07;completo;18113.0;41.06475;8.188702;54.06628;nacional
2019-07-31;Portugal Continental;2019;7;2019-07;completo;17431.0;40.46867;8.430865;48.87701;nacional
2019-08-01;Portugal Continental;2019;8;2019-08;completo;16977.0;41.30336;8.124278;53.44695;nacional
2019-08-02;Portugal Continental;2019;8;2019-08;completo;16994.0;40.06138;8.664415;55.44146;nacional
2019-08-03;Portugal Continental;2019;8;2019-08;completo;15803.0;38.64409;7.957699;50.26914;nacional
2019-08-04;Portugal Continental;2019;8;2019-08;completo;15429.0;40.20582;7.718493;43.0693;nacional
2019-08-05;Portugal Continental;2019;8;2019-08;completo;18963.0;41.73731;7.319626;54.02331;nacional
2019-08-06;Portugal Continental;2019;8;2019-08;completo;20046.0;41.60493;7.706291;60.75742;nacional
2019-08-07;Portugal Continental;2019;8;2019-08;completo;18208.0;40.89393;8.177704;61.13893;nacional
2019-08-08;Portugal Continental;2019;8;2019-08;completo;17713.0;40.81053;8.263707;53.73484;nacional
2019-08-09;Portugal Continental;2019;8;2019-08;completo;16917.0;39.62729;8.814989;51.82986;nacional
2019-08-10;Portugal Continental;2019;8;2019-08;completo;17070.0;40.06386;8.052999;48.2864;nacional
2019-08-11;Portugal Continental;2019;8;2019-08;completo;15469.0;41.15583;7.770977;47.80479;nacional
2019-08-12;Portugal Continental;2019;8;2019-08;completo;19134.0;42.1615;7.576858;54.07884;nacional
2019-08-13;Portugal Continental;2019;8;2019-08;completo;17924.0;41.00903;8.253926;55.60494;nacional
2019-08-14;Portugal Continental;2019;8;2019-08;completo;17960.0;40.60764;8.574974;54.08095;nacional
2019-08-15;Portugal Continental;2019;8;2019-08;completo;16175.0;40.82154;7.961853;48.5363;nacional
2019-08-16;Portugal Continental;2019;8;2019-08;completo;18439.0;41.82687;8.297055;57.47026;nacional
2019-08-17;Portugal Continental;2019;8;2019-08;completo;17525.0;39.61996;8.066553;53.067;nacional
2019-08-18;Portugal Continental;2019;8;2019-08;completo;15473.0;39.93101;7.722008;48.19661;nacional
2019-08-19;Portugal Continental;2019;8;2019-08;completo;18774.0;42.52788;7.346505;60.56656;nacional
2019-08-20;Portugal Continental;2019;8;2019-08;completo;18280.0;41.07455;7.682612;62.09058;nacional
2019-08-21;Portugal Continental;2019;8;2019-08;completo;18073.0;41.52467;8.158835;59.82045;nacional
2019-08-22;Portugal Continental;2019;8;2019-08;completo;17559.0;40.2637;8.532098;53.53771;nacional
2019-08-23;Portugal Continental;2019;8;2019-08;completo;17265.0;40.52694;8.962201;54.54801;nacional
2019-08-24;Portugal Continental;2019;8;2019-08;completo;16721.0;40.90168;8.529777;47.16283;nacional
2019-08-25;Portugal Continental;2019;8;2019-08;completo;15272.0;40.52073;7.520934;46.56921;nacional
2019-08-26;Portugal Continental;2019;8;2019-08;completo;19039.0;42.52815;7.743526;62.29669;nacional
2019-08-27;Portugal Continental;2019;8;2019-08;completo;18371.0;39.82553;8.339753;61.78326;nacional
2019-08-28;Portugal Continental;2019;8;2019-08;completo;17776.0;41.34753;8.103448;56.10565;nacional
2019-08-29;Portugal Continental;2019;8;2019-08;completo;17214.0;39.22021;8.010867;55.54769;nacional
2019-08-30;Portugal Continental;2019;8;2019-08;completo;17050.0;40.80619;8.433653;55.09632;nacional
2019-08-31;Portugal Continental;2019;8;2019-08;completo;16668.0;40.84695;7.965783;48.85917;nacional
2019-09-01;Portugal Continental;2019;9;2019-09;completo;15053.0;40.60662;7.452888;46.06253;nacional
2019-09-02;Portugal Continental;2019;9;2019-09;completo;18166.0;42.14866;7.399899;58.0401;nacional
2019-09-03;Portugal Continental;2019;9;2019-09;completo;17822.0;40.07647;8.485273;61.69396;nacional
2019-09-04;Portugal Continental;2019;9;2019-09;completo;17494.0;40.90302;8.415351;60.15704;nacional
2019-09-05;Portugal Continental;2019;9;2019-09;completo;17149.0;41.44463;8.367251;62.43964;nacional
2019-09-06;Portugal Continental;2019;9;2019-09;completo;16804.0;40.80452;8.599491;62.93351;nacional
2019-09-07;Portugal Continental;2019;9;2019-09;completo;16630.0;39.7416;8.015769;52.42286;nacional
2019-09-08;Portugal Continental;2019;9;2019-09;completo;15449.0;40.35394;7.959706;46.00326;nacional
2019-09-09;Portugal Continental;2019;9;2019-09;completo;18917.0;42.92674;7.955858;59.72223;nacional
2019-09-10;Portugal Continental;2019;9;2019-09;completo;17572.0;41.43368;8.464849;61.05673;nacional
2019-09-11;Portugal Continental;2019;9;2019-09;completo;17017.0;41.03491;8.511209;52.95137;nacional
2019-09-12;Portugal Continental;2019;9;2019-09;completo;17368.0;40.51106;8.021673;54.93929;nacional
2019-09-13;Portugal Continental;2019;9;2019-09;completo;17137.0;39.79434;8.144439;56.80874;nacional
2019-09-14;Portugal Continental;2019;9;2019-09;completo;17005.0;39.9793;8.356588;53.47367;nacional
2019-09-15;Portugal Continental;2019;9;2019-09;completo;16180.0;39.04781;7.644658;46.97073;nacional
2019-09-16;Portugal Continental;2019;9;2019-09;completo;19710.0;41.14236;7.812963;59.7131;nacional
2019-09-17;Portugal Continental;2019;9;2019-09;completo;18692.0;41.45452;8.129734;60.18817;nacional
2019-09-18;Portugal Continental;2019;9;2019-09;completo;18407.0;41.43904;7.723963;64.37418;nacional
2019-09-19;Portugal Continental;2019;9;2019-09;completo;17934.0;40.78393;8.372664;58.87924;nacional
2019-09-20;Portugal Continental;2019;9;2019-09;completo;18034.0;39.9067;8.024652;60.81775;nacional
2019-09-21;Portugal Continental;2019;9;2019-09;completo;16987.0;40.00425;8.003456;54.75633;nacional
2019-09-22;Portugal Continental;2019;9;2019-09;completo;15622.0;40.30236;7.80198;46.57792;nacional
2019-09-23;Portugal Continental;2019;9;2019-09;completo;20086.0;42.05147;7.320686;57.77739;nacional
2019-09-24;Portugal Continental;2019;9;2019-09;completo;18819.0;42.71512;7.600623;60.23162;nacional
2019-09-25;Portugal Continental;2019;9;2019-09;completo;19551.0;41.8008;7.501974;61.0174;nacional
2019-09-26;Portugal Continental;2019;9;2019-09;completo;18766.0;41.53829;7.808455;56.78984;nacional
2019-09-27;Portugal Continental;2019;9;2019-09;completo;18102.0;41.06204;7.889409;57.33138;nacional
2019-09-28;Portugal Continental;2019;9;2019-09;completo;16206.0;38.9199;8.372817;50.51678;nacional
2019-09-29;Portugal Continental;2019;9;2019-09;completo;16145.0;42.17297;7.32032;46.02701;nacional
2019-09-30;Portugal Continental;2019;9;2019-09;completo;20573.0;41.25892;6.991205;60.01576;nacional
2019-10-01;Portugal Continental;2019;10;2019-10;completo;19519.0;41.1208;7.672991;62.84156;nacional
2019-10-02;Portugal Continental;2019;10;2019-10;completo;18884.0;40.89703;7.844889;60.4038;nacional
2019-10-03;Portugal Continental;2019;10;2019-10;completo;18372.0;41.51061;7.610673;60.87491;nacional
2019-10-04;Portugal Continental;2019;10;2019-10;completo;18645.0;40.8345;8.249461;59.66105;nacional
2019-10-05;Portugal Continental;2019;10;2019-10;completo;16685.0;40.66944;8.14359;52.3247;nacional
2019-10-06;Portugal Continental;2019;10;2019-10;completo;16135.0;40.68783;7.441029;49.33889;nacional
2019-10-07;Portugal Continental;2019;10;2019-10;completo;21015.0;42.23957;7.18211;64.17986;nacional
2019-10-08;Portugal Continental;2019;10;2019-10;completo;20135.0;42.99619;7.28828;68.90052;nacional
2019-10-09;Portugal Continental;2019;10;2019-10;completo;19583.0;40.8977;7.349679;63.80834;nacional
2019-10-10;Portugal Continental;2019;10;2019-10;completo;20725.0;42.52112;7.634939;59.07122;nacional
2019-10-11;Portugal Continental;2019;10;2019-10;completo;18606.0;40.68253;8.255026;59.80678;nacional
2019-10-12;Portugal Continental;2019;10;2019-10;completo;17566.0;40.446;7.544514;56.55061;nacional
2019-10-13;Portugal Continental;2019;10;2019-10;completo;16039.0;40.72536;6.981748;52.41703;nacional
2019-10-14;Portugal Continental;2019;10;2019-10;completo;19407.0;43.1498;7.030071;53.97907;nacional
2019-10-15;Portugal Continental;2019;10;2019-10;completo;18905.0;40.6631;7.698285;66.75385;nacional
2019-10-16;Portugal Continental;2019;10;2019-10;completo;18647.0;41.07663;7.761819;65.15955;nacional
2019-10-17;Portugal Continental;2019;10;2019-10;completo;18153.0;41.16867;8.124411;60.27301;nacional
2019-10-18;Portugal Continental;2019;10;2019-10;completo;17714.0;40.5891;8.267519;59.49867;nacional
2019-10-19;Portugal Continental;2019;10;2019-10;completo;15284.0;39.98916;8.48033;49.59298;nacional
2019-10-20;Portugal Continental;2019;10;2019-10;completo;15129.0;40.32653;7.429644;45.09653;nacional
2019-10-21;Portugal Continental;2019;10;2019-10;completo;19812.0;43.48748;7.281525;62.23731;nacional
2019-10-22;Portugal Continental;2019;10;2019-10;completo;18783.0;40.76826;7.474411;66.18152;nacional
2019-10-23;Portugal Continental;2019;10;2019-10;completo;18406.0;41.71664;8.265822;62.57093;nacional
2019-10-24;Portugal Continental;2019;10;2019-10;completo;18201.0;41.20945;7.74079;57.46657;nacional
2019-10-25;Portugal Continental;2019;10;2019-10;completo;17731.0;38.72962;7.62599;63.59437;nacional
2019-10-26;Portugal Continental;2019;10;2019-10;completo;17177.0;39.71846;8.510168;59.2189;nacional
2019-10-27;Portugal Continental;2019;10;2019-10;completo;16291.0;38.92336;7.97112;49.03737;nacional
2019-10-28;Portugal Continental;2019;10;2019-10;completo;20672.0;41.16782;7.249255;65.52959;nacional
2019-10-29;Portugal Continental;2019;10;2019-10;completo;19016.0;40.82041;7.349707;63.13914;nacional
2019-10-30;Portugal Continental;2019;10;2019-10;completo;17914.0;41.31104;8.053909;57.83399;nacional
2019-10-31;Portugal Continental;2019;10;2019-10;completo;17129.0;40.7379;8.426424;57.73685;nacional
2019-11-01;Portugal Continental;2019;11;2019-11;completo;16930.0;40.25497;8.168003;58.00467;nacional
2019-11-02;Portugal Continental;2019;11;2019-11;completo;17334.0;39.58319;7.211312;58.58628;nacional
2019-11-03;Portugal Continental;2019;11;2019-11;completo;15921.0;40.4649;7.321033;55.22202;nacional
2019-11-04;Portugal Continental;2019;11;2019-11;completo;20261.0;43.64901;6.949366;70.81969;nacional
2019-11-05;Portugal Continental;2019;11;2019-11;completo;18822.0;42.20268;7.845419;64.22726;nacional
2019-11-06;Portugal Continental;2019;11;2019-11;completo;18256.0;41.27294;7.957832;65.19478;nacional
2019-11-07;Portugal Continental;2019;11;2019-11;completo;17778.0;42.40649;7.935228;60.16986;nacional
2019-11-08;Portugal Continental;2019;11;2019-11;completo;17505.0;39.4928;8.533523;56.25193;nacional
2019-11-09;Portugal Continental;2019;11;2019-11;completo;16409.0;40.10915;8.10388;52.66357;nacional
2019-11-10;Portugal Continental;2019;11;2019-11;completo;14738.0;40.80328;7.753079;44.89322;nacional
2019-11-11;Portugal Continental;2019;11;2019-11;completo;19566.0;41.13619;7.125165;58.02923;nacional
2019-11-12;Portugal Continental;2019;11;2019-11;completo;19070.0;42.38139;7.79872;65.14805;nacional
2019-11-13;Portugal Continental;2019;11;2019-11;completo;18604.0;40.02238;8.181332;60.06269;nacional
2019-11-14;Portugal Continental;2019;11;2019-11;completo;17204.0;40.84566;8.330079;57.21285;nacional
2019-11-15;Portugal Continental;2019;11;2019-11;completo;16972.0;40.32219;8.931596;55.80745;nacional
2019-11-16;Portugal Continental;2019;11;2019-11;completo;16892.0;38.80392;8.47777;50.91822;nacional
2019-11-17;Portugal Continental;2019;11;2019-11;completo;15436.0;39.88561;7.753014;48.93943;nacional
2019-11-18;Portugal Continental;2019;11;2019-11;completo;20080.0;42.23124;7.469555;63.56537;nacional
2019-11-19;Portugal Continental;2019;11;2019-11;completo;19243.0;42.70232;7.950632;68.33551;nacional
2019-11-20;Portugal Continental;2019;11;2019-11;completo;18395.0;40.57545;7.744598;60.78448;nacional
2019-11-21;Portugal Continental;2019;11;2019-11;completo;18604.0;41.50053;8.577581;63.49952;nacional
2019-11-22;Portugal Continental;2019;11;2019-11;completo;18094.0;39.6161;8.701251;59.71736;nacional
2019-11-23;Portugal Continental;2019;11;2019-11;completo;15868.0;40.99498;7.995512;53.93636;nacional
2019-11-24;Portugal Continental;2019;11;2019-11;completo;15894.0;40.10212;7.351397;48.77527;nacional
2019-11-25;Portugal Continental;2019;11;2019-11;completo;21334.0;42.73111;7.130526;69.28831;nacional
2019-11-26;Portugal Continental;2019;11;2019-11;completo;20405.0;40.60039;7.405785;72.86263;nacional
2019-11-27;Portugal Continental;2019;11;2019-11;completo;19382.0;41.06181;7.311605;65.74921;nacional
2019-11-28;Portugal Continental;2019;11;2019-11;completo;18985.0;41.00866;7.58422;62.78243;nacional
2019-11-29;Portugal Continental;2019;11;2019-11;completo;18011.0;40.47702;8.114708;63.14584;nacional
2019-11-30;Portugal Continental;2019;11;2019-11;completo;16388.0;39.46024;7.759725;59.14486;nacional
2019-12-01;Portugal Continental;2019;12;2019-12;completo;16368.0;40.43096;7.049091;56.26347;nacional
2019-12-02;Portugal Continental;2019;12;2019-12;completo;20654.0;41.8803;6.960886;66.33576;nacional
2019-12-03;Portugal Continental;2019;12;2019-12;completo;20083.0;41.24241;7.657456;73.67345;nacional
2019-12-04;Portugal Continental;2019;12;2019-12;completo;19036.0;40.46644;7.949033;66.86091;nacional
2019-12-05;Portugal Continental;2019;12;2019-12;completo;19155.0;41.65209;7.554753;64.31149;nacional
2019-12-06;Portugal Continental;2019;12;2019-12;completo;18669.0;40.5475;8.363854;63.09579;nacional
2019-12-07;Portugal Continental;2019;12;2019-12;completo;16521.0;39.60831;8.565778;60.18169;nacional
2019-12-08;Portugal Continental;2019;12;2019-12;completo;16638.0;40.3093;7.264692;55.33666;nacional
2019-12-09;Portugal Continental;2019;12;2019-12;completo;21594.0;43.78179;6.925747;71.66602;nacional
2019-12-10;Portugal Continental;2019;12;2019-12;completo;20562.0;41.38089;7.481851;74.44479;nacional
2019-12-11;Portugal Continental;2019;12;2019-12;completo;19622.0;41.6809;7.566859;74.50045;nacional
2019-12-12;Portugal Continental;2019;12;2019-12;completo;18858.0;41.04541;7.938785;64.10912;nacional
2019-12-13;Portugal Continental;2019;12;2019-12;completo;18286.0;40.37484;8.637854;61.1793;nacional
2019-12-14;Portugal Continental;2019;12;2019-12;completo;16960.0;39.78567;8.045371;60.20012;nacional
2019-12-15;Portugal Continental;2019;12;2019-12;completo;17221.0;40.66925;7.449617;58.58979;nacional
2019-12-16;Portugal Continental;2019;12;2019-12;completo;20618.0;42.87559;7.590796;68.17783;nacional
2019-12-17;Portugal Continental;2019;12;2019-12;completo;19749.0;41.38879;8.113271;69.33935;nacional
2019-12-18;Portugal Continental;2019;12;2019-12;completo;19005.0;41.71225;8.363873;61.8407;nacional
2019-12-19;Portugal Continental;2019;12;2019-12;completo;16916.0;40.36641;8.731422;53.27454;nacional
2019-12-20;Portugal Continental;2019;12;2019-12;completo;17162.0;40.0;9.105399;53.37899;nacional
2019-12-21;Portugal Continental;2019;12;2019-12;completo;17404.0;41.02549;8.21865;56.75297;nacional
2019-12-22;Portugal Continental;2019;12;2019-12;completo;18201.0;40.91405;7.511708;60.25622;nacional
2019-12-23;Portugal Continental;2019;12;2019-12;completo;19920.0;43.62441;7.028772;62.52822;nacional
2019-12-24;Portugal Continental;2019;12;2019-12;completo;15339.0;39.40179;8.664233;57.64748;nacional
2019-12-25;Portugal Continental;2019;12;2019-12;completo;15023.0;38.74853;8.519553;50.80634;nacional
2019-12-26;Portugal Continental;2019;12;2019-12;completo;21909.0;43.43435;8.075425;83.22382;nacional
2019-12-27;Portugal Continental;2019;12;2019-12;completo;20711.0;42.83039;8.269007;84.64356;nacional
2019-12-28;Portugal Continental;2019;12;2019-12;completo;18366.0;40.21475;8.177352;75.85986;nacional
2019-12-29;Portugal Continental;2019;12;2019-12;completo;17988.0;41.22222;7.281553;73.57709;nacional
2019-12-30;Portugal Continental;2019;12;2019-12;completo;19899.0;42.83982;8.381945;75.59485;nacional
2019-12-31;Portugal Continental;2019;12;2019-12;completo;14982.0;39.45348;9.824748;66.06566;nacional
2020-01-01;Portugal Continental;2020;1;2020-01;completo;14508.0;38.35872;8.747178;53.08966;nacional
2020-01-02;Portugal Continental;2020;1;2020-01;completo;19074.0;42.72169;8.490231;78.47931;nacional
2020-01-03;Portugal Continental;2020;1;2020-01;completo;19025.0;41.05651;8.86369;85.63314;nacional
2020-01-04;Portugal Continental;2020;1;2020-01;completo;17223.0;40.00724;8.703583;80.35456;nacional
2020-01-05;Portugal Continental;2020;1;2020-01;completo;15950.0;39.86958;8.126682;66.08087;nacional
2020-01-06;Portugal Continental;2020;1;2020-01;completo;18901.0;42.26572;7.922912;80.03836;nacional
2020-01-07;Portugal Continental;2020;1;2020-01;completo;18952.0;40.50336;8.504098;84.89933;nacional
2020-01-08;Portugal Continental;2020;1;2020-01;completo;18712.0;39.22419;8.656973;82.32561;nacional
2020-01-09;Portugal Continental;2020;1;2020-01;completo;18617.0;40.56404;8.966199;77.53728;nacional
2020-01-10;Portugal Continental;2020;1;2020-01;completo;18412.0;39.52761;9.304193;81.63342;nacional
2020-01-11;Portugal Continental;2020;1;2020-01;completo;16581.0;38.12172;8.913842;69.30276;nacional
2020-01-12;Portugal Continental;2020;1;2020-01;completo;15860.0;40.16174;7.787455;61.43422;nacional
2020-01-13;Portugal Continental;2020;1;2020-01;completo;20224.0;41.12347;7.530557;76.15975;nacional
2020-01-14;Portugal Continental;2020;1;2020-01;completo;19679.0;40.39463;8.67045;79.66164;nacional
2020-01-15;Portugal Continental;2020;1;2020-01;completo;19519.0;41.2495;8.068175;76.8916;nacional
2020-01-16;Portugal Continental;2020;1;2020-01;completo;19453.0;41.50447;8.104492;72.24427;nacional
2020-01-17;Portugal Continental;2020;1;2020-01;completo;18799.0;39.97722;8.841015;76.50825;nacional
2020-01-18;Portugal Continental;2020;1;2020-01;completo;17768.0;39.54986;8.404711;74.55814;nacional
2020-01-19;Portugal Continental;2020;1;2020-01;completo;17264.0;40.42993;7.458374;60.61689;nacional
2020-01-20;Portugal Continental;2020;1;2020-01;completo;20563.0;42.23342;7.352176;73.51901;nacional
2020-01-21;Portugal Continental;2020;1;2020-01;completo;19832.0;41.27866;7.818313;76.87463;nacional
2020-01-22;Portugal Continental;2020;1;2020-01;completo;19592.0;41.40839;8.152371;75.04429;nacional
2020-01-23;Portugal Continental;2020;1;2020-01;completo;19171.0;40.51778;8.26279;71.93282;nacional
2020-01-24;Portugal Continental;2020;1;2020-01;completo;18590.0;40.45385;8.363045;69.88574;nacional
2020-01-25;Portugal Continental;2020;1;2020-01;completo;17090.0;38.27531;8.643433;64.63083;nacional
2020-01-26;Portugal Continental;2020;1;2020-01;completo;16605.0;39.7879;7.923359;62.54319;nacional
2020-01-27;Portugal Continental;2020;1;2020-01;completo;20464.0;42.46393;6.934137;73.8038;nacional
2020-01-28;Portugal Continental;2020;1;2020-01;completo;19783.0;42.67094;7.896758;75.95588;nacional
2020-01-29;Portugal Continental;2020;1;2020-01;completo;19440.0;40.98102;7.906778;73.99181;nacional
2020-01-30;Portugal Continental;2020;1;2020-01;completo;18926.0;40.61428;8.337769;71.28247;nacional
2020-01-31;Portugal Continental;2020;1;2020-01;completo;17588.0;39.82711;8.778165;64.46304;nacional
2020-02-01;Portugal Continental;2020;2;2020-02;completo;17239.0;39.96387;8.162663;66.02242;nacional
2020-02-02;Portugal Continental;2020;2;2020-02;completo;17395.0;39.58542;7.487291;62.07917;nacional
2020-02-03;Portugal Continental;2020;2;2020-02;completo;21772.0;42.76719;7.326184;84.13195;nacional
2020-02-04;Portugal Continental;2020;2;2020-02;completo;20607.0;41.86882;8.091001;84.34337;nacional
2020-02-05;Portugal Continental;2020;2;2020-02;completo;19566.0;40.394;8.019982;72.395;nacional
2020-02-06;Portugal Continental;2020;2;2020-02;completo;19435.0;40.48101;8.123215;70.53819;nacional
2020-02-07;Portugal Continental;2020;2;2020-02;completo;18846.0;40.88782;8.295237;71.32076;nacional
2020-02-08;Portugal Continental;2020;2;2020-02;completo;16668.0;40.42069;8.596973;60.64685;nacional
2020-02-09;Portugal Continental;2020;2;2020-02;completo;16107.0;41.21859;7.126966;57.87603;nacional
2020-02-10;Portugal Continental;2020;2;2020-02;completo;20726.0;43.29915;7.555189;74.88854;nacional
2020-02-11;Portugal Continental;2020;2;2020-02;completo;20319.0;41.82079;8.335608;77.84869;nacional
2020-02-12;Portugal Continental;2020;2;2020-02;completo;19604.0;41.42157;8.462263;67.10358;nacional
2020-02-13;Portugal Continental;2020;2;2020-02;completo;18561.0;42.96056;7.895596;62.02268;nacional
2020-02-14;Portugal Continental;2020;2;2020-02;completo;17411.0;41.77849;9.082696;64.02881;nacional
2020-02-15;Portugal Continental;2020;2;2020-02;completo;16230.0;39.35854;8.596119;56.63942;nacional
2020-02-16;Portugal Continental;2020;2;2020-02;completo;16217.0;41.78896;7.903808;52.05134;nacional
2020-02-17;Portugal Continental;2020;2;2020-02;completo;20499.0;42.42902;7.909305;63.61708;nacional
2020-02-18;Portugal Continental;2020;2;2020-02;completo;19123.0;42.89168;8.386515;70.52554;nacional
2020-02-19;Portugal Continental;2020;2;2020-02;completo;18989.0;42.50909;8.108492;60.20589;nacional
2020-02-20;Portugal Continental;2020;2;2020-02;completo;18138.0;41.02732;8.290825;56.32081;nacional
2020-02-21;Portugal Continental;2020;2;2020-02;completo;17476.0;41.88309;9.694755;59.85003;nacional
2020-02-22;Portugal Continental;2020;2;2020-02;completo;16930.0;40.19259;8.857809;56.00523;nacional
2020-02-23;Portugal Continental;2020;2;2020-02;completo;15535.0;40.75858;8.275862;51.17553;nacional
2020-02-24;Portugal Continental;2020;2;2020-02;completo;19424.0;42.10266;8.827748;60.28003;nacional
2020-02-25;Portugal Continental;2020;2;2020-02;completo;16828.0;41.07301;8.953692;64.13767;nacional
2020-02-26;Portugal Continental;2020;2;2020-02;completo;17756.0;43.29284;8.344847;58.93905;nacional
2020-02-27;Portugal Continental;2020;2;2020-02;completo;18339.0;41.58585;8.492878;66.45774;nacional
2020-02-28;Portugal Continental;2020;2;2020-02;completo;17261.0;41.31998;9.54039;63.92714;nacional
2020-02-29;Portugal Continental;2020;2;2020-02;completo;15598.0;40.81741;9.424635;55.50309;nacional
2020-03-01;Portugal Continental;2020;3;2020-03;completo;14429.0;40.73541;8.31901;46.60612;nacional
2020-03-02;Portugal Continental;2020;3;2020-03;completo;17776.0;43.84445;8.528565;59.65589;nacional
2020-03-03;Portugal Continental;2020;3;2020-03;completo;17039.0;42.36576;8.984514;61.33212;nacional
2020-03-04;Portugal Continental;2020;3;2020-03;completo;16668.0;41.49774;9.384946;57.05962;nacional
2020-03-05;Portugal Continental;2020;3;2020-03;completo;16112.0;41.82903;8.889909;52.7533;nacional
2020-03-06;Portugal Continental;2020;3;2020-03;completo;15339.0;42.12241;9.892057;48.45979;nacional
2020-03-07;Portugal Continental;2020;3;2020-03;completo;13411.0;40.37567;9.871009;44.55232;nacional
2020-03-08;Portugal Continental;2020;3;2020-03;completo;12924.0;40.44524;10.26225;38.36059;nacional
2020-03-09;Portugal Continental;2020;3;2020-03;completo;16344.0;44.57599;9.53125;51.64063;nacional
2020-03-10;Portugal Continental;2020;3;2020-03;completo;15231.0;42.0124;9.779661;55.70778;nacional
2020-03-11;Portugal Continental;2020;3;2020-03;completo;13722.0;42.2809;10.16701;51.21671;nacional
2020-03-12;Portugal Continental;2020;3;2020-03;completo;12925.0;43.42331;9.952346;47.42653;nacional
2020-03-13;Portugal Continental;2020;3;2020-03;completo;11021.0;43.81644;11.46747;43.24107;nacional
2020-03-14;Portugal Continental;2020;3;2020-03;completo;9412.0;43.02779;11.91668;36.15789;nacional
2020-03-15;Portugal Continental;2020;3;2020-03;completo;8386.0;41.602;11.62892;32.22579;nacional
2020-03-16;Portugal Continental;2020;3;2020-03;completo;8676.0;41.63369;12.68932;30.62179;nacional
2020-03-17;Portugal Continental;2020;3;2020-03;completo;8092.0;42.56711;12.89847;33.26819;nacional
2020-03-18;Portugal Continental;2020;3;2020-03;completo;8011.0;40.56681;13.53591;30.90716;nacional
2020-03-19;Portugal Continental;2020;3;2020-03;completo;7600.0;38.81844;14.93149;32.62437;nacional
2020-03-20;Portugal Continental;2020;3;2020-03;completo;7155.0;40.12078;16.28782;30.87539;nacional
2020-03-21;Portugal Continental;2020;3;2020-03;completo;6562.0;39.32623;15.54724;49.86346;nacional
2020-03-22;Portugal Continental;2020;3;2020-03;completo;6418.0;36.94927;15.04041;32.32209;nacional
2020-03-23;Portugal Continental;2020;3;2020-03;completo;7317.0;40.10828;15.52709;27.56014;nacional
2020-03-24;Portugal Continental;2020;3;2020-03;completo;7150.0;38.041;17.3913;36.22182;nacional
2020-03-25;Portugal Continental;2020;3;2020-03;completo;7244.0;38.84804;16.5963;33.43452;nacional
2020-03-26;Portugal Continental;2020;3;2020-03;completo;8401.0;43.26334;14.05633;47.71227;nacional
2020-03-27;Portugal Continental;2020;3;2020-03;completo;8894.0;44.56009;13.48091;58.84015;nacional
2020-03-28;Portugal Continental;2020;3;2020-03;completo;8287.0;42.81217;13.36361;47.75015;nacional
2020-03-29;Portugal Continental;2020;3;2020-03;completo;7119.0;41.29277;14.60941;39.57234;nacional
2020-03-30;Portugal Continental;2020;3;2020-03;completo;8413.0;44.04956;14.25134;38.83941;nacional
2020-03-31;Portugal Continental;2020;3;2020-03;completo;8148.0;41.79143;14.38829;41.89745;nacional
2020-04-01;Portugal Continental;2020;4;2020-04;completo;7776.0;40.689;14.95627;34.52386;nacional
2020-04-02;Portugal Continental;2020;4;2020-04;completo;8127.0;40.36829;16.05505;35.31152;nacional
2020-04-03;Portugal Continental;2020;4;2020-04;completo;7980.0;40.79156;15.63641;36.89444;nacional
2020-04-04;Portugal Continental;2020;4;2020-04;completo;7657.0;38.02445;15.1611;31.24375;nacional
2020-04-05;Portugal Continental;2020;4;2020-04;completo;6476.0;38.05296;15.77376;30.68661;nacional
2020-04-06;Portugal Continental;2020;4;2020-04;completo;8032.0;40.27077;14.92706;36.6703;nacional
2020-04-07;Portugal Continental;2020;4;2020-04;completo;8328.0;40.33868;14.43243;43.89502;nacional
2020-04-08;Portugal Continental;2020;4;2020-04;completo;8422.0;40.48903;14.89446;35.47583;nacional
2020-04-09;Portugal Continental;2020;4;2020-04;completo;8096.0;39.15874;14.73552;35.57327;nacional
2020-04-10;Portugal Continental;2020;4;2020-04;completo;7582.0;40.51832;14.6389;32.65985;nacional
2020-04-11;Portugal Continental;2020;4;2020-04;completo;7610.0;40.86245;14.90178;29.44469;nacional
2020-04-12;Portugal Continental;2020;4;2020-04;completo;6368.0;36.71538;15.52829;24.54189;nacional
2020-04-13;Portugal Continental;2020;4;2020-04;completo;8605.0;42.51901;13.28939;30.74493;nacional
2020-04-14;Portugal Continental;2020;4;2020-04;completo;8691.0;39.84898;14.42308;29.61494;nacional
2020-04-15;Portugal Continental;2020;4;2020-04;completo;8372.0;38.73874;14.1384;32.11615;nacional
2020-04-16;Portugal Continental;2020;4;2020-04;completo;8298.0;39.7111;14.10024;34.997;nacional
2020-04-17;Portugal Continental;2020;4;2020-04;completo;8731.0;39.35281;14.01628;31.82264;nacional
2020-04-18;Portugal Continental;2020;4;2020-04;completo;8356.0;37.80442;13.72096;29.86122;nacional
2020-04-19;Portugal Continental;2020;4;2020-04;completo;7619.0;39.23458;13.43419;30.76278;nacional
2020-04-20;Portugal Continental;2020;4;2020-04;completo;9140.0;40.01674;13.93932;31.76748;nacional
2020-04-21;Portugal Continental;2020;4;2020-04;completo;8966.0;41.6696;12.76271;37.52399;nacional
2020-04-22;Portugal Continental;2020;4;2020-04;completo;8926.0;39.18967;13.80008;33.6322;nacional
2020-04-23;Portugal Continental;2020;4;2020-04;completo;9034.0;39.35629;13.30904;37.39504;nacional
2020-04-24;Portugal Continental;2020;4;2020-04;completo;9252.0;38.13395;14.40147;36.85959;nacional
2020-04-25;Portugal Continental;2020;4;2020-04;completo;8504.0;37.83952;13.47785;37.03089;nacional
2020-04-26;Portugal Continental;2020;4;2020-04;completo;7878.0;38.30726;12.7836;26.18733;nacional
2020-04-27;Portugal Continental;2020;4;2020-04;completo;9632.0;41.42904;12.53538;34.50722;nacional
2020-04-28;Portugal Continental;2020;4;2020-04;completo;9121.0;41.13697;12.875;45.56464;nacional
2020-04-29;Portugal Continental;2020;4;2020-04;completo;9185.0;39.14538;13.51051;34.3181;nacional
2020-04-30;Portugal Continental;2020;4;2020-04;completo;9143.0;39.77614;13.72622;32.75766;nacional
2020-05-01;Portugal Continental;2020;5;2020-05;completo;8777.0;39.16737;12.25119;38.68438;nacional
2020-05-02;Portugal Continental;2020;5;2020-05;completo;8959.0;37.30643;12.53184;36.42583;nacional
2020-05-03;Portugal Continental;2020;5;2020-05;completo;8198.0;37.50639;13.1129;28.92855;nacional
2020-05-04;Portugal Continental;2020;5;2020-05;completo;10689.0;40.73452;11.82187;32.79805;nacional
2020-05-05;Portugal Continental;2020;5;2020-05;completo;10116.0;39.83791;12.72216;40.85959;nacional
2020-05-06;Portugal Continental;2020;5;2020-05;completo;10244.0;39.39114;12.51387;36.23017;nacional
2020-05-07;Portugal Continental;2020;5;2020-05;completo;9939.0;38.73711;12.66445;36.97455;nacional
2020-05-08;Portugal Continental;2020;5;2020-05;completo;9993.0;38.02847;12.13089;37.96819;nacional
2020-05-09;Portugal Continental;2020;5;2020-05;completo;9376.0;38.63636;13.06213;42.1646;nacional
2020-05-10;Portugal Continental;2020;5;2020-05;completo;8693.0;40.38137;11.65254;28.49973;nacional
2020-05-11;Portugal Continental;2020;5;2020-05;completo;10872.0;40.6371;11.39016;37.08207;nacional
2020-05-12;Portugal Continental;2020;5;2020-05;completo;10107.0;40.13549;12.14943;35.4343;nacional
2020-05-13;Portugal Continental;2020;5;2020-05;completo;10061.0;39.49932;11.80194;38.00875;nacional
2020-05-14;Portugal Continental;2020;5;2020-05;completo;10019.0;38.06033;13.01908;32.46716;nacional
2020-05-15;Portugal Continental;2020;5;2020-05;completo;10240.0;38.17842;12.19512;35.22776;nacional
2020-05-16;Portugal Continental;2020;5;2020-05;completo;9809.0;37.76732;12.54075;35.05453;nacional
2020-05-17;Portugal Continental;2020;5;2020-05;completo;9368.0;38.77161;11.80471;32.37982;nacional
2020-05-18;Portugal Continental;2020;5;2020-05;completo;11538.0;40.86218;11.18581;38.35329;nacional
2020-05-19;Portugal Continental;2020;5;2020-05;completo;11270.0;38.48026;11.91412;40.67728;nacional
2020-05-20;Portugal Continental;2020;5;2020-05;completo;10999.0;38.88729;11.78469;43.31987;nacional
2020-05-21;Portugal Continental;2020;5;2020-05;completo;10631.0;39.16964;11.95929;44.24627;nacional
2020-05-22;Portugal Continental;2020;5;2020-05;completo;10855.0;38.92996;11.84388;46.31796;nacional
2020-05-23;Portugal Continental;2020;5;2020-05;completo;10251.0;38.64729;11.73952;37.06617;nacional
2020-05-24;Portugal Continental;2020;5;2020-05;completo;9947.0;37.8727;11.74089;34.07296;nacional
2020-05-25;Portugal Continental;2020;5;2020-05;completo;12377.0;41.82021;10.67952;35.48905;nacional
2020-05-26;Portugal Continental;2020;5;2020-05;completo;11786.0;39.32826;11.37765;42.86899;nacional
2020-05-27;Portugal Continental;2020;5;2020-05;completo;11618.0;39.08192;11.97156;40.28252;nacional
2020-05-28;Portugal Continental;2020;5;2020-05;completo;11720.0;38.80126;11.67606;41.23352;nacional
2020-05-29;Portugal Continental;2020;5;2020-05;completo;11864.0;40.4299;11.79663;41.25039;nacional
2020-05-30;Portugal Continental;2020;5;2020-05;completo;11502.0;38.16549;11.27917;42.75234;nacional
2020-05-31;Portugal Continental;2020;5;2020-05;completo;11034.0;38.87621;10.29134;35.32491;nacional
2020-06-01;Portugal Continental;2020;6;2020-06;completo;13067.0;41.98842;9.563103;44.58277;nacional
2020-06-02;Portugal Continental;2020;6;2020-06;completo;12590.0;39.38201;10.82843;49.7897;nacional
2020-06-03;Portugal Continental;2020;6;2020-06;completo;12306.0;40.49425;10.22276;46.73102;nacional
2020-06-04;Portugal Continental;2020;6;2020-06;completo;11610.0;39.34056;11.38747;40.30386;nacional
2020-06-05;Portugal Continental;2020;6;2020-06;completo;11545.0;38.32117;11.34682;39.69623;nacional
2020-06-06;Portugal Continental;2020;6;2020-06;completo;11205.0;38.77265;10.64714;38.69379;nacional
2020-06-07;Portugal Continental;2020;6;2020-06;completo;10095.0;38.28133;10.41524;36.92176;nacional
2020-06-08;Portugal Continental;2020;6;2020-06;completo;12420.0;41.10134;9.799227;44.34995;nacional
2020-06-09;Portugal Continental;2020;6;2020-06;completo;11650.0;39.18018;11.78347;40.35879;nacional
2020-06-10;Portugal Continental;2020;6;2020-06;completo;11408.0;38.88838;10.37642;36.88967;nacional
2020-06-11;Portugal Continental;2020;6;2020-06;completo;10669.0;41.86824;10.69272;38.88294;nacional
2020-06-12;Portugal Continental;2020;6;2020-06;completo;12018.0;40.70524;11.24952;40.82046;nacional
2020-06-13;Portugal Continental;2020;6;2020-06;completo;10724.0;38.65151;10.64108;36.32563;nacional
2020-06-14;Portugal Continental;2020;6;2020-06;completo;10182.0;40.0826;10.7009;33.25597;nacional
2020-06-15;Portugal Continental;2020;6;2020-06;completo;12424.0;41.49216;10.21743;41.85407;nacional
2020-06-16;Portugal Continental;2020;6;2020-06;completo;11937.0;40.43375;10.98238;42.82285;nacional
2020-06-17;Portugal Continental;2020;6;2020-06;completo;11632.0;39.56796;11.13167;39.34761;nacional
2020-06-18;Portugal Continental;2020;6;2020-06;completo;11417.0;40.26895;11.71189;44.15095;nacional
2020-06-19;Portugal Continental;2020;6;2020-06;completo;11310.0;39.06337;11.30083;39.23444;nacional
2020-06-20;Portugal Continental;2020;6;2020-06;completo;10653.0;37.05379;10.73548;34.35381;nacional
2020-06-21;Portugal Continental;2020;6;2020-06;completo;10178.0;38.07269;10.62493;31.82112;nacional
2020-06-22;Portugal Continental;2020;6;2020-06;completo;12574.0;40.94619;9.85713;39.58596;nacional
2020-06-23;Portugal Continental;2020;6;2020-06;completo;11838.0;38.55499;12.24571;42.15803;nacional
2020-06-24;Portugal Continental;2020;6;2020-06;completo;11597.0;39.90606;10.73171;42.06205;nacional
2020-06-25;Portugal Continental;2020;6;2020-06;completo;11716.0;39.35131;11.13577;39.62853;nacional
2020-06-26;Portugal Continental;2020;6;2020-06;completo;11425.0;38.32198;11.71225;37.46187;nacional
2020-06-27;Portugal Continental;2020;6;2020-06;completo;11040.0;38.46536;10.26115;32.18379;nacional
2020-06-28;Portugal Continental;2020;6;2020-06;completo;10122.0;36.19242;10.48387;28.62783;nacional
2020-06-29;Portugal Continental;2020;6;2020-06;completo;12397.0;40.81615;9.904271;37.6;nacional
2020-06-30;Portugal Continental;2020;6;2020-06;completo;12217.0;39.57689;10.93851;37.57983;nacional
2020-07-01;Portugal Continental;2020;7;2020-07;completo;11645.0;39.74301;11.2818;41.23007;nacional
2020-07-02;Portugal Continental;2020;7;2020-07;completo;11907.0;38.51184;10.97014;42.15746;nacional
2020-07-03;Portugal Continental;2020;7;2020-07;completo;11325.0;39.84382;11.27436;38.48024;nacional
2020-07-04;Portugal Continental;2020;7;2020-07;completo;10796.0;37.66589;10.71235;33.2177;nacional
2020-07-05;Portugal Continental;2020;7;2020-07;completo;10238.0;37.34261;11.39314;29.2382;nacional
2020-07-06;Portugal Continental;2020;7;2020-07;completo;12700.0;40.1078;10.52537;38.62775;nacional
2020-07-07;Portugal Continental;2020;7;2020-07;completo;12422.0;39.81427;11.13985;45.24674;nacional
2020-07-08;Portugal Continental;2020;7;2020-07;completo;12709.0;40.11897;11.15101;44.04732;nacional
2020-07-09;Portugal Continental;2020;7;2020-07;completo;12562.0;39.8012;10.42186;38.05407;nacional
2020-07-10;Portugal Continental;2020;7;2020-07;completo;12233.0;39.11027;10.95992;42.89317;nacional
2020-07-11;Portugal Continental;2020;7;2020-07;completo;11723.0;37.79142;11.31448;38.62255;nacional
2020-07-12;Portugal Continental;2020;7;2020-07;completo;10920.0;38.93372;10.5922;31.46348;nacional
2020-07-13;Portugal Continental;2020;7;2020-07;completo;13691.0;41.47636;9.77656;44.22853;nacional
2020-07-14;Portugal Continental;2020;7;2020-07;completo;13272.0;40.18529;10.11863;47.57647;nacional
2020-07-15;Portugal Continental;2020;7;2020-07;completo;12804.0;39.93121;10.86976;42.09834;nacional
2020-07-16;Portugal Continental;2020;7;2020-07;completo;13111.0;39.87819;10.22598;39.88535;nacional
2020-07-17;Portugal Continental;2020;7;2020-07;completo;12894.0;38.77851;11.50427;47.67219;nacional
2020-07-18;Portugal Continental;2020;7;2020-07;completo;12280.0;37.36348;11.10265;40.43484;nacional
2020-07-19;Portugal Continental;2020;7;2020-07;completo;11819.0;38.01653;10.57543;35.49226;nacional
2020-07-20;Portugal Continental;2020;7;2020-07;completo;14661.0;41.88869;9.265051;46.91819;nacional
2020-07-21;Portugal Continental;2020;7;2020-07;completo;14389.0;39.81468;10.10922;61.6765;nacional
2020-07-22;Portugal Continental;2020;7;2020-07;completo;13846.0;40.29715;10.08389;47.4977;nacional
2020-07-23;Portugal Continental;2020;7;2020-07;completo;13755.0;39.81849;11.21857;45.13815;nacional
2020-07-24;Portugal Continental;2020;7;2020-07;completo;13416.0;40.51704;10.76701;46.24363;nacional
2020-07-25;Portugal Continental;2020;7;2020-07;completo;12217.0;39.29;10.59246;41.88789;nacional
2020-07-26;Portugal Continental;2020;7;2020-07;completo;11680.0;39.86402;9.618049;38.28908;nacional
2020-07-27;Portugal Continental;2020;7;2020-07;completo;14473.0;41.23209;9.405822;49.19569;nacional
2020-07-28;Portugal Continental;2020;7;2020-07;completo;13813.0;41.06573;10.03976;52.07642;nacional
2020-07-29;Portugal Continental;2020;7;2020-07;completo;13863.0;39.67173;10.48732;43.26995;nacional
2020-07-30;Portugal Continental;2020;7;2020-07;completo;13579.0;41.03167;10.26388;46.66154;nacional
2020-07-31;Portugal Continental;2020;7;2020-07;completo;12953.0;40.1201;10.52401;49.2902;nacional
2020-08-01;Portugal Continental;2020;8;2020-08;completo;12227.0;39.14977;10.48931;40.76955;nacional
2020-08-02;Portugal Continental;2020;8;2020-08;completo;11618.0;40.13205;10.17314;39.30785;nacional
2020-08-03;Portugal Continental;2020;8;2020-08;completo;14452.0;43.90881;9.377513;48.04913;nacional
2020-08-04;Portugal Continental;2020;8;2020-08;completo;14123.0;40.50171;10.61141;48.52129;nacional
2020-08-05;Portugal Continental;2020;8;2020-08;completo;13698.0;39.95413;9.999166;48.42195;nacional
2020-08-06;Portugal Continental;2020;8;2020-08;completo;13556.0;39.97515;10.49705;46.94297;nacional
2020-08-07;Portugal Continental;2020;8;2020-08;completo;13160.0;40.00956;10.80685;45.34897;nacional
2020-08-08;Portugal Continental;2020;8;2020-08;completo;12584.0;38.61568;10.03473;43.91493;nacional
2020-08-09;Portugal Continental;2020;8;2020-08;completo;11729.0;39.87675;9.819402;37.37626;nacional
2020-08-10;Portugal Continental;2020;8;2020-08;completo;14817.0;43.18713;9.193361;48.51329;nacional
2020-08-11;Portugal Continental;2020;8;2020-08;completo;14334.0;40.90976;9.750675;52.57637;nacional
2020-08-12;Portugal Continental;2020;8;2020-08;completo;13849.0;41.68813;9.974319;43.89849;nacional
2020-08-13;Portugal Continental;2020;8;2020-08;completo;13356.0;40.74133;10.11226;41.61029;nacional
2020-08-14;Portugal Continental;2020;8;2020-08;completo;13178.0;41.44302;10.79535;43.07419;nacional
2020-08-15;Portugal Continental;2020;8;2020-08;completo;12355.0;40.71622;9.934653;42.26388;nacional
2020-08-16;Portugal Continental;2020;8;2020-08;completo;11587.0;39.04874;9.206445;34.81052;nacional
2020-08-17;Portugal Continental;2020;8;2020-08;completo;14214.0;41.75638;8.911925;45.45008;nacional
2020-08-18;Portugal Continental;2020;8;2020-08;completo;14073.0;40.7283;10.04753;60.34206;nacional
2020-08-19;Portugal Continental;2020;8;2020-08;completo;13741.0;40.63405;9.745339;47.66514;nacional
2020-08-20;Portugal Continental;2020;8;2020-08;completo;13456.0;39.83144;10.21923;48.51477;nacional
2020-08-21;Portugal Continental;2020;8;2020-08;completo;13177.0;39.68102;10.46992;46.65868;nacional
2020-08-22;Portugal Continental;2020;8;2020-08;completo;12600.0;39.23914;9.683561;46.13166;nacional
2020-08-23;Portugal Continental;2020;8;2020-08;completo;11491.0;39.63264;9.990806;37.82031;nacional
2020-08-24;Portugal Continental;2020;8;2020-08;completo;14500.0;41.6721;9.347345;50.97902;nacional
2020-08-25;Portugal Continental;2020;8;2020-08;completo;13959.0;40.56958;9.978416;54.00183;nacional
2020-08-26;Portugal Continental;2020;8;2020-08;completo;13731.0;41.41676;10.88537;46.53382;nacional
2020-08-27;Portugal Continental;2020;8;2020-08;completo;13484.0;40.2041;10.75011;47.85268;nacional
2020-08-28;Portugal Continental;2020;8;2020-08;completo;13194.0;39.91256;10.08454;49.59179;nacional
2020-08-29;Portugal Continental;2020;8;2020-08;completo;11666.0;39.36696;10.33021;39.91961;nacional
2020-08-30;Portugal Continental;2020;8;2020-08;completo;10991.0;40.44879;10.04591;35.83014;nacional
2020-08-31;Portugal Continental;2020;8;2020-08;completo;13449.0;42.14727;10.04797;49.38294;nacional
2020-09-01;Portugal Continental;2020;9;2020-09;completo;13202.0;40.27844;9.896603;56.88006;nacional
2020-09-02;Portugal Continental;2020;9;2020-09;completo;12953.0;40.4733;10.25209;47.47703;nacional
2020-09-03;Portugal Continental;2020;9;2020-09;completo;12906.0;38.81579;10.36831;43.82869;nacional
2020-09-04;Portugal Continental;2020;9;2020-09;completo;12897.0;41.38549;10.53435;54.52795;nacional
2020-09-05;Portugal Continental;2020;9;2020-09;completo;11982.0;39.4381;10.55653;44.48508;nacional
2020-09-06;Portugal Continental;2020;9;2020-09;completo;11750.0;39.42607;9.988192;44.11868;nacional
2020-09-07;Portugal Continental;2020;9;2020-09;completo;14141.0;41.06919;9.130681;51.9564;nacional
2020-09-08;Portugal Continental;2020;9;2020-09;completo;13734.0;41.31814;9.558333;57.84113;nacional
2020-09-09;Portugal Continental;2020;9;2020-09;completo;13625.0;42.59479;10.37651;48.47888;nacional
2020-09-10;Portugal Continental;2020;9;2020-09;completo;13854.0;42.0157;9.969789;48.32064;nacional
2020-09-11;Portugal Continental;2020;9;2020-09;completo;13578.0;41.89576;11.17198;49.4452;nacional
2020-09-12;Portugal Continental;2020;9;2020-09;completo;12671.0;40.72881;10.17787;47.50533;nacional
2020-09-13;Portugal Continental;2020;9;2020-09;completo;12296.0;40.54627;9.161148;46.78588;nacional
2020-09-14;Portugal Continental;2020;9;2020-09;completo;14655.0;44.14026;8.755364;55.61373;nacional
2020-09-15;Portugal Continental;2020;9;2020-09;completo;14091.0;41.45143;9.834883;57.13623;nacional
2020-09-16;Portugal Continental;2020;9;2020-09;completo;13579.0;41.94918;9.894197;52.13323;nacional
2020-09-17;Portugal Continental;2020;9;2020-09;completo;13171.0;41.25946;9.755682;47.82093;nacional
2020-09-18;Portugal Continental;2020;9;2020-09;completo;12689.0;41.40741;10.70679;57.00378;nacional
2020-09-19;Portugal Continental;2020;9;2020-09;completo;11614.0;41.89909;10.80087;42.08791;nacional
2020-09-20;Portugal Continental;2020;9;2020-09;completo;11522.0;40.85448;10.32088;40.5532;nacional
2020-09-21;Portugal Continental;2020;9;2020-09;completo;14220.0;44.00917;9.189795;45.50605;nacional
2020-09-22;Portugal Continental;2020;9;2020-09;completo;13989.0;41.86343;9.400944;55.72234;nacional
2020-09-23;Portugal Continental;2020;9;2020-09;completo;13941.0;41.7229;9.992718;48.83862;nacional
2020-09-24;Portugal Continental;2020;9;2020-09;completo;13686.0;43.06575;10.52808;46.78671;nacional
2020-09-25;Portugal Continental;2020;9;2020-09;completo;13138.0;43.52707;10.688;44.84079;nacional
2020-09-26;Portugal Continental;2020;9;2020-09;completo;11826.0;39.42247;10.33504;38.50545;nacional
2020-09-27;Portugal Continental;2020;9;2020-09;completo;11695.0;40.17662;10.26881;34.28565;nacional
2020-09-28;Portugal Continental;2020;9;2020-09;completo;14683.0;45.00285;8.882833;46.26785;nacional
2020-09-29;Portugal Continental;2020;9;2020-09;completo;14424.0;43.58471;9.124233;49.77618;nacional
2020-09-30;Portugal Continental;2020;9;2020-09;completo;14107.0;43.81135;9.474516;50.05655;nacional
2020-10-01;Portugal Continental;2020;10;2020-10;completo;13609.0;43.05267;9.763635;51.49712;nacional
2020-10-02;Portugal Continental;2020;10;2020-10;completo;13249.0;41.42085;10.19979;54.09392;nacional
2020-10-03;Portugal Continental;2020;10;2020-10;completo;11913.0;39.95641;10.26661;47.16226;nacional
2020-10-04;Portugal Continental;2020;10;2020-10;completo;11499.0;38.7182;10.80618;42.21595;nacional
2020-10-05;Portugal Continental;2020;10;2020-10;completo;12451.0;42.27499;10.08694;45.87746;nacional
2020-10-06;Portugal Continental;2020;10;2020-10;completo;14654.0;44.31176;8.88681;52.18777;nacional
2020-10-07;Portugal Continental;2020;10;2020-10;completo;14634.0;42.64969;9.639927;53.06958;nacional
2020-10-08;Portugal Continental;2020;10;2020-10;completo;14224.0;41.73484;9.782269;54.77177;nacional
2020-10-09;Portugal Continental;2020;10;2020-10;completo;13875.0;41.57803;9.849611;50.57678;nacional
2020-10-10;Portugal Continental;2020;10;2020-10;completo;12353.0;40.96457;10.08207;47.89241;nacional
2020-10-11;Portugal Continental;2020;10;2020-10;completo;11617.0;41.1828;9.673293;40.3127;nacional
2020-10-12;Portugal Continental;2020;10;2020-10;completo;14258.0;45.03806;9.157869;44.66185;nacional
2020-10-13;Portugal Continental;2020;10;2020-10;completo;14324.0;42.45345;9.921753;50.72738;nacional
2020-10-14;Portugal Continental;2020;10;2020-10;completo;13753.0;43.01999;10.08217;46.63155;nacional
2020-10-15;Portugal Continental;2020;10;2020-10;completo;13226.0;41.99761;9.646797;44.63082;nacional
2020-10-16;Portugal Continental;2020;10;2020-10;completo;13302.0;43.36938;10.37396;53.78843;nacional
2020-10-17;Portugal Continental;2020;10;2020-10;completo;11759.0;42.00261;10.63296;45.13903;nacional
2020-10-18;Portugal Continental;2020;10;2020-10;completo;11396.0;41.60584;11.2268;40.05582;nacional
2020-10-19;Portugal Continental;2020;10;2020-10;completo;13715.0;45.37928;10.24894;46.69573;nacional
2020-10-20;Portugal Continental;2020;10;2020-10;completo;12758.0;42.82212;11.42707;52.29089;nacional
2020-10-21;Portugal Continental;2020;10;2020-10;completo;12918.0;42.45889;11.26295;44.56831;nacional
2020-10-22;Portugal Continental;2020;10;2020-10;completo;13552.0;41.84409;10.86022;50.0547;nacional
2020-10-23;Portugal Continental;2020;10;2020-10;completo;13109.0;43.04929;11.01178;50.49268;nacional
2020-10-24;Portugal Continental;2020;10;2020-10;completo;11361.0;41.96994;11.33183;46.09699;nacional
2020-10-25;Portugal Continental;2020;10;2020-10;completo;10533.0;42.39748;11.12309;47.43791;nacional
2020-10-26;Portugal Continental;2020;10;2020-10;completo;12990.0;43.54063;10.26758;44.13826;nacional
2020-10-27;Portugal Continental;2020;10;2020-10;completo;12868.0;41.35497;10.98501;52.45987;nacional
2020-10-28;Portugal Continental;2020;10;2020-10;completo;12481.0;40.31554;11.16204;47.767;nacional
2020-10-29;Portugal Continental;2020;10;2020-10;completo;12529.0;40.5962;11.0571;54.4;nacional
2020-10-30;Portugal Continental;2020;10;2020-10;completo;12345.0;40.9784;11.38987;64.23974;nacional
2020-10-31;Portugal Continental;2020;10;2020-10;completo;11426.0;39.70573;11.72273;48.83337;nacional
2020-11-01;Portugal Continental;2020;11;2020-11;completo;10497.0;40.13524;12.18866;41.86216;nacional
2020-11-02;Portugal Continental;2020;11;2020-11;completo;13185.0;43.00938;9.915233;52.36207;nacional
2020-11-03;Portugal Continental;2020;11;2020-11;completo;12680.0;40.32573;11.33918;52.91565;nacional
2020-11-04;Portugal Continental;2020;11;2020-11;completo;12348.0;39.25861;11.65519;43.6045;nacional
2020-11-05;Portugal Continental;2020;11;2020-11;completo;11699.0;41.01857;11.84871;43.30035;nacional
2020-11-06;Portugal Continental;2020;11;2020-11;completo;11212.0;39.42363;12.32398;46.77665;nacional
2020-11-07;Portugal Continental;2020;11;2020-11;completo;10611.0;38.87496;13.14267;45.31137;nacional
2020-11-08;Portugal Continental;2020;11;2020-11;completo;9959.0;38.05416;11.88819;40.62031;nacional
2020-11-09;Portugal Continental;2020;11;2020-11;completo;12396.0;40.71429;10.4966;44.95981;nacional
2020-11-10;Portugal Continental;2020;11;2020-11;completo;12303.0;40.50858;11.35974;48.02549;nacional
2020-11-11;Portugal Continental;2020;11;2020-11;completo;12349.0;39.96986;12.2447;46.88188;nacional
2020-11-12;Portugal Continental;2020;11;2020-11;completo;12130.0;39.2725;11.41496;47.08382;nacional
2020-11-13;Portugal Continental;2020;11;2020-11;completo;12167.0;41.06145;11.48321;47.2387;nacional
2020-11-14;Portugal Continental;2020;11;2020-11;completo;10525.0;39.24127;13.48648;40.82088;nacional
2020-11-15;Portugal Continental;2020;11;2020-11;completo;9705.0;41.65481;12.66079;37.63124;nacional
2020-11-16;Portugal Continental;2020;11;2020-11;completo;12954.0;42.15405;11.00761;54.16533;nacional
2020-11-17;Portugal Continental;2020;11;2020-11;completo;12595.0;42.18829;11.25494;51.37573;nacional
2020-11-18;Portugal Continental;2020;11;2020-11;completo;12377.0;40.88007;12.01518;50.3526;nacional
2020-11-19;Portugal Continental;2020;11;2020-11;completo;12669.0;42.19633;12.0071;52.53429;nacional
2020-11-20;Portugal Continental;2020;11;2020-11;completo;12345.0;41.02829;12.31977;52.23394;nacional
2020-11-21;Portugal Continental;2020;11;2020-11;completo;10777.0;39.119;13.38189;50.82298;nacional
2020-11-22;Portugal Continental;2020;11;2020-11;completo;9778.0;40.32169;12.83088;40.28804;nacional
2020-11-23;Portugal Continental;2020;11;2020-11;completo;12308.0;41.51996;10.87989;42.55091;nacional
2020-11-24;Portugal Continental;2020;11;2020-11;completo;12527.0;40.35296;11.86952;46.30953;nacional
2020-11-25;Portugal Continental;2020;11;2020-11;completo;11427.0;40.23577;12.17086;39.09273;nacional
2020-11-26;Portugal Continental;2020;11;2020-11;completo;11547.0;41.06575;12.22986;43.75472;nacional
2020-11-27;Portugal Continental;2020;11;2020-11;completo;11395.0;39.06236;13.84189;48.48868;nacional
2020-11-28;Portugal Continental;2020;11;2020-11;completo;10453.0;37.66807;13.93603;43.73035;nacional
2020-11-29;Portugal Continental;2020;11;2020-11;completo;9328.0;38.0685;13.09857;36.7753;nacional
2020-11-30;Portugal Continental;2020;11;2020-11;completo;11272.0;40.04287;12.28034;50.00703;nacional
2020-12-01;Portugal Continental;2020;12;2020-12;completo;10751.0;39.53534;12.396;51.21922;nacional
2020-12-02;Portugal Continental;2020;12;2020-12;completo;12111.0;40.86376;11.91739;49.35171;nacional
2020-12-03;Portugal Continental;2020;12;2020-12;completo;11987.0;40.5634;11.96146;51.79163;nacional
2020-12-04;Portugal Continental;2020;12;2020-12;completo;11167.0;38.18403;13.71234;55.62713;nacional
2020-12-05;Portugal Continental;2020;12;2020-12;completo;10216.0;37.68146;13.01566;39.29375;nacional
2020-12-06;Portugal Continental;2020;12;2020-12;completo;9360.0;37.65808;13.4592;45.10672;nacional
2020-12-07;Portugal Continental;2020;12;2020-12;completo;11371.0;40.54986;12.24183;47.27051;nacional
2020-12-08;Portugal Continental;2020;12;2020-12;completo;10122.0;39.44687;12.98894;47.51823;nacional
2020-12-09;Portugal Continental;2020;12;2020-12;completo;11780.0;40.17125;11.44736;44.96033;nacional
2020-12-10;Portugal Continental;2020;12;2020-12;completo;11892.0;38.91327;11.58214;53.53343;nacional
2020-12-11;Portugal Continental;2020;12;2020-12;completo;11767.0;38.8522;12.78425;51.4919;nacional
2020-12-12;Portugal Continental;2020;12;2020-12;completo;11083.0;37.95558;13.08121;45.21963;nacional
2020-12-13;Portugal Continental;2020;12;2020-12;completo;10259.0;38.74656;12.36547;39.56668;nacional
2020-12-14;Portugal Continental;2020;12;2020-12;completo;12406.0;40.12153;11.13134;44.51027;nacional
2020-12-15;Portugal Continental;2020;12;2020-12;completo;12207.0;39.00721;12.5;55.13875;nacional
2020-12-16;Portugal Continental;2020;12;2020-12;completo;11961.0;40.17124;12.79288;52.16639;nacional
2020-12-17;Portugal Continental;2020;12;2020-12;completo;11811.0;40.3501;11.36082;47.84475;nacional
2020-12-18;Portugal Continental;2020;12;2020-12;completo;11621.0;38.76815;12.33182;49.34829;nacional
2020-12-19;Portugal Continental;2020;12;2020-12;completo;10809.0;38.60582;12.28527;43.46172;nacional
2020-12-20;Portugal Continental;2020;12;2020-12;completo;9992.0;38.04847;12.43635;37.20297;nacional
2020-12-21;Portugal Continental;2020;12;2020-12;completo;11597.0;40.72803;11.44366;51.39204;nacional
2020-12-22;Portugal Continental;2020;12;2020-12;completo;11635.0;38.65616;13.08258;51.38622;nacional
2020-12-23;Portugal Continental;2020;12;2020-12;completo;11223.0;39.18621;12.50505;45.26719;nacional
2020-12-24;Portugal Continental;2020;12;2020-12;completo;8735.0;38.1456;13.98043;37.36535;nacional
2020-12-25;Portugal Continental;2020;12;2020-12;completo;8517.0;35.63836;13.91802;39.49303;nacional
2020-12-26;Portugal Continental;2020;12;2020-12;completo;11344.0;40.63278;12.0716;48.65295;nacional
2020-12-27;Portugal Continental;2020;12;2020-12;completo;10639.0;38.12851;12.613;52.85539;nacional
2020-12-28;Portugal Continental;2020;12;2020-12;completo;12943.0;41.99288;11.55372;55.26313;nacional
2020-12-29;Portugal Continental;2020;12;2020-12;completo;12677.0;40.81464;12.06309;70.05677;nacional
2020-12-30;Portugal Continental;2020;12;2020-12;completo;12583.0;39.58057;12.03485;61.81915;nacional
2020-12-31;Portugal Continental;2020;12;2020-12;completo;10357.0;37.44574;14.31272;52.90383;nacional
2021-01-01;Portugal Continental;2021;1;2021-01;completo;9626.0;37.17408;14.0599;47.90825;nacional
2021-01-02;Portugal Continental;2021;1;2021-01;completo;11808.0;41.432;11.34112;59.92528;nacional
2021-01-03;Portugal Continental;2021;1;2021-01;completo;11446.0;40.24446;12.06184;72.21994;nacional
2021-01-04;Portugal Continental;2021;1;2021-01;completo;13629.0;42.36052;10.34959;77.54732;nacional
2021-01-05;Portugal Continental;2021;1;2021-01;completo;13889.0;40.66017;11.35248;75.35712;nacional
2021-01-06;Portugal Continental;2021;1;2021-01;completo;13139.0;40.3974;11.84109;73.2448;nacional
2021-01-07;Portugal Continental;2021;1;2021-01;completo;12682.0;40.38841;12.40786;62.75274;nacional
2021-01-08;Portugal Continental;2021;1;2021-01;completo;11979.0;39.74124;12.92626;64.23816;nacional
2021-01-09;Portugal Continental;2021;1;2021-01;completo;10481.0;38.31963;14.79619;62.17476;nacional
2021-01-10;Portugal Continental;2021;1;2021-01;completo;9989.0;39.65427;13.84581;62.2537;nacional
2021-01-11;Portugal Continental;2021;1;2021-01;completo;11942.0;41.70044;12.72064;71.62576;nacional
2021-01-12;Portugal Continental;2021;1;2021-01;completo;12012.0;41.08155;13.19858;61.23468;nacional
2021-01-13;Portugal Continental;2021;1;2021-01;completo;11878.0;39.69263;13.75511;61.60223;nacional
2021-01-14;Portugal Continental;2021;1;2021-01;completo;11723.0;39.80556;13.44579;58.92701;nacional
2021-01-15;Portugal Continental;2021;1;2021-01;completo;11674.0;40.72718;14.1796;66.66253;nacional
2021-01-16;Portugal Continental;2021;1;2021-01;completo;10407.0;39.60954;14.587;66.18922;nacional
2021-01-17;Portugal Continental;2021;1;2021-01;completo;9574.0;39.24009;14.78135;52.218;nacional
2021-01-18;Portugal Continental;2021;1;2021-01;completo;11444.0;43.65137;13.05553;51.23027;nacional
2021-01-19;Portugal Continental;2021;1;2021-01;completo;10701.0;41.07928;15.19613;50.99226;nacional
2021-01-20;Portugal Continental;2021;1;2021-01;completo;9940.0;40.66316;15.61073;49.43462;nacional
2021-01-21;Portugal Continental;2021;1;2021-01;completo;9783.0;40.56917;15.53162;46.75773;nacional
2021-01-22;Portugal Continental;2021;1;2021-01;completo;9386.0;39.933;16.99605;48.1732;nacional
2021-01-23;Portugal Continental;2021;1;2021-01;completo;8622.0;39.34177;16.69651;64.37709;nacional
2021-01-24;Portugal Continental;2021;1;2021-01;completo;8269.0;40.67775;16.40342;49.12191;nacional
2021-01-25;Portugal Continental;2021;1;2021-01;completo;10067.0;40.3049;15.39245;58.32762;nacional
2021-01-26;Portugal Continental;2021;1;2021-01;completo;10013.0;39.17945;17.20058;62.65255;nacional
2021-01-27;Portugal Continental;2021;1;2021-01;completo;9367.0;40.10719;18.10755;64.06957;nacional
2021-01-28;Portugal Continental;2021;1;2021-01;completo;9185.0;37.85919;17.29463;58.46308;nacional
2021-01-29;Portugal Continental;2021;1;2021-01;completo;8489.0;38.89025;18.48461;44.04251;nacional
2021-01-30;Portugal Continental;2021;1;2021-01;completo;7883.0;38.7397;17.88391;43.40906;nacional
2021-01-31;Portugal Continental;2021;1;2021-01;completo;7430.0;37.88317;18.33616;38.23023;nacional
2021-02-01;Portugal Continental;2021;2;2021-02;completo;8693.0;39.76681;17.03021;42.3972;nacional
2021-02-02;Portugal Continental;2021;2;2021-02;completo;8773.0;38.67854;18.62545;52.07122;nacional
2021-02-03;Portugal Continental;2021;2;2021-02;completo;8704.0;38.13884;19.72531;43.78848;nacional
2021-02-04;Portugal Continental;2021;2;2021-02;completo;8668.0;39.51753;17.38214;39.60979;nacional
2021-02-05;Portugal Continental;2021;2;2021-02;completo;8665.0;36.32842;17.87746;40.8532;nacional
2021-02-06;Portugal Continental;2021;2;2021-02;completo;7970.0;38.24973;17.19709;40.21392;nacional
2021-02-07;Portugal Continental;2021;2;2021-02;completo;7352.0;38.6089;17.74194;30.17674;nacional
2021-02-08;Portugal Continental;2021;2;2021-02;completo;8748.0;39.7968;15.53665;42.08796;nacional
2021-02-09;Portugal Continental;2021;2;2021-02;completo;8881.0;38.08658;17.44949;44.02889;nacional
2021-02-10;Portugal Continental;2021;2;2021-02;completo;8810.0;37.79354;16.56584;43.7761;nacional
2021-02-11;Portugal Continental;2021;2;2021-02;completo;9027.0;37.32697;16.27098;38.64933;nacional
2021-02-12;Portugal Continental;2021;2;2021-02;completo;8895.0;37.47195;15.95535;36.1151;nacional
2021-02-13;Portugal Continental;2021;2;2021-02;completo;8662.0;37.1156;15.63071;43.92503;nacional
2021-02-14;Portugal Continental;2021;2;2021-02;completo;7628.0;37.26387;14.85519;28.97903;nacional
2021-02-15;Portugal Continental;2021;2;2021-02;completo;9808.0;39.54852;13.89767;40.32361;nacional
2021-02-16;Portugal Continental;2021;2;2021-02;completo;9181.0;37.49707;15.44996;46.10194;nacional
2021-02-17;Portugal Continental;2021;2;2021-02;completo;9593.0;37.70399;13.63259;37.20681;nacional
2021-02-18;Portugal Continental;2021;2;2021-02;completo;9103.0;36.82786;14.95572;36.37559;nacional
2021-02-19;Portugal Continental;2021;2;2021-02;completo;9860.0;37.51916;14.53724;40.8647;nacional
2021-02-20;Portugal Continental;2021;2;2021-02;completo;8444.0;36.57557;15.4877;37.71277;nacional
2021-02-21;Portugal Continental;2021;2;2021-02;completo;8069.0;39.45286;13.11713;32.56914;nacional
2021-02-22;Portugal Continental;2021;2;2021-02;completo;10311.0;39.68337;12.28401;36.17387;nacional
2021-02-23;Portugal Continental;2021;2;2021-02;completo;10289.0;37.7438;13.35298;43.60571;nacional
2021-02-24;Portugal Continental;2021;2;2021-02;completo;10343.0;38.20483;12.97593;37.17577;nacional
2021-02-25;Portugal Continental;2021;2;2021-02;completo;9892.0;37.30288;14.33069;42.34714;nacional
2021-02-26;Portugal Continental;2021;2;2021-02;completo;9949.0;37.45089;13.5012;40.90742;nacional
2021-02-27;Portugal Continental;2021;2;2021-02;completo;9573.0;37.73903;13.30462;37.35009;nacional
2021-02-28;Portugal Continental;2021;2;2021-02;completo;8832.0;35.97802;12.81207;28.20257;nacional
2021-03-01;Portugal Continental;2021;3;2021-03;completo;10337.0;40.58897;11.98531;37.25249;nacional
2021-03-02;Portugal Continental;2021;3;2021-03;completo;10389.0;38.96753;13.04732;49.99213;nacional
2021-03-03;Portugal Continental;2021;3;2021-03;completo;10444.0;39.36868;12.84224;43.92961;nacional
2021-03-04;Portugal Continental;2021;3;2021-03;completo;9983.0;38.75324;12.38826;42.14502;nacional
2021-03-05;Portugal Continental;2021;3;2021-03;completo;10176.0;37.72023;12.75716;44.97493;nacional
2021-03-06;Portugal Continental;2021;3;2021-03;completo;9663.0;36.93845;12.90009;40.2096;nacional
2021-03-07;Portugal Continental;2021;3;2021-03;completo;9111.0;38.99536;11.79975;30.92738;nacional
2021-03-08;Portugal Continental;2021;3;2021-03;completo;10894.0;41.03074;11.82931;38.98947;nacional
2021-03-09;Portugal Continental;2021;3;2021-03;completo;10800.0;40.05594;12.74427;43.14035;nacional
2021-03-10;Portugal Continental;2021;3;2021-03;completo;10685.0;38.49053;13.03883;42.05225;nacional
2021-03-11;Portugal Continental;2021;3;2021-03;completo;10367.0;39.36425;12.364;41.74292;nacional
2021-03-12;Portugal Continental;2021;3;2021-03;completo;10638.0;39.70499;12.52126;41.57323;nacional
2021-03-13;Portugal Continental;2021;3;2021-03;completo;10012.0;39.21231;12.24398;45.26287;nacional
2021-03-14;Portugal Continental;2021;3;2021-03;completo;9455.0;37.97324;12.44747;32.35099;nacional
2021-03-15;Portugal Continental;2021;3;2021-03;completo;11678.0;41.95682;10.97585;39.14983;nacional
2021-03-16;Portugal Continental;2021;3;2021-03;completo;11581.0;39.06588;11.92308;44.43579;nacional
2021-03-17;Portugal Continental;2021;3;2021-03;completo;11587.0;38.50816;12.09006;44.87671;nacional
2021-03-18;Portugal Continental;2021;3;2021-03;completo;11537.0;39.88944;11.86441;41.65037;nacional
2021-03-19;Portugal Continental;2021;3;2021-03;completo;11041.0;40.13378;11.8925;39.86091;nacional
2021-03-20;Portugal Continental;2021;3;2021-03;completo;10647.0;36.92794;11.70933;41.82001;nacional
2021-03-21;Portugal Continental;2021;3;2021-03;completo;9639.0;38.24921;11.42038;39.30624;nacional
2021-03-22;Portugal Continental;2021;3;2021-03;completo;12513.0;41.87586;10.8854;45.01418;nacional
2021-03-23;Portugal Continental;2021;3;2021-03;completo;12123.0;38.43742;12.50354;49.85057;nacional
2021-03-24;Portugal Continental;2021;3;2021-03;completo;11777.0;39.58582;12.11884;42.7967;nacional
2021-03-25;Portugal Continental;2021;3;2021-03;completo;11427.0;39.53838;11.52353;41.36288;nacional
2021-03-26;Portugal Continental;2021;3;2021-03;completo;11297.0;39.47186;11.88673;43.05912;nacional
2021-03-27;Portugal Continental;2021;3;2021-03;completo;10421.0;37.64427;11.82049;37.11813;nacional
2021-03-28;Portugal Continental;2021;3;2021-03;completo;9658.0;38.34238;11.00874;32.00193;nacional
2021-03-29;Portugal Continental;2021;3;2021-03;completo;12283.0;41.49516;10.7326;40.4639;nacional
2021-03-30;Portugal Continental;2021;3;2021-03;completo;12417.0;37.44447;11.47105;46.73838;nacional
2021-03-31;Portugal Continental;2021;3;2021-03;completo;12302.0;39.79138;12.51047;47.05501;nacional
2021-04-01;Portugal Continental;2021;4;2021-04;completo;12010.0;39.96162;11.55292;49.66809;nacional
2021-04-02;Portugal Continental;2021;4;2021-04;completo;11562.0;40.74107;11.26423;44.94068;nacional
2021-04-03;Portugal Continental;2021;4;2021-04;completo;11170.0;39.45559;11.09268;41.17546;nacional
2021-04-04;Portugal Continental;2021;4;2021-04;completo;9404.0;37.37272;11.2255;33.60425;nacional
2021-04-05;Portugal Continental;2021;4;2021-04;completo;13327.0;43.68488;9.935815;45.78733;nacional
2021-04-06;Portugal Continental;2021;4;2021-04;completo;13290.0;41.62192;11.1918;52.48149;nacional
2021-04-07;Portugal Continental;2021;4;2021-04;completo;13078.0;42.09434;11.34526;49.26211;nacional
2021-04-08;Portugal Continental;2021;4;2021-04;completo;13169.0;41.32416;9.973245;43.09238;nacional
2021-04-09;Portugal Continental;2021;4;2021-04;completo;13004.0;41.67782;10.74968;48.06053;nacional
2021-04-10;Portugal Continental;2021;4;2021-04;completo;11485.0;40.25536;10.87604;45.80904;nacional
2021-04-11;Portugal Continental;2021;4;2021-04;completo;10904.0;38.98795;10.39739;39.44617;nacional
2021-04-12;Portugal Continental;2021;4;2021-04;completo;14327.0;43.60047;9.222682;45.95402;nacional
2021-04-13;Portugal Continental;2021;4;2021-04;completo;13616.0;42.19604;10.56111;47.90457;nacional
2021-04-14;Portugal Continental;2021;4;2021-04;completo;13648.0;41.23909;10.23609;47.68192;nacional
2021-04-15;Portugal Continental;2021;4;2021-04;completo;13648.0;41.7938;10.24866;46.98893;nacional
2021-04-16;Portugal Continental;2021;4;2021-04;completo;13469.0;40.73355;9.562479;45.56346;nacional
2021-04-17;Portugal Continental;2021;4;2021-04;completo;11834.0;40.20828;9.912593;41.97417;nacional
2021-04-18;Portugal Continental;2021;4;2021-04;completo;11564.0;41.27833;9.698831;37.98979;nacional
2021-04-19;Portugal Continental;2021;4;2021-04;completo;14662.0;45.09916;8.552374;45.08297;nacional
2021-04-20;Portugal Continental;2021;4;2021-04;completo;14607.0;43.23254;9.603274;46.71912;nacional
2021-04-21;Portugal Continental;2021;4;2021-04;completo;14104.0;43.17692;10.09196;48.27809;nacional
2021-04-22;Portugal Continental;2021;4;2021-04;completo;13979.0;43.10225;9.601932;46.74273;nacional
2021-04-23;Portugal Continental;2021;4;2021-04;completo;13881.0;42.02361;9.933398;50.45887;nacional
2021-04-24;Portugal Continental;2021;4;2021-04;completo;12013.0;40.19642;10.11407;46.16508;nacional
2021-04-25;Portugal Continental;2021;4;2021-04;completo;11459.0;40.99453;9.495216;39.44151;nacional
2021-04-26;Portugal Continental;2021;4;2021-04;completo;15305.0;44.10418;9.027568;50.27658;nacional
2021-04-27;Portugal Continental;2021;4;2021-04;completo;15411.0;43.29805;9.158324;54.80101;nacional
2021-04-28;Portugal Continental;2021;4;2021-04;completo;14514.0;42.57892;9.412405;50.76607;nacional
2021-04-29;Portugal Continental;2021;4;2021-04;completo;14319.0;42.02888;9.703417;48.13768;nacional
2021-04-30;Portugal Continental;2021;4;2021-04;completo;13912.0;42.02789;9.855025;45.11552;nacional
2021-05-01;Portugal Continental;2021;5;2021-05;completo;12605.0;41.56957;10.38153;46.35075;nacional
2021-05-02;Portugal Continental;2021;5;2021-05;completo;11195.0;40.34766;9.762901;37.84695;nacional
2021-05-03;Portugal Continental;2021;5;2021-05;completo;15691.0;44.10489;8.660733;49.49089;nacional
2021-05-04;Portugal Continental;2021;5;2021-05;completo;15265.0;44.21862;9.437842;53.80726;nacional
2021-05-05;Portugal Continental;2021;5;2021-05;completo;15158.0;42.2071;10.03394;48.05547;nacional
2021-05-06;Portugal Continental;2021;5;2021-05;completo;14978.0;44.40336;9.526454;51.55246;nacional
2021-05-07;Portugal Continental;2021;5;2021-05;completo;14653.0;43.13363;10.07758;56.10342;nacional
2021-05-08;Portugal Continental;2021;5;2021-05;completo;13320.0;41.43449;9.6251;59.95546;nacional
2021-05-09;Portugal Continental;2021;5;2021-05;completo;12846.0;41.7575;9.246543;40.93428;nacional
2021-05-10;Portugal Continental;2021;5;2021-05;completo;16039.0;46.56816;9.022997;46.81681;nacional
2021-05-11;Portugal Continental;2021;5;2021-05;completo;15200.0;43.80289;9.383112;53.17432;nacional
2021-05-12;Portugal Continental;2021;5;2021-05;completo;15568.0;43.95094;8.862312;51.86717;nacional
2021-05-13;Portugal Continental;2021;5;2021-05;completo;15055.0;45.05463;8.672411;50.67864;nacional
2021-05-14;Portugal Continental;2021;5;2021-05;completo;15248.0;43.2317;8.35659;55.58924;nacional
2021-05-15;Portugal Continental;2021;5;2021-05;completo;13663.0;40.79302;9.030568;48.70768;nacional
2021-05-16;Portugal Continental;2021;5;2021-05;completo;13161.0;42.73019;8.911247;45.76902;nacional
2021-05-17;Portugal Continental;2021;5;2021-05;completo;17357.0;46.08318;8.135456;54.21823;nacional
2021-05-18;Portugal Continental;2021;5;2021-05;completo;17292.0;44.5376;8.137075;61.1352;nacional
2021-05-19;Portugal Continental;2021;5;2021-05;completo;16450.0;44.18495;8.975286;60.51158;nacional
2021-05-20;Portugal Continental;2021;5;2021-05;completo;15813.0;44.51441;8.857038;56.06808;nacional
2021-05-21;Portugal Continental;2021;5;2021-05;completo;15948.0;44.39751;8.997764;53.6958;nacional
2021-05-22;Portugal Continental;2021;5;2021-05;completo;13911.0;44.26587;9.332774;56.96093;nacional
2021-05-23;Portugal Continental;2021;5;2021-05;completo;13090.0;43.66257;8.873178;39.32435;nacional
2021-05-24;Portugal Continental;2021;5;2021-05;completo;17209.0;47.43647;7.72471;54.22297;nacional
2021-05-25;Portugal Continental;2021;5;2021-05;completo;16590.0;44.78676;8.805165;55.84908;nacional
2021-05-26;Portugal Continental;2021;5;2021-05;completo;16677.0;44.55275;9.186152;54.53191;nacional
2021-05-27;Portugal Continental;2021;5;2021-05;completo;16419.0;44.90763;8.197425;57.07391;nacional
2021-05-28;Portugal Continental;2021;5;2021-05;completo;15860.0;43.9002;8.418876;53.01615;nacional
2021-05-29;Portugal Continental;2021;5;2021-05;completo;13964.0;43.01833;9.016046;53.7053;nacional
2021-05-30;Portugal Continental;2021;5;2021-05;completo;13947.0;43.46544;8.519444;47.01558;nacional
2021-05-31;Portugal Continental;2021;5;2021-05;completo;18023.0;46.13227;7.855542;51.90823;nacional
2021-06-01;Portugal Continental;2021;6;2021-06;completo;16736.0;45.61937;8.382353;61.29395;nacional
2021-06-02;Portugal Continental;2021;6;2021-06;completo;16658.0;45.03668;8.906854;62.24261;nacional
2021-06-03;Portugal Continental;2021;6;2021-06;completo;14755.0;43.47287;8.464487;53.89124;nacional
2021-06-04;Portugal Continental;2021;6;2021-06;completo;16158.0;45.51203;8.381742;59.72691;nacional
2021-06-05;Portugal Continental;2021;6;2021-06;completo;14531.0;43.31482;9.020101;53.94229;nacional
2021-06-06;Portugal Continental;2021;6;2021-06;completo;13621.0;43.8089;8.238403;44.93687;nacional
2021-06-07;Portugal Continental;2021;6;2021-06;completo;17983.0;48.48615;7.56297;59.06519;nacional
2021-06-08;Portugal Continental;2021;6;2021-06;completo;17602.0;46.8744;8.454849;61.0535;nacional
2021-06-09;Portugal Continental;2021;6;2021-06;completo;16672.0;45.44728;8.689101;58.87832;nacional
2021-06-10;Portugal Continental;2021;6;2021-06;completo;15283.0;44.89322;8.578355;50.63239;nacional
2021-06-11;Portugal Continental;2021;6;2021-06;completo;16822.0;46.07254;7.938719;55.8412;nacional
2021-06-12;Portugal Continental;2021;6;2021-06;completo;15289.0;43.81063;8.510472;59.19857;nacional
2021-06-13;Portugal Continental;2021;6;2021-06;completo;14526.0;45.11906;7.563165;45.83919;nacional
2021-06-14;Portugal Continental;2021;6;2021-06;completo;19019.0;47.22239;7.17342;65.49332;nacional
2021-06-15;Portugal Continental;2021;6;2021-06;completo;18370.0;45.63615;7.986892;71.14111;nacional
2021-06-16;Portugal Continental;2021;6;2021-06;completo;18216.0;45.02544;8.356808;67.03654;nacional
2021-06-17;Portugal Continental;2021;6;2021-06;completo;17597.0;44.9071;8.371345;62.60468;nacional
2021-06-18;Portugal Continental;2021;6;2021-06;completo;16336.0;43.61201;9.05506;58.75588;nacional
2021-06-19;Portugal Continental;2021;6;2021-06;completo;14292.0;43.43826;8.698578;57.92227;nacional
2021-06-20;Portugal Continental;2021;6;2021-06;completo;14389.0;44.15857;7.808355;48.15269;nacional
2021-06-21;Portugal Continental;2021;6;2021-06;completo;17973.0;47.77245;7.447291;54.478;nacional
2021-06-22;Portugal Continental;2021;6;2021-06;completo;16962.0;45.35188;8.401909;62.84762;nacional
2021-06-23;Portugal Continental;2021;6;2021-06;completo;16062.0;44.64634;8.576016;55.14584;nacional
2021-06-24;Portugal Continental;2021;6;2021-06;completo;16393.0;45.34207;8.507398;57.20221;nacional
2021-06-25;Portugal Continental;2021;6;2021-06;completo;16703.0;44.56907;8.86562;58.31385;nacional
2021-06-26;Portugal Continental;2021;6;2021-06;completo;15043.0;43.22339;8.962597;59.28207;nacional
2021-06-27;Portugal Continental;2021;6;2021-06;completo;14512.0;43.50833;7.35668;56.6853;nacional
2021-06-28;Portugal Continental;2021;6;2021-06;completo;17944.0;47.45282;7.421126;56.36533;nacional
2021-06-29;Portugal Continental;2021;6;2021-06;completo;17471.0;45.58482;8.230365;62.70634;nacional
2021-06-30;Portugal Continental;2021;6;2021-06;completo;16883.0;45.53994;8.576281;57.38417;nacional
2021-07-01;Portugal Continental;2021;7;2021-07;completo;16446.0;45.14207;8.546394;55.5744;nacional
2021-07-02;Portugal Continental;2021;7;2021-07;completo;16189.0;44.24803;9.059026;56.68653;nacional
2021-07-03;Portugal Continental;2021;7;2021-07;completo;15085.0;44.26077;8.026098;63.72169;nacional
2021-07-04;Portugal Continental;2021;7;2021-07;completo;14295.0;45.1652;8.143323;50.73572;nacional
2021-07-05;Portugal Continental;2021;7;2021-07;completo;17904.0;47.80652;7.577046;62.99302;nacional
2021-07-06;Portugal Continental;2021;7;2021-07;completo;17390.0;46.69603;8.142928;59.26107;nacional
2021-07-07;Portugal Continental;2021;7;2021-07;completo;16858.0;45.55962;8.517237;58.19558;nacional
2021-07-08;Portugal Continental;2021;7;2021-07;completo;16005.0;45.08374;8.507978;62.35378;nacional
2021-07-09;Portugal Continental;2021;7;2021-07;completo;15826.0;44.45131;9.059439;49.62284;nacional
2021-07-10;Portugal Continental;2021;7;2021-07;completo;14975.0;42.85714;8.671893;49.13475;nacional
2021-07-11;Portugal Continental;2021;7;2021-07;completo;14652.0;43.15115;8.267451;49.21717;nacional
2021-07-12;Portugal Continental;2021;7;2021-07;completo;17627.0;45.15359;8.397827;58.48486;nacional
2021-07-13;Portugal Continental;2021;7;2021-07;completo;17227.0;45.26027;8.684301;65.03014;nacional
2021-07-14;Portugal Continental;2021;7;2021-07;completo;17108.0;44.95751;8.602763;60.89567;nacional
2021-07-15;Portugal Continental;2021;7;2021-07;completo;16886.0;44.19301;8.121239;56.13905;nacional
2021-07-16;Portugal Continental;2021;7;2021-07;completo;16254.0;43.79207;8.408322;58.61901;nacional
2021-07-17;Portugal Continental;2021;7;2021-07;completo;15241.0;42.45734;8.921178;61.14762;nacional
2021-07-18;Portugal Continental;2021;7;2021-07;completo;15246.0;44.10662;8.787472;51.66156;nacional
2021-07-19;Portugal Continental;2021;7;2021-07;completo;18126.0;45.98709;7.922841;59.60262;nacional
2021-07-20;Portugal Continental;2021;7;2021-07;completo;18067.0;43.6497;8.575724;67.16994;nacional
2021-07-21;Portugal Continental;2021;7;2021-07;completo;17136.0;43.36586;8.429385;66.35893;nacional
2021-07-22;Portugal Continental;2021;7;2021-07;completo;16725.0;44.37805;8.783642;66.06652;nacional
2021-07-23;Portugal Continental;2021;7;2021-07;completo;16603.0;42.28415;8.908717;60.04847;nacional
2021-07-24;Portugal Continental;2021;7;2021-07;completo;15066.0;42.54665;8.915339;57.09249;nacional
2021-07-25;Portugal Continental;2021;7;2021-07;completo;14707.0;42.85085;8.193006;53.63314;nacional
2021-07-26;Portugal Continental;2021;7;2021-07;completo;17481.0;44.42582;7.966267;59.64632;nacional
2021-07-27;Portugal Continental;2021;7;2021-07;completo;17178.0;42.69424;8.550288;63.69064;nacional
2021-07-28;Portugal Continental;2021;7;2021-07;completo;16902.0;43.46228;8.71048;59.74218;nacional
2021-07-29;Portugal Continental;2021;7;2021-07;completo;16409.0;43.02768;8.410138;58.69553;nacional
2021-07-30;Portugal Continental;2021;7;2021-07;completo;16267.0;42.66027;8.924;60.07454;nacional
2021-07-31;Portugal Continental;2021;7;2021-07;completo;15029.0;42.79752;8.330738;60.85239;nacional
2021-08-01;Portugal Continental;2021;8;2021-08;completo;14148.0;43.39017;8.704663;48.57409;nacional
2021-08-02;Portugal Continental;2021;8;2021-08;completo;17777.0;44.81898;7.895975;61.66808;nacional
2021-08-03;Portugal Continental;2021;8;2021-08;completo;17399.0;42.77218;8.617943;67.87086;nacional
2021-08-04;Portugal Continental;2021;8;2021-08;completo;16878.0;44.27183;8.332755;59.82871;nacional
2021-08-05;Portugal Continental;2021;8;2021-08;completo;16557.0;43.81209;8.722741;68.47445;nacional
2021-08-06;Portugal Continental;2021;8;2021-08;completo;16115.0;42.47739;8.705475;60.95235;nacional
2021-08-07;Portugal Continental;2021;8;2021-08;completo;15222.0;42.81094;9.415451;65.23424;nacional
2021-08-08;Portugal Continental;2021;8;2021-08;completo;14257.0;42.45488;8.847911;47.48384;nacional
2021-08-09;Portugal Continental;2021;8;2021-08;completo;17753.0;44.85438;8.011869;59.14805;nacional
2021-08-10;Portugal Continental;2021;8;2021-08;completo;17131.0;42.90125;8.628288;73.35619;nacional
2021-08-11;Portugal Continental;2021;8;2021-08;completo;16709.0;42.75283;9.303824;66.41855;nacional
2021-08-12;Portugal Continental;2021;8;2021-08;completo;16710.0;42.87014;8.557902;62.94537;nacional
2021-08-13;Portugal Continental;2021;8;2021-08;completo;16195.0;42.85046;9.395726;55.4052;nacional
2021-08-14;Portugal Continental;2021;8;2021-08;completo;15162.0;42.26407;9.039727;57.41938;nacional
2021-08-15;Portugal Continental;2021;8;2021-08;completo;14583.0;41.4716;8.260105;53.90792;nacional
2021-08-16;Portugal Continental;2021;8;2021-08;completo;17553.0;44.51152;8.276005;56.34956;nacional
2021-08-17;Portugal Continental;2021;8;2021-08;completo;17509.0;44.07817;8.617457;66.07009;nacional
2021-08-18;Portugal Continental;2021;8;2021-08;completo;16821.0;43.25719;8.980028;63.03719;nacional
2021-08-19;Portugal Continental;2021;8;2021-08;completo;16437.0;43.79562;8.301003;62.51955;nacional
2021-08-20;Portugal Continental;2021;8;2021-08;completo;16143.0;43.25684;9.024319;60.7186;nacional
2021-08-21;Portugal Continental;2021;8;2021-08;completo;14775.0;41.63541;9.357828;61.26099;nacional
2021-08-22;Portugal Continental;2021;8;2021-08;completo;14389.0;41.88509;8.529561;55.98073;nacional
2021-08-23;Portugal Continental;2021;8;2021-08;completo;16867.0;43.34267;8.19305;58.25106;nacional
2021-08-24;Portugal Continental;2021;8;2021-08;completo;16768.0;42.96406;8.926426;66.71587;nacional
2021-08-25;Portugal Continental;2021;8;2021-08;completo;16642.0;43.13149;9.312527;62.97462;nacional
2021-08-26;Portugal Continental;2021;8;2021-08;completo;16421.0;43.61146;8.978701;63.72201;nacional
2021-08-27;Portugal Continental;2021;8;2021-08;completo;16030.0;43.10239;8.778341;60.88963;nacional
2021-08-28;Portugal Continental;2021;8;2021-08;completo;14518.0;41.75767;9.214273;64.57785;nacional
2021-08-29;Portugal Continental;2021;8;2021-08;completo;13923.0;43.43677;8.58287;51.79795;nacional
2021-08-30;Portugal Continental;2021;8;2021-08;completo;16313.0;45.71867;8.082596;60.00777;nacional
2021-08-31;Portugal Continental;2021;8;2021-08;completo;16404.0;43.07026;9.084925;63.48389;nacional
2021-09-01;Portugal Continental;2021;9;2021-09;completo;15852.0;41.4874;9.135597;64.76437;nacional
2021-09-02;Portugal Continental;2021;9;2021-09;completo;15387.0;41.15767;8.513245;65.00398;nacional
2021-09-03;Portugal Continental;2021;9;2021-09;completo;15247.0;42.55441;9.62191;60.35624;nacional
2021-09-04;Portugal Continental;2021;9;2021-09;completo;14078.0;41.89659;9.028309;64.46101;nacional
2021-09-05;Portugal Continental;2021;9;2021-09;completo;13950.0;42.6426;8.160478;58.99342;nacional
2021-09-06;Portugal Continental;2021;9;2021-09;completo;16951.0;43.87951;8.056839;63.6411;nacional
2021-09-07;Portugal Continental;2021;9;2021-09;completo;16567.0;41.54201;8.881886;74.47632;nacional
2021-09-08;Portugal Continental;2021;9;2021-09;completo;16033.0;42.43703;8.765441;64.11217;nacional
2021-09-09;Portugal Continental;2021;9;2021-09;completo;16057.0;43.66523;8.907186;60.3793;nacional
2021-09-10;Portugal Continental;2021;9;2021-09;completo;15794.0;43.3232;9.029845;63.07748;nacional
2021-09-11;Portugal Continental;2021;9;2021-09;completo;14674.0;42.54903;9.504652;62.98129;nacional
2021-09-12;Portugal Continental;2021;9;2021-09;completo;14647.0;43.15445;8.480856;52.78519;nacional
2021-09-13;Portugal Continental;2021;9;2021-09;completo;17339.0;45.29006;8.29371;61.15261;nacional
2021-09-14;Portugal Continental;2021;9;2021-09;completo;16493.0;43.28564;9.092877;65.00938;nacional
2021-09-15;Portugal Continental;2021;9;2021-09;completo;16276.0;43.7204;8.399914;61.45237;nacional
2021-09-16;Portugal Continental;2021;9;2021-09;completo;16316.0;44.10144;8.300946;60.13225;nacional
2021-09-17;Portugal Continental;2021;9;2021-09;completo;15968.0;43.7636;9.665087;56.09557;nacional
2021-09-18;Portugal Continental;2021;9;2021-09;completo;14809.0;41.46395;9.124618;50.94087;nacional
2021-09-19;Portugal Continental;2021;9;2021-09;completo;14343.0;43.63841;8.147781;48.27389;nacional
2021-09-20;Portugal Continental;2021;9;2021-09;completo;17440.0;45.69226;7.523912;58.77122;nacional
2021-09-21;Portugal Continental;2021;9;2021-09;completo;17181.0;44.77414;8.030856;63.37122;nacional
2021-09-22;Portugal Continental;2021;9;2021-09;completo;17222.0;43.80041;8.301275;59.86865;nacional
2021-09-23;Portugal Continental;2021;9;2021-09;completo;17146.0;43.32219;8.684407;59.3797;nacional
2021-09-24;Portugal Continental;2021;9;2021-09;completo;16731.0;43.75121;8.656069;57.68214;nacional
2021-09-25;Portugal Continental;2021;9;2021-09;completo;15502.0;42.9219;8.623344;58.98413;nacional
2021-09-26;Portugal Continental;2021;9;2021-09;completo;14623.0;42.92593;7.975;52.71799;nacional
2021-09-27;Portugal Continental;2021;9;2021-09;completo;19026.0;45.45918;7.84572;61.83081;nacional
2021-09-28;Portugal Continental;2021;9;2021-09;completo;18556.0;45.42711;7.765831;73.72187;nacional
2021-09-29;Portugal Continental;2021;9;2021-09;completo;17759.0;46.52237;8.15078;59.28967;nacional
2021-09-30;Portugal Continental;2021;9;2021-09;completo;17940.0;44.81926;7.887158;59.2263;nacional
2021-10-01;Portugal Continental;2021;10;2021-10;completo;17007.0;44.0555;8.446342;64.17717;nacional
2021-10-02;Portugal Continental;2021;10;2021-10;completo;15879.0;42.63687;8.695652;58.66571;nacional
2021-10-03;Portugal Continental;2021;10;2021-10;completo;14921.0;44.33504;7.595841;54.38805;nacional
2021-10-04;Portugal Continental;2021;10;2021-10;completo;18679.0;47.96631;7.180732;58.57792;nacional
2021-10-05;Portugal Continental;2021;10;2021-10;completo;17133.0;45.05397;7.667867;61.58049;nacional
2021-10-06;Portugal Continental;2021;10;2021-10;completo;18596.0;46.33426;7.212969;60.37886;nacional
2021-10-07;Portugal Continental;2021;10;2021-10;completo;19062.0;44.33405;7.748786;65.73875;nacional
2021-10-08;Portugal Continental;2021;10;2021-10;completo;18055.0;44.16274;8.695934;63.9694;nacional
2021-10-09;Portugal Continental;2021;10;2021-10;completo;16179.0;43.17656;8.505195;59.96852;nacional
2021-10-10;Portugal Continental;2021;10;2021-10;completo;15828.0;43.56929;7.508533;64.91492;nacional
2021-10-11;Portugal Continental;2021;10;2021-10;completo;20266.0;47.26705;7.014577;63.3396;nacional
2021-10-12;Portugal Continental;2021;10;2021-10;completo;20117.0;44.83054;7.741823;74.10507;nacional
2021-10-13;Portugal Continental;2021;10;2021-10;completo;18874.0;46.06671;7.857053;64.90212;nacional
2021-10-14;Portugal Continental;2021;10;2021-10;completo;18791.0;45.49314;7.700589;58.39377;nacional
2021-10-15;Portugal Continental;2021;10;2021-10;completo;17696.0;44.70119;7.89843;60.06647;nacional
2021-10-16;Portugal Continental;2021;10;2021-10;completo;15910.0;43.39164;8.167184;60.01292;nacional
2021-10-17;Portugal Continental;2021;10;2021-10;completo;15777.0;45.68221;7.55287;53.17657;nacional
2021-10-18;Portugal Continental;2021;10;2021-10;completo;19874.0;47.23213;6.958763;60.95271;nacional
2021-10-19;Portugal Continental;2021;10;2021-10;completo;20374.0;44.59941;7.80667;71.50127;nacional
2021-10-20;Portugal Continental;2021;10;2021-10;completo;19283.0;45.60299;8.007871;68.43817;nacional
2021-10-21;Portugal Continental;2021;10;2021-10;completo;18355.0;45.45028;7.953381;64.08492;nacional
2021-10-22;Portugal Continental;2021;10;2021-10;completo;17679.0;45.5349;8.482113;61.09425;nacional
2021-10-23;Portugal Continental;2021;10;2021-10;completo;15733.0;43.73972;8.462634;59.70934;nacional
2021-10-24;Portugal Continental;2021;10;2021-10;completo;15541.0;45.54497;8.438528;52.25908;nacional
2021-10-25;Portugal Continental;2021;10;2021-10;completo;19569.0;47.64729;7.513471;63.66293;nacional
2021-10-26;Portugal Continental;2021;10;2021-10;completo;19096.0;45.62998;7.845761;66.4915;nacional
2021-10-27;Portugal Continental;2021;10;2021-10;completo;17969.0;46.37951;7.903339;62.77131;nacional
2021-10-28;Portugal Continental;2021;10;2021-10;completo;17808.0;44.30313;9.006572;59.85244;nacional
2021-10-29;Portugal Continental;2021;10;2021-10;completo;16027.0;43.3201;9.532271;57.36453;nacional
2021-10-30;Portugal Continental;2021;10;2021-10;completo;15076.0;42.52626;9.689864;54.52662;nacional
2021-10-31;Portugal Continental;2021;10;2021-10;completo;15087.0;43.59085;8.514363;53.58415;nacional
2021-11-01;Portugal Continental;2021;11;2021-11;completo;16231.0;44.02601;7.954545;54.19692;nacional
2021-11-02;Portugal Continental;2021;11;2021-11;completo;18671.0;45.64597;8.041237;65.69434;nacional
2021-11-03;Portugal Continental;2021;11;2021-11;completo;18204.0;45.70344;8.14728;68.65769;nacional
2021-11-04;Portugal Continental;2021;11;2021-11;completo;17781.0;44.53453;8.508716;62.82275;nacional
2021-11-05;Portugal Continental;2021;11;2021-11;completo;16573.0;44.17899;9.048533;61.80391;nacional
2021-11-06;Portugal Continental;2021;11;2021-11;completo;15288.0;42.1186;9.144608;58.28826;nacional
2021-11-07;Portugal Continental;2021;11;2021-11;completo;14713.0;43.65378;8.478899;65.52554;nacional
2021-11-08;Portugal Continental;2021;11;2021-11;completo;18908.0;47.90561;8.070067;67.95725;nacional
2021-11-09;Portugal Continental;2021;11;2021-11;completo;19372.0;44.88968;8.016586;73.79533;nacional
2021-11-10;Portugal Continental;2021;11;2021-11;completo;18966.0;44.30899;8.460579;65.43643;nacional
2021-11-11;Portugal Continental;2021;11;2021-11;completo;18221.0;44.45723;8.425201;66.07324;nacional
2021-11-12;Portugal Continental;2021;11;2021-11;completo;17326.0;44.04026;9.711065;56.56416;nacional
2021-11-13;Portugal Continental;2021;11;2021-11;completo;15372.0;43.17286;9.179028;55.43898;nacional
2021-11-14;Portugal Continental;2021;11;2021-11;completo;15212.0;43.59081;8.517926;53.31792;nacional
2021-11-15;Portugal Continental;2021;11;2021-11;completo;19333.0;47.07253;7.475418;71.46744;nacional
2021-11-16;Portugal Continental;2021;11;2021-11;completo;19250.0;45.0253;8.395149;78.37776;nacional
2021-11-17;Portugal Continental;2021;11;2021-11;completo;18130.0;46.05797;8.452447;65.63367;nacional
2021-11-18;Portugal Continental;2021;11;2021-11;completo;17958.0;44.78868;8.65231;62.02454;nacional
2021-11-19;Portugal Continental;2021;11;2021-11;completo;16964.0;43.11007;9.19302;60.02673;nacional
2021-11-20;Portugal Continental;2021;11;2021-11;completo;15399.0;43.90962;9.124612;65.76691;nacional
2021-11-21;Portugal Continental;2021;11;2021-11;completo;15150.0;43.74827;8.383459;52.40423;nacional
2021-11-22;Portugal Continental;2021;11;2021-11;completo;18953.0;47.17513;8.242594;61.10891;nacional
2021-11-23;Portugal Continental;2021;11;2021-11;completo;17997.0;45.75027;8.689393;65.30936;nacional
2021-11-24;Portugal Continental;2021;11;2021-11;completo;17801.0;46.19196;8.471178;65.2025;nacional
2021-11-25;Portugal Continental;2021;11;2021-11;completo;17089.0;44.16386;9.384783;59.94306;nacional
2021-11-26;Portugal Continental;2021;11;2021-11;completo;16081.0;43.63151;9.535348;51.48442;nacional
2021-11-27;Portugal Continental;2021;11;2021-11;completo;14415.0;42.54606;9.974526;49.2299;nacional
2021-11-28;Portugal Continental;2021;11;2021-11;completo;13715.0;44.65198;8.895061;54.37198;nacional
2021-11-29;Portugal Continental;2021;11;2021-11;completo;18287.0;45.90164;8.187098;63.35528;nacional
2021-11-30;Portugal Continental;2021;11;2021-11;completo;17498.0;45.3399;9.564704;76.24045;nacional
2021-12-01;Portugal Continental;2021;12;2021-12;completo;15330.0;42.68459;9.597935;68.80451;nacional
2021-12-02;Portugal Continental;2021;12;2021-12;completo;16649.0;47.11943;8.976834;60.58155;nacional
2021-12-03;Portugal Continental;2021;12;2021-12;completo;16018.0;44.24576;9.402424;60.93854;nacional
2021-12-04;Portugal Continental;2021;12;2021-12;completo;14469.0;42.73064;9.66853;65.62206;nacional
2021-12-05;Portugal Continental;2021;12;2021-12;completo;14027.0;43.91078;8.744688;58.26689;nacional
2021-12-06;Portugal Continental;2021;12;2021-12;completo;17766.0;46.3892;8.302489;65.97411;nacional
2021-12-07;Portugal Continental;2021;12;2021-12;completo;16841.0;44.12953;9.143735;73.65692;nacional
2021-12-08;Portugal Continental;2021;12;2021-12;completo;14961.0;45.34023;10.15063;58.24939;nacional
2021-12-09;Portugal Continental;2021;12;2021-12;completo;16818.0;43.65725;8.538822;62.49682;nacional
2021-12-10;Portugal Continental;2021;12;2021-12;completo;16690.0;42.55199;9.668547;68.70821;nacional
2021-12-11;Portugal Continental;2021;12;2021-12;completo;14865.0;42.43896;9.862158;61.89109;nacional
2021-12-12;Portugal Continental;2021;12;2021-12;completo;14141.0;43.66615;8.732348;56.094;nacional
2021-12-13;Portugal Continental;2021;12;2021-12;completo;17730.0;45.01322;8.490506;66.54649;nacional
2021-12-14;Portugal Continental;2021;12;2021-12;completo;17840.0;47.36656;9.243751;70.6525;nacional
2021-12-15;Portugal Continental;2021;12;2021-12;completo;16868.0;45.10591;8.76409;64.37342;nacional
2021-12-16;Portugal Continental;2021;12;2021-12;completo;16675.0;45.0386;9.608348;69.23463;nacional
2021-12-17;Portugal Continental;2021;12;2021-12;completo;15692.0;44.54181;9.804778;61.85285;nacional
2021-12-18;Portugal Continental;2021;12;2021-12;completo;14468.0;41.95461;9.875958;61.15326;nacional
2021-12-19;Portugal Continental;2021;12;2021-12;completo;14171.0;43.03866;9.323321;59.40285;nacional
2021-12-20;Portugal Continental;2021;12;2021-12;completo;16436.0;45.87267;9.260048;55.18944;nacional
2021-12-21;Portugal Continental;2021;12;2021-12;completo;16572.0;44.98896;9.204166;57.44267;nacional
2021-12-22;Portugal Continental;2021;12;2021-12;completo;15702.0;43.28477;9.411259;76.17458;nacional
2021-12-23;Portugal Continental;2021;12;2021-12;completo;15392.0;46.96732;9.417974;55.41589;nacional
2021-12-24;Portugal Continental;2021;12;2021-12;completo;12247.0;44.85067;9.274495;55.28403;nacional
2021-12-25;Portugal Continental;2021;12;2021-12;completo;11913.0;44.16995;10.3977;49.7123;nacional
2021-12-26;Portugal Continental;2021;12;2021-12;completo;15224.0;47.76406;9.578947;62.16561;nacional
2021-12-27;Portugal Continental;2021;12;2021-12;completo;18251.0;48.50121;8.893764;73.27638;nacional
2021-12-28;Portugal Continental;2021;12;2021-12;completo;18640.0;49.36787;8.840421;81.76393;nacional
2021-12-29;Portugal Continental;2021;12;2021-12;completo;16592.0;47.0058;9.447962;69.88516;nacional
2021-12-30;Portugal Continental;2021;12;2021-12;completo;15081.0;46.73021;9.425304;72.12177;nacional
2021-12-31;Portugal Continental;2021;12;2021-12;completo;12434.0;43.85832;10.33065;53.25633;nacional
2022-01-01;Portugal Continental;2022;1;2022-01;completo;11897.0;44.63915;10.57469;47.91563;nacional
2022-01-02;Portugal Continental;2022;1;2022-01;completo;13874.0;47.06665;9.664746;61.04099;nacional
2022-01-03;Portugal Continental;2022;1;2022-01;completo;16448.0;48.07491;9.889637;85.5525;nacional
2022-01-04;Portugal Continental;2022;1;2022-01;completo;15564.0;46.40646;10.35373;83.25461;nacional
2022-01-05;Portugal Continental;2022;1;2022-01;completo;14658.0;46.36892;9.926032;80.44871;nacional
2022-01-06;Portugal Continental;2022;1;2022-01;completo;14091.0;44.59791;11.06387;60.37791;nacional
2022-01-07;Portugal Continental;2022;1;2022-01;completo;14208.0;44.37937;11.18421;69.41434;nacional
2022-01-08;Portugal Continental;2022;1;2022-01;completo;13071.0;44.90401;10.62438;64.95899;nacional
2022-01-09;Portugal Continental;2022;1;2022-01;completo;12459.0;43.35115;10.14047;63.63413;nacional
2022-01-10;Portugal Continental;2022;1;2022-01;completo;15401.0;45.46857;9.025299;86.9209;nacional
2022-01-11;Portugal Continental;2022;1;2022-01;completo;15456.0;44.84687;9.860219;77.22748;nacional
2022-01-12;Portugal Continental;2022;1;2022-01;completo;15209.0;45.03057;10.63095;69.93081;nacional
2022-01-13;Portugal Continental;2022;1;2022-01;completo;14733.0;45.18914;10.33468;61.39081;nacional
2022-01-14;Portugal Continental;2022;1;2022-01;completo;14426.0;44.7722;10.68145;58.02131;nacional
2022-01-15;Portugal Continental;2022;1;2022-01;completo;13325.0;44.11617;10.3034;58.58718;nacional
2022-01-16;Portugal Continental;2022;1;2022-01;completo;13206.0;44.03067;9.379199;49.2407;nacional
2022-01-17;Portugal Continental;2022;1;2022-01;completo;16178.0;46.33104;9.019044;61.51918;nacional
2022-01-18;Portugal Continental;2022;1;2022-01;completo;16103.0;46.15282;9.819047;67.01317;nacional
2022-01-19;Portugal Continental;2022;1;2022-01;completo;15613.0;44.94374;9.668365;65.06062;nacional
2022-01-20;Portugal Continental;2022;1;2022-01;completo;15768.0;44.57871;9.657919;64.74606;nacional
2022-01-21;Portugal Continental;2022;1;2022-01;completo;15171.0;44.20755;9.691271;60.625;nacional
2022-01-22;Portugal Continental;2022;1;2022-01;completo;13669.0;44.47865;10.32458;53.55586;nacional
2022-01-23;Portugal Continental;2022;1;2022-01;completo;13408.0;44.66838;9.282412;52.30655;nacional
2022-01-24;Portugal Continental;2022;1;2022-01;completo;16619.0;46.08739;8.808925;64.96983;nacional
2022-01-25;Portugal Continental;2022;1;2022-01;completo;16283.0;44.55452;9.347262;70.64298;nacional
2022-01-26;Portugal Continental;2022;1;2022-01;completo;15535.0;45.78477;9.700992;64.01392;nacional
2022-01-27;Portugal Continental;2022;1;2022-01;completo;15214.0;44.67558;9.973005;64.27622;nacional
2022-01-28;Portugal Continental;2022;1;2022-01;completo;15093.0;43.69497;10.50358;62.43268;nacional
2022-01-29;Portugal Continental;2022;1;2022-01;completo;13714.0;42.52672;10.62382;64.84777;nacional
2022-01-30;Portugal Continental;2022;1;2022-01;completo;13175.0;42.58203;9.657079;63.29675;nacional
2022-01-31;Portugal Continental;2022;1;2022-01;completo;16397.0;47.24706;9.036271;65.5954;nacional
2022-02-01;Portugal Continental;2022;2;2022-02;completo;16218.0;43.50064;9.304013;72.78295;nacional
2022-02-02;Portugal Continental;2022;2;2022-02;completo;16008.0;42.03175;9.997081;73.02762;nacional
2022-02-03;Portugal Continental;2022;2;2022-02;completo;15796.0;43.06414;9.739298;63.73526;nacional
2022-02-04;Portugal Continental;2022;2;2022-02;completo;15263.0;42.48256;9.684613;68.53044;nacional
2022-02-05;Portugal Continental;2022;2;2022-02;completo;14055.0;42.63614;10.30679;66.00082;nacional
2022-02-06;Portugal Continental;2022;2;2022-02;completo;13774.0;43.33409;8.876298;54.82883;nacional
2022-02-07;Portugal Continental;2022;2;2022-02;completo;17119.0;45.67645;8.79693;61.71493;nacional
2022-02-08;Portugal Continental;2022;2;2022-02;completo;17036.0;43.44942;9.193593;73.48564;nacional
2022-02-09;Portugal Continental;2022;2;2022-02;completo;16341.0;42.39867;9.520436;65.25928;nacional
2022-02-10;Portugal Continental;2022;2;2022-02;completo;16390.0;43.62717;9.34566;64.56487;nacional
2022-02-11;Portugal Continental;2022;2;2022-02;completo;16161.0;42.7649;9.832849;70.95065;nacional
2022-02-12;Portugal Continental;2022;2;2022-02;completo;14162.0;41.56987;10.48557;67.85893;nacional
2022-02-13;Portugal Continental;2022;2;2022-02;completo;13953.0;42.93726;9.440472;59.28259;nacional
2022-02-14;Portugal Continental;2022;2;2022-02;completo;16421.0;44.54043;8.684303;60.03279;nacional
2022-02-15;Portugal Continental;2022;2;2022-02;completo;16941.0;43.54002;9.670839;69.27579;nacional
2022-02-16;Portugal Continental;2022;2;2022-02;completo;16903.0;42.54885;8.949791;69.35015;nacional
2022-02-17;Portugal Continental;2022;2;2022-02;completo;16197.0;43.01368;9.075691;70.92763;nacional
2022-02-18;Portugal Continental;2022;2;2022-02;completo;16412.0;41.7715;9.504044;62.75018;nacional
2022-02-19;Portugal Continental;2022;2;2022-02;completo;14264.0;41.34644;9.791463;57.71782;nacional
2022-02-20;Portugal Continental;2022;2;2022-02;completo;14031.0;43.05566;8.898376;56.17864;nacional
2022-02-21;Portugal Continental;2022;2;2022-02;completo;18124.0;45.42826;8.546232;60.74311;nacional
2022-02-22;Portugal Continental;2022;2;2022-02;completo;17866.0;44.61475;8.908177;70.841;nacional
2022-02-23;Portugal Continental;2022;2;2022-02;completo;17159.0;44.72046;8.715257;71.02654;nacional
2022-02-24;Portugal Continental;2022;2;2022-02;completo;17390.0;43.06815;9.076295;62.78234;nacional
2022-02-25;Portugal Continental;2022;2;2022-02;completo;16125.0;42.18882;8.802412;73.09597;nacional
2022-02-26;Portugal Continental;2022;2;2022-02;completo;14966.0;41.58595;9.282372;76.03548;nacional
2022-02-27;Portugal Continental;2022;2;2022-02;completo;14449.0;42.79815;9.132269;56.29121;nacional
2022-02-28;Portugal Continental;2022;2;2022-02;completo;17160.0;44.80156;8.461905;63.9249;nacional
2022-03-01;Portugal Continental;2022;3;2022-03;completo;16112.0;43.55486;8.80987;72.01921;nacional
2022-03-02;Portugal Continental;2022;3;2022-03;completo;18051.0;45.64601;8.265107;66.05399;nacional
2022-03-03;Portugal Continental;2022;3;2022-03;completo;17699.0;44.2327;8.576654;74.81185;nacional
2022-03-04;Portugal Continental;2022;3;2022-03;completo;17726.0;44.93656;8.618285;64.8698;nacional
2022-03-05;Portugal Continental;2022;3;2022-03;completo;15644.0;44.17673;8.796157;65.95472;nacional
2022-03-06;Portugal Continental;2022;3;2022-03;completo;15120.0;46.12099;8.230327;60.01033;nacional
2022-03-07;Portugal Continental;2022;3;2022-03;completo;19867.0;47.58606;7.638361;75.27969;nacional
2022-03-08;Portugal Continental;2022;3;2022-03;completo;18762.0;45.78844;7.781359;73.03481;nacional
2022-03-09;Portugal Continental;2022;3;2022-03;completo;18518.0;45.61087;8.492623;70.71103;nacional
2022-03-10;Portugal Continental;2022;3;2022-03;completo;18313.0;45.20774;8.601947;68.40222;nacional
2022-03-11;Portugal Continental;2022;3;2022-03;completo;17921.0;44.9758;8.616693;69.11437;nacional
2022-03-12;Portugal Continental;2022;3;2022-03;completo;15768.0;44.88022;8.641883;67.89539;nacional
2022-03-13;Portugal Continental;2022;3;2022-03;completo;15843.0;45.48141;7.985375;53.25742;nacional
2022-03-14;Portugal Continental;2022;3;2022-03;completo;20702.0;47.22938;7.40867;67.13103;nacional
2022-03-15;Portugal Continental;2022;3;2022-03;completo;20174.0;45.84584;8.043176;79.37388;nacional
2022-03-16;Portugal Continental;2022;3;2022-03;completo;20325.0;46.002;8.188543;78.08643;nacional
2022-03-17;Portugal Continental;2022;3;2022-03;completo;19677.0;46.07602;7.897876;71.52608;nacional
2022-03-18;Portugal Continental;2022;3;2022-03;completo;19414.0;45.66369;8.310368;72.23426;nacional
2022-03-19;Portugal Continental;2022;3;2022-03;completo;17405.0;44.83374;8.600406;62.70652;nacional
2022-03-20;Portugal Continental;2022;3;2022-03;completo;17325.0;46.46792;7.66913;66.27197;nacional
2022-03-21;Portugal Continental;2022;3;2022-03;completo;22080.0;48.3693;7.151345;76.10056;nacional
2022-03-22;Portugal Continental;2022;3;2022-03;completo;21019.0;49.01371;7.502738;82.43677;nacional
2022-03-23;Portugal Continental;2022;3;2022-03;completo;20107.0;47.02189;7.884871;70.10725;nacional
2022-03-24;Portugal Continental;2022;3;2022-03;completo;19594.0;46.60966;8.240548;75.02319;nacional
2022-03-25;Portugal Continental;2022;3;2022-03;completo;19779.0;46.03046;8.011018;71.65205;nacional
2022-03-26;Portugal Continental;2022;3;2022-03;completo;17754.0;44.19252;8.074088;78.67563;nacional
2022-03-27;Portugal Continental;2022;3;2022-03;completo;16770.0;46.20237;7.879482;69.29807;nacional
2022-03-28;Portugal Continental;2022;3;2022-03;completo;22344.0;48.66365;7.113677;74.48591;nacional
2022-03-29;Portugal Continental;2022;3;2022-03;completo;21295.0;46.12823;7.725462;83.12885;nacional
2022-03-30;Portugal Continental;2022;3;2022-03;completo;20209.0;46.13667;7.57321;80.39423;nacional
2022-03-31;Portugal Continental;2022;3;2022-03;completo;19225.0;44.66468;8.552589;73.69684;nacional
2022-04-01;Portugal Continental;2022;4;2022-04;completo;17480.0;44.47945;8.202443;61.2268;nacional
2022-04-02;Portugal Continental;2022;4;2022-04;completo;16116.0;43.48;8.943089;66.46155;nacional
2022-04-03;Portugal Continental;2022;4;2022-04;completo;15312.0;45.57299;7.944475;58.90884;nacional
2022-04-04;Portugal Continental;2022;4;2022-04;completo;19661.0;47.33155;7.543671;62.58096;nacional
2022-04-05;Portugal Continental;2022;4;2022-04;completo;18671.0;45.47183;8.558957;66.20911;nacional
2022-04-06;Portugal Continental;2022;4;2022-04;completo;18120.0;45.68077;8.442465;63.63156;nacional
2022-04-07;Portugal Continental;2022;4;2022-04;completo;17965.0;45.12553;8.678697;66.19134;nacional
2022-04-08;Portugal Continental;2022;4;2022-04;completo;17529.0;43.87912;8.788239;60.84162;nacional
2022-04-09;Portugal Continental;2022;4;2022-04;completo;16278.0;44.00714;8.537818;61.32793;nacional
2022-04-10;Portugal Continental;2022;4;2022-04;completo;15968.0;43.43392;8.255174;60.31745;nacional
2022-04-11;Portugal Continental;2022;4;2022-04;completo;19243.0;46.29495;7.883493;71.02406;nacional
2022-04-12;Portugal Continental;2022;4;2022-04;completo;18498.0;45.18493;8.983256;68.88135;nacional
2022-04-13;Portugal Continental;2022;4;2022-04;completo;17716.0;44.10464;9.113073;64.02171;nacional
2022-04-14;Portugal Continental;2022;4;2022-04;completo;16997.0;43.86873;9.475666;61.0147;nacional
2022-04-15;Portugal Continental;2022;4;2022-04;completo;16880.0;44.18308;8.635424;62.52423;nacional
2022-04-16;Portugal Continental;2022;4;2022-04;completo;16240.0;44.13025;8.19145;57.8569;nacional
2022-04-17;Portugal Continental;2022;4;2022-04;completo;14190.0;42.43066;8.667737;51.70469;nacional
2022-04-18;Portugal Continental;2022;4;2022-04;completo;19257.0;46.42458;7.669544;65.95316;nacional
2022-04-19;Portugal Continental;2022;4;2022-04;completo;19438.0;45.28748;8.262599;71.29252;nacional
2022-04-20;Portugal Continental;2022;4;2022-04;completo;18521.0;44.79572;8.859146;63.04497;nacional
2022-04-21;Portugal Continental;2022;4;2022-04;completo;18097.0;44.38465;8.407108;67.85397;nacional
2022-04-22;Portugal Continental;2022;4;2022-04;completo;17037.0;42.75401;9.010189;66.01413;nacional
2022-04-23;Portugal Continental;2022;4;2022-04;completo;15649.0;42.36073;8.793611;66.43336;nacional
2022-04-24;Portugal Continental;2022;4;2022-04;completo;15857.0;44.14079;8.387574;70.70515;nacional
2022-04-25;Portugal Continental;2022;4;2022-04;completo;17220.0;46.41519;7.72718;59.29695;nacional
2022-04-26;Portugal Continental;2022;4;2022-04;completo;19687.0;46.32602;7.650175;68.72079;nacional
2022-04-27;Portugal Continental;2022;4;2022-04;completo;18787.0;45.54574;8.386976;81.94638;nacional
2022-04-28;Portugal Continental;2022;4;2022-04;completo;18797.0;45.61739;8.472859;73.17066;nacional
2022-04-29;Portugal Continental;2022;4;2022-04;completo;17847.0;43.12664;8.499606;73.42453;nacional
2022-04-30;Portugal Continental;2022;4;2022-04;completo;16595.0;44.02746;8.636169;68.96997;nacional
2022-05-01;Portugal Continental;2022;5;2022-05;completo;15821.0;44.25607;7.951659;57.95249;nacional
2022-05-02;Portugal Continental;2022;5;2022-05;completo;19963.0;46.80405;7.370784;74.73011;nacional
2022-05-03;Portugal Continental;2022;5;2022-05;completo;19686.0;46.87398;8.207695;78.61269;nacional
2022-05-04;Portugal Continental;2022;5;2022-05;completo;19115.0;47.28967;7.936213;77.04778;nacional
2022-05-05;Portugal Continental;2022;5;2022-05;completo;19462.0;45.49352;8.043372;76.34456;nacional
2022-05-06;Portugal Continental;2022;5;2022-05;completo;19077.0;45.67722;8.161264;77.74135;nacional
2022-05-07;Portugal Continental;2022;5;2022-05;completo;16896.0;44.51757;8.505048;74.33096;nacional
2022-05-08;Portugal Continental;2022;5;2022-05;completo;16625.0;45.45864;7.687352;62.25052;nacional
2022-05-09;Portugal Continental;2022;5;2022-05;completo;21235.0;47.42122;6.998148;67.39762;nacional
2022-05-10;Portugal Continental;2022;5;2022-05;completo;20800.0;47.06249;7.945943;76.37977;nacional
2022-05-11;Portugal Continental;2022;5;2022-05;completo;19791.0;47.25823;7.568457;80.3224;nacional
2022-05-12;Portugal Continental;2022;5;2022-05;completo;20008.0;45.85769;7.986748;67.42319;nacional
2022-05-13;Portugal Continental;2022;5;2022-05;completo;19015.0;46.10275;8.533728;69.15012;nacional
2022-05-14;Portugal Continental;2022;5;2022-05;completo;17191.0;45.55278;8.33963;75.82825;nacional
2022-05-15;Portugal Continental;2022;5;2022-05;completo;17140.0;47.22153;7.771209;67.60454;nacional
2022-05-16;Portugal Continental;2022;5;2022-05;completo;21278.0;47.78631;7.333033;72.81934;nacional
2022-05-17;Portugal Continental;2022;5;2022-05;completo;20712.0;46.08834;7.648509;78.55775;nacional
2022-05-18;Portugal Continental;2022;5;2022-05;completo;20014.0;46.43297;7.621058;79.01042;nacional
2022-05-19;Portugal Continental;2022;5;2022-05;completo;18791.0;45.07624;8.276252;73.71209;nacional
2022-05-20;Portugal Continental;2022;5;2022-05;completo;17895.0;46.34714;8.726185;63.86177;nacional
2022-05-21;Portugal Continental;2022;5;2022-05;completo;16650.0;44.42085;8.417266;66.50133;nacional
2022-05-22;Portugal Continental;2022;5;2022-05;completo;16433.0;46.20685;7.723046;64.58092;nacional
2022-05-23;Portugal Continental;2022;5;2022-05;completo;20313.0;47.90501;7.267011;66.00674;nacional
2022-05-24;Portugal Continental;2022;5;2022-05;completo;19294.0;46.50517;8.230478;73.56723;nacional
2022-05-25;Portugal Continental;2022;5;2022-05;completo;18529.0;46.07073;8.321705;69.871;nacional
2022-05-26;Portugal Continental;2022;5;2022-05;completo;18060.0;45.78635;8.430643;68.54619;nacional
2022-05-27;Portugal Continental;2022;5;2022-05;completo;17803.0;45.41842;8.560205;70.58034;nacional
2022-05-28;Portugal Continental;2022;5;2022-05;completo;15996.0;42.48576;9.135339;64.837;nacional
2022-05-29;Portugal Continental;2022;5;2022-05;completo;16172.0;44.45327;7.948082;65.29819;nacional
2022-05-30;Portugal Continental;2022;5;2022-05;completo;20071.0;45.75636;7.627069;71.51945;nacional
2022-05-31;Portugal Continental;2022;5;2022-05;completo;19670.0;45.65241;8.574511;77.14526;nacional
2022-06-01;Portugal Continental;2022;6;2022-06;completo;18640.0;43.98616;8.914192;71.64305;nacional
2022-06-02;Portugal Continental;2022;6;2022-06;completo;18402.0;45.11546;8.299857;75.70171;nacional
2022-06-03;Portugal Continental;2022;6;2022-06;completo;17142.0;43.78119;8.637013;71.44278;nacional
2022-06-04;Portugal Continental;2022;6;2022-06;completo;15550.0;43.34367;8.82916;73.03407;nacional
2022-06-05;Portugal Continental;2022;6;2022-06;completo;15399.0;43.66472;7.756489;67.4195;nacional
2022-06-06;Portugal Continental;2022;6;2022-06;completo;19010.0;47.28036;7.788527;71.25745;nacional
2022-06-07;Portugal Continental;2022;6;2022-06;completo;18707.0;45.28041;8.344742;75.91789;nacional
2022-06-08;Portugal Continental;2022;6;2022-06;completo;17972.0;45.73745;8.654408;65.78096;nacional
2022-06-09;Portugal Continental;2022;6;2022-06;completo;17598.0;43.9592;8.957514;77.92875;nacional
2022-06-10;Portugal Continental;2022;6;2022-06;completo;16969.0;43.40484;8.919431;70.92181;nacional
2022-06-11;Portugal Continental;2022;6;2022-06;completo;15373.0;42.69558;8.623472;70.49527;nacional
2022-06-12;Portugal Continental;2022;6;2022-06;completo;15565.0;43.00325;7.922994;77.17796;nacional
2022-06-13;Portugal Continental;2022;6;2022-06;completo;19500.0;45.16076;7.413689;72.19331;nacional
2022-06-14;Portugal Continental;2022;6;2022-06;completo;18899.0;45.01942;8.953753;78.93514;nacional
2022-06-15;Portugal Continental;2022;6;2022-06;completo;17624.0;43.6634;9.059209;77.22314;nacional
2022-06-16;Portugal Continental;2022;6;2022-06;completo;16530.0;45.37978;8.649698;78.85066;nacional
2022-06-17;Portugal Continental;2022;6;2022-06;completo;16888.0;46.10464;8.251153;64.94524;nacional
2022-06-18;Portugal Continental;2022;6;2022-06;completo;15499.0;43.02018;9.029119;72.538;nacional
2022-06-19;Portugal Continental;2022;6;2022-06;completo;14739.0;44.68037;8.449389;58.65338;nacional
2022-06-20;Portugal Continental;2022;6;2022-06;completo;17406.0;46.15242;8.16618;65.38365;nacional
2022-06-21;Portugal Continental;2022;6;2022-06;completo;17040.0;45.33004;9.129292;63.60411;nacional
2022-06-22;Portugal Continental;2022;6;2022-06;completo;16185.0;43.89186;9.213955;70.17127;nacional
2022-06-23;Portugal Continental;2022;6;2022-06;completo;16376.0;43.73442;8.708345;73.08836;nacional
2022-06-24;Portugal Continental;2022;6;2022-06;completo;15906.0;44.24332;8.437341;60.68023;nacional
2022-06-25;Portugal Continental;2022;6;2022-06;completo;14398.0;42.56464;8.919186;64.69162;nacional
2022-06-26;Portugal Continental;2022;6;2022-06;completo;13903.0;43.55125;9.001652;59.3807;nacional
2022-06-27;Portugal Continental;2022;6;2022-06;completo;17055.0;44.86942;8.092444;59.91836;nacional
2022-06-28;Portugal Continental;2022;6;2022-06;completo;16530.0;44.81942;8.865856;60.55027;nacional
2022-06-29;Portugal Continental;2022;6;2022-06;completo;16382.0;44.12792;9.043478;65.44489;nacional
2022-06-30;Portugal Continental;2022;6;2022-06;completo;15460.0;43.87866;9.347878;65.28382;nacional
2022-07-01;Portugal Continental;2022;7;2022-07;completo;15925.0;43.31873;9.166984;62.98867;nacional
2022-07-02;Portugal Continental;2022;7;2022-07;completo;14465.0;41.70458;9.873143;60.28743;nacional
2022-07-03;Portugal Continental;2022;7;2022-07;completo;14406.0;43.41261;8.575944;53.46549;nacional
2022-07-04;Portugal Continental;2022;7;2022-07;completo;17375.0;45.36787;8.542125;68.64324;nacional
2022-07-05;Portugal Continental;2022;7;2022-07;completo;17044.0;43.18721;9.309158;70.28982;nacional
2022-07-06;Portugal Continental;2022;7;2022-07;completo;16397.0;43.9757;9.110231;65.93581;nacional
2022-07-07;Portugal Continental;2022;7;2022-07;completo;15940.0;43.3006;9.121099;79.31421;nacional
2022-07-08;Portugal Continental;2022;7;2022-07;completo;16201.0;41.32832;9.76327;67.19195;nacional
2022-07-09;Portugal Continental;2022;7;2022-07;completo;15165.0;41.05582;9.267292;62.64726;nacional
2022-07-10;Portugal Continental;2022;7;2022-07;completo;14968.0;43.44077;8.642178;59.59472;nacional
2022-07-11;Portugal Continental;2022;7;2022-07;completo;18698.0;45.3972;7.912519;68.69031;nacional
2022-07-12;Portugal Continental;2022;7;2022-07;completo;17972.0;43.62408;9.160562;73.1585;nacional
2022-07-13;Portugal Continental;2022;7;2022-07;completo;17469.0;44.13551;9.236024;74.86439;nacional
2022-07-14;Portugal Continental;2022;7;2022-07;completo;17086.0;42.35188;9.195724;70.60037;nacional
2022-07-15;Portugal Continental;2022;7;2022-07;completo;17079.0;41.87608;9.210805;72.19678;nacional
2022-07-16;Portugal Continental;2022;7;2022-07;completo;16447.0;41.54346;9.723155;71.6338;nacional
2022-07-17;Portugal Continental;2022;7;2022-07;completo;15984.0;44.04534;8.419935;78.51756;nacional
2022-07-18;Portugal Continental;2022;7;2022-07;completo;18799.0;44.84961;8.018564;68.68546;nacional
2022-07-19;Portugal Continental;2022;7;2022-07;completo;18955.0;44.51167;8.224404;80.83579;nacional
2022-07-20;Portugal Continental;2022;7;2022-07;completo;17683.0;42.94959;8.444144;73.99074;nacional
2022-07-21;Portugal Continental;2022;7;2022-07;completo;17356.0;43.37753;8.306864;72.11401;nacional
2022-07-22;Portugal Continental;2022;7;2022-07;completo;16480.0;42.19203;9.163404;69.00168;nacional
2022-07-23;Portugal Continental;2022;7;2022-07;completo;15510.0;42.41721;8.56049;60.50951;nacional
2022-07-24;Portugal Continental;2022;7;2022-07;completo;14938.0;43.011;7.701412;56.57637;nacional
2022-07-25;Portugal Continental;2022;7;2022-07;completo;18195.0;45.50322;8.269383;61.99349;nacional
2022-07-26;Portugal Continental;2022;7;2022-07;completo;17846.0;43.54111;8.770525;67.0928;nacional
2022-07-27;Portugal Continental;2022;7;2022-07;completo;17082.0;44.09418;8.450803;68.88904;nacional
2022-07-28;Portugal Continental;2022;7;2022-07;completo;16816.0;43.84641;8.741796;63.55684;nacional
2022-07-29;Portugal Continental;2022;7;2022-07;completo;16232.0;43.44519;8.870849;66.63127;nacional
2022-07-30;Portugal Continental;2022;7;2022-07;completo;15129.0;42.41526;8.913876;63.97989;nacional
2022-07-31;Portugal Continental;2022;7;2022-07;completo;14579.0;40.99384;8.755683;57.36911;nacional
2022-08-01;Portugal Continental;2022;8;2022-08;completo;18586.0;44.25277;7.900383;64.62406;nacional
2022-08-02;Portugal Continental;2022;8;2022-08;completo;18326.0;42.65668;8.940331;73.15916;nacional
2022-08-03;Portugal Continental;2022;8;2022-08;completo;17620.0;43.48655;8.304078;67.90647;nacional
2022-08-04;Portugal Continental;2022;8;2022-08;completo;17264.0;43.66429;8.931476;73.22328;nacional
2022-08-05;Portugal Continental;2022;8;2022-08;completo;17078.0;42.83928;8.549472;65.7452;nacional
2022-08-06;Portugal Continental;2022;8;2022-08;completo;15619.0;41.94602;9.11269;59.92947;nacional
2022-08-07;Portugal Continental;2022;8;2022-08;completo;14695.0;41.96045;8.279235;56.55704;nacional
2022-08-08;Portugal Continental;2022;8;2022-08;completo;18369.0;44.45692;8.045518;64.92157;nacional
2022-08-09;Portugal Continental;2022;8;2022-08;completo;18009.0;44.12188;8.410153;75.38496;nacional
2022-08-10;Portugal Continental;2022;8;2022-08;completo;17701.0;43.27618;8.987894;59.15027;nacional
2022-08-11;Portugal Continental;2022;8;2022-08;completo;16821.0;43.36243;8.962508;57.6628;nacional
2022-08-12;Portugal Continental;2022;8;2022-08;completo;16687.0;43.08031;8.667005;70.61451;nacional
2022-08-13;Portugal Continental;2022;8;2022-08;completo;15324.0;42.90947;8.767231;70.21236;nacional
2022-08-14;Portugal Continental;2022;8;2022-08;completo;14714.0;42.65601;8.395413;53.63749;nacional
2022-08-15;Portugal Continental;2022;8;2022-08;completo;16329.0;45.68441;7.567768;70.78494;nacional
2022-08-16;Portugal Continental;2022;8;2022-08;completo;18125.0;45.62492;8.804143;64.32455;nacional
2022-08-17;Portugal Continental;2022;8;2022-08;completo;17323.0;45.11221;8.962768;72.88087;nacional
2022-08-18;Portugal Continental;2022;8;2022-08;completo;16547.0;43.7795;8.82722;63.40305;nacional
2022-08-19;Portugal Continental;2022;8;2022-08;completo;16172.0;43.44284;9.267785;64.72173;nacional
2022-08-20;Portugal Continental;2022;8;2022-08;completo;15164.0;41.80896;9.014607;63.09927;nacional
2022-08-21;Portugal Continental;2022;8;2022-08;completo;14654.0;41.14387;8.472103;56.77865;nacional
2022-08-22;Portugal Continental;2022;8;2022-08;completo;17374.0;43.94222;8.26755;65.04945;nacional
2022-08-23;Portugal Continental;2022;8;2022-08;completo;18108.0;42.73417;9.233403;75.99244;nacional
2022-08-24;Portugal Continental;2022;8;2022-08;completo;16920.0;42.61221;8.893542;74.72258;nacional
2022-08-25;Portugal Continental;2022;8;2022-08;completo;16225.0;43.67446;9.094962;68.61269;nacional
2022-08-26;Portugal Continental;2022;8;2022-08;completo;16602.0;42.42883;8.973522;79.3428;nacional
2022-08-27;Portugal Continental;2022;8;2022-08;completo;14636.0;41.7493;9.045685;67.89729;nacional
2022-08-28;Portugal Continental;2022;8;2022-08;completo;13921.0;41.0308;9.008027;51.66484;nacional
2022-08-29;Portugal Continental;2022;8;2022-08;completo;17306.0;44.30396;8.11359;61.12207;nacional
2022-08-30;Portugal Continental;2022;8;2022-08;completo;16502.0;42.7099;9.160707;68.58611;nacional
2022-08-31;Portugal Continental;2022;8;2022-08;completo;15714.0;43.68063;9.011804;65.70779;nacional
2022-09-01;Portugal Continental;2022;9;2022-09;completo;15711.0;41.25009;9.245491;64.85506;nacional
2022-09-02;Portugal Continental;2022;9;2022-09;completo;14942.0;42.10565;9.5;65.57374;nacional
2022-09-03;Portugal Continental;2022;9;2022-09;completo;14102.0;41.81134;9.698569;64.85694;nacional
2022-09-04;Portugal Continental;2022;9;2022-09;completo;13412.0;42.97554;8.774955;48.09799;nacional
2022-09-05;Portugal Continental;2022;9;2022-09;completo;16238.0;44.60649;8.726308;55.70388;nacional
2022-09-06;Portugal Continental;2022;9;2022-09;completo;15773.0;41.74395;9.190742;64.84714;nacional
2022-09-07;Portugal Continental;2022;9;2022-09;completo;15803.0;42.68122;8.997392;64.19827;nacional
2022-09-08;Portugal Continental;2022;9;2022-09;completo;15506.0;43.69088;9.103707;59.35017;nacional
2022-09-09;Portugal Continental;2022;9;2022-09;completo;15654.0;43.37534;9.523077;72.71161;nacional
2022-09-10;Portugal Continental;2022;9;2022-09;completo;14985.0;40.7534;9.39009;61.8386;nacional
2022-09-11;Portugal Continental;2022;9;2022-09;completo;14875.0;40.94;8.42688;52.9863;nacional
2022-09-12;Portugal Continental;2022;9;2022-09;completo;17949.0;43.3101;8.33667;64.6769;nacional
2022-09-13;Portugal Continental;2022;9;2022-09;completo;16509.0;41.9203;9.10201;61.9807;nacional
2022-09-14;Portugal Continental;2022;9;2022-09;completo;16197.0;43.2376;9.04457;63.8413;nacional
2022-09-15;Portugal Continental;2022;9;2022-09;completo;16457.0;41.6124;8.90045;64.7805;nacional
2022-09-16;Portugal Continental;2022;9;2022-09;completo;16474.0;41.263;9.22157;71.8032;nacional
2022-09-17;Portugal Continental;2022;9;2022-09;completo;15978.0;40.8904;9.05114;66.4965;nacional
2022-09-18;Portugal Continental;2022;9;2022-09;completo;15672.0;41.2733;8.60525;62.1584;nacional
2022-09-19;Portugal Continental;2022;9;2022-09;completo;18600.0;44.0075;8.03262;61.6352;nacional
2022-09-20;Portugal Continental;2022;9;2022-09;completo;18965.0;42.8007;8.66729;69.0982;nacional
2022-09-21;Portugal Continental;2022;9;2022-09;completo;18539.0;43.9177;8.28896;74.5817;nacional
2022-09-22;Portugal Continental;2022;9;2022-09;completo;18621.0;43.4338;8.30396;67.7682;nacional
2022-09-23;Portugal Continental;2022;9;2022-09;completo;17550.0;43.0982;8.44476;63.8357;nacional
2022-09-24;Portugal Continental;2022;9;2022-09;completo;16153.0;42.4947;8.46037;64.5603;nacional
2022-09-25;Portugal Continental;2022;9;2022-09;completo;15790.0;44.1434;8.03977;56.7967;nacional
2022-09-26;Portugal Continental;2022;9;2022-09;completo;19685.0;46.2436;7.73864;62.3583;nacional
2022-09-27;Portugal Continental;2022;9;2022-09;completo;19261.0;45.1052;8.13638;70.9645;nacional
2022-09-28;Portugal Continental;2022;9;2022-09;completo;18638.0;45.034;8.05982;61.2192;nacional
2022-09-29;Portugal Continental;2022;9;2022-09;completo;17985.0;45.9534;7.68927;62.2546;nacional
2022-09-30;Portugal Continental;2022;9;2022-09;completo;17411.0;44.0027;8.6023;56.8647;nacional
2022-10-01;Portugal Continental;2022;10;2022-10;completo;15821.0;41.7158;8.82507;68.298;nacional
2022-10-02;Portugal Continental;2022;10;2022-10;completo;16104.0;43.2075;7.84129;64.4095;nacional
2022-10-03;Portugal Continental;2022;10;2022-10;completo;20336.0;45.9031;7.48899;78.1651;nacional
2022-10-04;Portugal Continental;2022;10;2022-10;completo;20614.0;44.9681;7.74554;92.0687;nacional
2022-10-05;Portugal Continental;2022;10;2022-10;completo;17981.0;46.0645;7.48438;70.3791;nacional
2022-10-06;Portugal Continental;2022;10;2022-10;completo;20114.0;45.359;7.59841;75.9393;nacional
2022-10-07;Portugal Continental;2022;10;2022-10;completo;19768.0;44.0097;7.82482;81.2251;nacional
2022-10-08;Portugal Continental;2022;10;2022-10;completo;17497.0;43.2418;8.21301;74.8135;nacional
2022-10-09;Portugal Continental;2022;10;2022-10;completo;17414.0;42.7455;7.34831;80.87;nacional
2022-10-10;Portugal Continental;2022;10;2022-10;completo;20592.0;45.8955;6.9182;71.2748;nacional
2022-10-11;Portugal Continental;2022;10;2022-10;completo;19952.0;43.2673;7.91075;81.8582;nacional
2022-10-12;Portugal Continental;2022;10;2022-10;completo;19996.0;42.8944;7.85619;71.4469;nacional
2022-10-13;Portugal Continental;2022;10;2022-10;completo;19951.0;44.778;7.73259;73.7903;nacional
2022-10-14;Portugal Continental;2022;10;2022-10;completo;19217.0;42.718;7.97992;76.1471;nacional
2022-10-15;Portugal Continental;2022;10;2022-10;completo;17540.0;43.0067;8.11904;69.1715;nacional
2022-10-16;Portugal Continental;2022;10;2022-10;completo;16824.0;44.5223;7.45516;56.7145;nacional
2022-10-17;Portugal Continental;2022;10;2022-10;completo;20794.0;47.242;6.70276;72.0704;nacional
2022-10-18;Portugal Continental;2022;10;2022-10;completo;20716.0;44.9618;7.56087;80.8656;nacional
2022-10-19;Portugal Continental;2022;10;2022-10;completo;18997.0;44.4233;8.13039;71.6682;nacional
2022-10-20;Portugal Continental;2022;10;2022-10;completo;18635.0;45.1013;8.31931;68.3119;nacional
2022-10-21;Portugal Continental;2022;10;2022-10;completo;18623.0;43.7617;8.41982;69.1284;nacional
2022-10-22;Portugal Continental;2022;10;2022-10;completo;16470.0;42.8913;8.4965;61.4698;nacional
2022-10-23;Portugal Continental;2022;10;2022-10;completo;16294.0;44.5735;7.18205;64.8462;nacional
2022-10-24;Portugal Continental;2022;10;2022-10;completo;20960.0;45.5772;6.75036;68.3085;nacional
2022-10-25;Portugal Continental;2022;10;2022-10;completo;20753.0;44.0106;7.79375;79.8204;nacional
2022-10-26;Portugal Continental;2022;10;2022-10;completo;20762.0;45.0252;7.32003;83.0911;nacional
2022-10-27;Portugal Continental;2022;10;2022-10;completo;20072.0;45.1245;7.61817;79.8598;nacional
2022-10-28;Portugal Continental;2022;10;2022-10;completo;19293.0;43.9232;8.24246;78.1643;nacional
2022-10-29;Portugal Continental;2022;10;2022-10;completo;17403.0;43.2451;8.46347;70.8373;nacional
2022-10-30;Portugal Continental;2022;10;2022-10;completo;17880.0;43.8338;7.25509;70.6321;nacional
2022-10-31;Portugal Continental;2022;10;2022-10;completo;20378.0;45.5557;7.90619;73.3008;nacional
2022-11-01;Portugal Continental;2022;11;2022-11;completo;18294.0;44.5898;7.08492;81.2845;nacional
2022-11-02;Portugal Continental;2022;11;2022-11;completo;20445.0;44.4768;6.87617;84.1091;nacional
2022-11-03;Portugal Continental;2022;11;2022-11;completo;20701.0;46.0769;7.48762;84.4334;nacional
2022-11-04;Portugal Continental;2022;11;2022-11;completo;19447.0;44.4129;7.87645;76.3099;nacional
2022-11-05;Portugal Continental;2022;11;2022-11;completo;18259.0;44.244;7.83801;81.4206;nacional
2022-11-06;Portugal Continental;2022;11;2022-11;completo;18046.0;44.6663;7.52744;78.833;nacional
2022-11-07;Portugal Continental;2022;11;2022-11;completo;22699.0;46.3484;6.88906;91.4468;nacional
2022-11-08;Portugal Continental;2022;11;2022-11;completo;21697.0;44.8239;7.5909;90.0012;nacional
2022-11-09;Portugal Continental;2022;11;2022-11;completo;21328.0;45.1396;7.57948;89.3091;nacional
2022-11-10;Portugal Continental;2022;11;2022-11;completo;20418.0;44.0345;7.92874;74.4818;nacional
2022-11-11;Portugal Continental;2022;11;2022-11;completo;19553.0;44.2487;8.16763;76.8474;nacional
2022-11-12;Portugal Continental;2022;11;2022-11;completo;18415.0;43.1113;7.96946;76.645;nacional
2022-11-13;Portugal Continental;2022;11;2022-11;completo;18372.0;45.5263;7.15188;79.7228;nacional
2022-11-14;Portugal Continental;2022;11;2022-11;completo;23386.0;47.2331;6.989;91.1446;nacional
2022-11-15;Portugal Continental;2022;11;2022-11;completo;21922.0;46.1598;7.73905;91.6294;nacional
2022-11-16;Portugal Continental;2022;11;2022-11;completo;20797.0;45.6115;7.93244;83.7633;nacional
2022-11-17;Portugal Continental;2022;11;2022-11;completo;20268.0;45.1107;8.13785;80.6673;nacional
2022-11-18;Portugal Continental;2022;11;2022-11;completo;19525.0;45.2334;7.86039;77.1898;nacional
2022-11-19;Portugal Continental;2022;11;2022-11;completo;17582.0;43.741;8.37134;77.64;nacional
2022-11-20;Portugal Continental;2022;11;2022-11;completo;18402.0;45.7103;7.65432;90.527;nacional
2022-11-21;Portugal Continental;2022;11;2022-11;completo;22320.0;47.0373;7.45941;99.9409;nacional
2022-11-22;Portugal Continental;2022;11;2022-11;completo;21413.0;45.3398;8.02944;97.0892;nacional
2022-11-23;Portugal Continental;2022;11;2022-11;completo;20149.0;44.6761;8.48398;95.1031;nacional
2022-11-24;Portugal Continental;2022;11;2022-11;completo;19221.0;43.4386;8.76949;80.8107;nacional
2022-11-25;Portugal Continental;2022;11;2022-11;completo;18570.0;43.8128;8.86353;78.2356;nacional
2022-11-26;Portugal Continental;2022;11;2022-11;completo;17251.0;42.7309;8.95492;71.023;nacional
2022-11-27;Portugal Continental;2022;11;2022-11;completo;17114.0;45.064;8.35564;68.7205;nacional
2022-11-28;Portugal Continental;2022;11;2022-11;completo;20612.0;45.7428;7.5749;81.0713;nacional
2022-11-29;Portugal Continental;2022;11;2022-11;completo;20468.0;44.9441;8.64874;84.8696;nacional
2022-11-30;Portugal Continental;2022;11;2022-11;completo;18526.0;44.759;9.16464;77.8318;nacional
2022-12-01;Portugal Continental;2022;12;2022-12;completo;17155.0;45.0201;8.55669;74.0826;nacional
2022-12-02;Portugal Continental;2022;12;2022-12;completo;18550.0;45.0568;8.59729;72.8514;nacional
2022-12-03;Portugal Continental;2022;12;2022-12;completo;16852.0;42.4456;8.72374;74.9894;nacional
2022-12-04;Portugal Continental;2022;12;2022-12;completo;16793.0;45.0169;8.4863;73.4425;nacional
2022-12-05;Portugal Continental;2022;12;2022-12;completo;20089.0;45.4783;8.23033;87.1633;nacional
2022-12-06;Portugal Continental;2022;12;2022-12;completo;19776.0;44.1634;9.22238;87.9076;nacional
2022-12-07;Portugal Continental;2022;12;2022-12;completo;18279.0;42.8653;9.49476;82.4573;nacional
2022-12-08;Portugal Continental;2022;12;2022-12;completo;16300.0;42.9131;9.11821;70.2067;nacional
2022-12-09;Portugal Continental;2022;12;2022-12;completo;17533.0;43.975;9.04781;70.5288;nacional
2022-12-10;Portugal Continental;2022;12;2022-12;completo;16577.0;43.1005;9.62758;79.9898;nacional
2022-12-11;Portugal Continental;2022;12;2022-12;completo;16267.0;42.5828;8.62766;74.1013;nacional
2022-12-12;Portugal Continental;2022;12;2022-12;completo;19562.0;44.8524;8.58896;83.1448;nacional
2022-12-13;Portugal Continental;2022;12;2022-12;completo;18382.0;42.3725;9.84935;76.2334;nacional
2022-12-14;Portugal Continental;2022;12;2022-12;completo;18009.0;42.4361;9.41595;82.3992;nacional
2022-12-15;Portugal Continental;2022;12;2022-12;completo;17984.0;42.9181;9.06222;81.4933;nacional
2022-12-16;Portugal Continental;2022;12;2022-12;completo;17586.0;42.0969;9.74882;74.1668;nacional
2022-12-17;Portugal Continental;2022;12;2022-12;completo;16543.0;41.7707;9.14754;72.6579;nacional
2022-12-18;Portugal Continental;2022;12;2022-12;completo;15994.0;42.8128;8.32968;65.3689;nacional
2022-12-19;Portugal Continental;2022;12;2022-12;completo;18997.0;44.2491;8.74926;74.7812;nacional
2022-12-20;Portugal Continental;2022;12;2022-12;completo;18415.0;43.0621;9.21442;80.6124;nacional
2022-12-21;Portugal Continental;2022;12;2022-12;completo;18294.0;42.7457;9.27822;73.2787;nacional
2022-12-22;Portugal Continental;2022;12;2022-12;completo;17204.0;43.611;9.78447;63.4027;nacional
2022-12-23;Portugal Continental;2022;12;2022-12;completo;16823.0;43.7002;8.38464;70.4857;nacional
2022-12-24;Portugal Continental;2022;12;2022-12;completo;13147.0;41.092;9.80686;60.3615;nacional
2022-12-25;Portugal Continental;2022;12;2022-12;completo;12982.0;41.8106;10.2783;44.5595;nacional
2022-12-26;Portugal Continental;2022;12;2022-12;completo;19962.0;45.5818;9.11319;83.4866;nacional
2022-12-27;Portugal Continental;2022;12;2022-12;completo;20227.0;43.7607;9.12714;93.3158;nacional
2022-12-28;Portugal Continental;2022;12;2022-12;completo;19211.0;43.8886;8.97098;84.2878;nacional
2022-12-29;Portugal Continental;2022;12;2022-12;completo;18391.0;43.4433;9.48694;85.3033;nacional
2022-12-30;Portugal Continental;2022;12;2022-12;completo;17838.0;43.6173;9.05507;79.4799;nacional
2022-12-31;Portugal Continental;2022;12;2022-12;completo;14053.0;40.7402;9.69941;81.1118;nacional
2023-01-01;Portugal Continental;2023;1;2023-01;completo;13190.0;42.4085;10.203;55.9377;nacional
2023-01-02;Portugal Continental;2023;1;2023-01;completo;18867.0;44.8705;8.83617;89.5974;nacional
2023-01-03;Portugal Continental;2023;1;2023-01;completo;19821.0;42.2366;9.12453;103.958;nacional
2023-01-04;Portugal Continental;2023;1;2023-01;completo;18899.0;43.2926;9.47182;98.7872;nacional
2023-01-05;Portugal Continental;2023;1;2023-01;completo;17674.0;41.4046;9.31785;79.0033;nacional
2023-01-06;Portugal Continental;2023;1;2023-01;completo;16803.0;40.9527;9.77704;82.4102;nacional
2023-01-07;Portugal Continental;2023;1;2023-01;completo;15166.0;41.3352;9.8566;86.9551;nacional
2023-01-08;Portugal Continental;2023;1;2023-01;completo;14397.0;41.0413;9.24836;76.8386;nacional
2023-01-09;Portugal Continental;2023;1;2023-01;completo;19230.0;43.5809;8.44757;78.0225;nacional
2023-01-10;Portugal Continental;2023;1;2023-01;completo;18758.0;42.0442;9.35208;79.29;nacional
2023-01-11;Portugal Continental;2023;1;2023-01;completo;18304.0;42.2341;9.28567;92.7303;nacional
2023-01-12;Portugal Continental;2023;1;2023-01;completo;17764.0;42.7081;9.17378;83.1488;nacional
2023-01-13;Portugal Continental;2023;1;2023-01;completo;17036.0;41.8469;9.35954;73.7257;nacional
2023-01-14;Portugal Continental;2023;1;2023-01;completo;15315.0;40.0817;10.0736;71.0986;nacional
2023-01-15;Portugal Continental;2023;1;2023-01;completo;14700.0;42.5824;8.93448;58.8077;nacional
2023-01-16;Portugal Continental;2023;1;2023-01;completo;18656.0;43.7892;8.57649;71.1567;nacional
2023-01-17;Portugal Continental;2023;1;2023-01;completo;17732.0;42.946;9.60511;68.1438;nacional
2023-01-18;Portugal Continental;2023;1;2023-01;completo;16873.0;42.494;9.06575;81.909;nacional
2023-01-19;Portugal Continental;2023;1;2023-01;completo;16722.0;41.6447;9.9959;64.7346;nacional
2023-01-20;Portugal Continental;2023;1;2023-01;completo;16730.0;41.3675;9.34275;65.5925;nacional
2023-01-21;Portugal Continental;2023;1;2023-01;completo;15408.0;40.3243;9.86847;70.2392;nacional
2023-01-22;Portugal Continental;2023;1;2023-01;completo;15009.0;42.31;9.24766;61.3733;nacional
2023-01-23;Portugal Continental;2023;1;2023-01;completo;18698.0;44.5639;9.22577;67.149;nacional
2023-01-24;Portugal Continental;2023;1;2023-01;completo;18244.0;41.9658;9.5287;70.5007;nacional
2023-01-25;Portugal Continental;2023;1;2023-01;completo;17654.0;42.525;9.32771;65.4184;nacional
2023-01-26;Portugal Continental;2023;1;2023-01;completo;16863.0;42.4529;9.65401;75.5814;nacional
2023-01-27;Portugal Continental;2023;1;2023-01;completo;16476.0;41.0187;9.95564;62.4868;nacional
2023-01-28;Portugal Continental;2023;1;2023-01;completo;15388.0;40.5314;9.64452;67.4794;nacional
2023-01-29;Portugal Continental;2023;1;2023-01;completo;15124.0;41.2734;8.85534;70.9785;nacional
2023-01-30;Portugal Continental;2023;1;2023-01;completo;18390.0;43.4888;8.1443;70.921;nacional
2023-01-31;Portugal Continental;2023;1;2023-01;completo;17879.0;42.3477;9.87184;71.6471;nacional
2023-02-01;Portugal Continental;2023;2;2023-02;completo;17889.0;41.9226;8.906;76.2301;nacional
2023-02-02;Portugal Continental;2023;2;2023-02;completo;17848.0;42.1226;9.65294;67.9491;nacional
2023-02-03;Portugal Continental;2023;2;2023-02;completo;17192.0;41.7591;9.87922;69.37;nacional
2023-02-04;Portugal Continental;2023;2;2023-02;completo;16038.0;40.1344;9.57034;82.6972;nacional
2023-02-05;Portugal Continental;2023;2;2023-02;completo;15766.0;40.6476;8.2418;76.4458;nacional
2023-02-06;Portugal Continental;2023;2;2023-02;completo;20087.0;43.6276;7.89961;83.0699;nacional
2023-02-07;Portugal Continental;2023;2;2023-02;completo;19449.0;43.0275;8.37616;88.4395;nacional
2023-02-08;Portugal Continental;2023;2;2023-02;completo;18438.0;42.0739;9.35003;87.8996;nacional
2023-02-09;Portugal Continental;2023;2;2023-02;completo;18116.0;42.6542;8.87529;70.4959;nacional
2023-02-10;Portugal Continental;2023;2;2023-02;completo;18274.0;41.5869;8.8131;74.5735;nacional
2023-02-11;Portugal Continental;2023;2;2023-02;completo;16243.0;42.3891;8.7778;78.5358;nacional
2023-02-12;Portugal Continental;2023;2;2023-02;completo;15646.0;41.6124;8.14567;66.89;nacional
2023-02-13;Portugal Continental;2023;2;2023-02;completo;20058.0;43.9001;7.93359;77.1192;nacional
2023-02-14;Portugal Continental;2023;2;2023-02;completo;19153.0;42.9346;8.45955;85.6849;nacional
2023-02-15;Portugal Continental;2023;2;2023-02;completo;19071.0;42.0715;7.9574;88.789;nacional
2023-02-16;Portugal Continental;2023;2;2023-02;completo;19149.0;41.3342;8.34013;76.039;nacional
2023-02-17;Portugal Continental;2023;2;2023-02;completo;17915.0;41.3844;8.81649;93.3412;nacional
2023-02-18;Portugal Continental;2023;2;2023-02;completo;16882.0;40.7044;8.86984;75.7203;nacional
2023-02-19;Portugal Continental;2023;2;2023-02;completo;16114.0;42.0029;8.75054;72.282;nacional
2023-02-20;Portugal Continental;2023;2;2023-02;completo;19192.0;44.5666;8.33333;78.095;nacional
2023-02-21;Portugal Continental;2023;2;2023-02;completo;17943.0;41.4531;8.08213;88.5238;nacional
2023-02-22;Portugal Continental;2023;2;2023-02;completo;19031.0;42.7077;7.92468;81.0622;nacional
2023-02-23;Portugal Continental;2023;2;2023-02;completo;18782.0;42.9165;8.30266;85.6726;nacional
2023-02-24;Portugal Continental;2023;2;2023-02;completo;17965.0;42.3189;9.02083;75.187;nacional
2023-02-25;Portugal Continental;2023;2;2023-02;completo;15579.0;40.9991;8.70741;76.5016;nacional
2023-02-26;Portugal Continental;2023;2;2023-02;completo;15561.0;42.1548;8.16596;70.3078;nacional
2023-02-27;Portugal Continental;2023;2;2023-02;completo;19439.0;42.4932;8.02569;75.2431;nacional
2023-02-28;Portugal Continental;2023;2;2023-02;completo;18534.0;42.7059;8.60131;78.6797;nacional
2023-03-01;Portugal Continental;2023;3;2023-03;completo;17877.0;41.5695;9.23542;75.7521;nacional
2023-03-02;Portugal Continental;2023;3;2023-03;completo;17763.0;39.7078;8.62428;78.5757;nacional
2023-03-03;Portugal Continental;2023;3;2023-03;completo;17436.0;40.7676;9.46164;74.4071;nacional
2023-03-04;Portugal Continental;2023;3;2023-03;completo;15436.0;39.6294;9.03087;67.2403;nacional
2023-03-05;Portugal Continental;2023;3;2023-03;completo;14813.0;41.6638;8.47039;66.0699;nacional
2023-03-06;Portugal Continental;2023;3;2023-03;completo;19268.0;43.5722;8.27244;81.7291;nacional
2023-03-07;Portugal Continental;2023;3;2023-03;completo;19597.0;42.1916;8.70622;86.7771;nacional
2023-03-08;Portugal Continental;2023;3;2023-03;completo;18689.0;43.8385;8.47589;84.9264;nacional
2023-03-09;Portugal Continental;2023;3;2023-03;completo;18556.0;42.5251;7.83402;80.3846;nacional
2023-03-10;Portugal Continental;2023;3;2023-03;completo;18404.0;42.1564;8.50575;76.6512;nacional
2023-03-11;Portugal Continental;2023;3;2023-03;completo;16464.0;40.8263;8.59546;84.0429;nacional
2023-03-12;Portugal Continental;2023;3;2023-03;completo;16463.0;41.8886;7.4847;74.4051;nacional
2023-03-13;Portugal Continental;2023;3;2023-03;completo;20544.0;45.1597;7.29673;74.5168;nacional
2023-03-14;Portugal Continental;2023;3;2023-03;completo;19964.0;42.8797;8.02702;82.8271;nacional
2023-03-15;Portugal Continental;2023;3;2023-03;completo;19072.0;42.0475;8.18548;83.7136;nacional
2023-03-16;Portugal Continental;2023;3;2023-03;completo;18747.0;41.2278;8.46345;85.4521;nacional
2023-03-17;Portugal Continental;2023;3;2023-03;completo;17700.0;42.3618;8.33122;87.1533;nacional
2023-03-18;Portugal Continental;2023;3;2023-03;completo;15902.0;42.1343;8.56001;67.6828;nacional
2023-03-19;Portugal Continental;2023;3;2023-03;completo;15024.0;42.411;8.14787;57.2328;nacional
2023-03-20;Portugal Continental;2023;3;2023-03;completo;20383.0;43.5556;7.50499;82.5494;nacional
2023-03-21;Portugal Continental;2023;3;2023-03;completo;19780.0;42.5283;8.50267;87.8487;nacional
2023-03-22;Portugal Continental;2023;3;2023-03;completo;18805.0;42.8371;8.14518;76.3771;nacional
2023-03-23;Portugal Continental;2023;3;2023-03;completo;18345.0;43.045;8.359;65.3027;nacional
2023-03-24;Portugal Continental;2023;3;2023-03;completo;17563.0;42.9673;8.44555;66.5411;nacional
2023-03-25;Portugal Continental;2023;3;2023-03;completo;15604.0;40.5257;8.65493;63.1096;nacional
2023-03-26;Portugal Continental;2023;3;2023-03;completo;14851.0;43.7045;8.08048;83.1228;nacional
2023-03-27;Portugal Continental;2023;3;2023-03;completo;19567.0;44.2807;7.73884;69.118;nacional
2023-03-28;Portugal Continental;2023;3;2023-03;completo;19440.0;41.9793;8.63779;80.8161;nacional
2023-03-29;Portugal Continental;2023;3;2023-03;completo;18935.0;42.0668;8.15153;76.2956;nacional
2023-03-30;Portugal Continental;2023;3;2023-03;completo;18158.0;42.0432;8.10629;71.5663;nacional
2023-03-31;Portugal Continental;2023;3;2023-03;completo;17527.0;41.5849;8.74324;65.218;nacional
2023-04-01;Portugal Continental;2023;4;2023-04;completo;15643.0;39.4626;8.2368;76.5347;nacional
2023-04-02;Portugal Continental;2023;4;2023-04;completo;14975.0;42.1285;8.07079;60.479;nacional
2023-04-03;Portugal Continental;2023;4;2023-04;completo;18519.0;43.4268;8.21711;60.0545;nacional
2023-04-04;Portugal Continental;2023;4;2023-04;completo;17996.0;42.5596;8.51911;77.9186;nacional
2023-04-05;Portugal Continental;2023;4;2023-04;completo;17357.0;41.1875;9.03734;59.5673;nacional
2023-04-06;Portugal Continental;2023;4;2023-04;completo;16555.0;41.5371;9.30885;61.3547;nacional
2023-04-07;Portugal Continental;2023;4;2023-04;completo;16097.0;42.3184;8.80909;56.2435;nacional
2023-04-08;Portugal Continental;2023;4;2023-04;completo;15891.0;42.3191;8.01965;60.5707;nacional
2023-04-09;Portugal Continental;2023;4;2023-04;completo;13587.0;39.7724;9.02748;49.9204;nacional
2023-04-10;Portugal Continental;2023;4;2023-04;completo;18972.0;43.3098;8.67084;65.4169;nacional
2023-04-11;Portugal Continental;2023;4;2023-04;completo;18258.0;41.4127;8.48057;77.3508;nacional
2023-04-12;Portugal Continental;2023;4;2023-04;completo;17951.0;40.8417;8.89583;74.0693;nacional
2023-04-13;Portugal Continental;2023;4;2023-04;completo;16695.0;40.4851;8.97797;75.3818;nacional
2023-04-14;Portugal Continental;2023;4;2023-04;completo;16551.0;40.3246;9.00259;72.3667;nacional
2023-04-15;Portugal Continental;2023;4;2023-04;completo;15224.0;40.3131;9.30233;62.5232;nacional
2023-04-16;Portugal Continental;2023;4;2023-04;completo;15260.0;40.0546;8.44397;59.1326;nacional
2023-04-17;Portugal Continental;2023;4;2023-04;completo;19140.0;42.5071;7.96194;65.453;nacional
2023-04-18;Portugal Continental;2023;4;2023-04;completo;19062.0;41.0878;8.89155;77.2296;nacional
2023-04-19;Portugal Continental;2023;4;2023-04;completo;18433.0;42.0413;8.9278;75.4285;nacional
2023-04-20;Portugal Continental;2023;4;2023-04;completo;18328.0;41.7109;8.38645;72.5193;nacional
2023-04-21;Portugal Continental;2023;4;2023-04;completo;17614.0;41.713;8.977;69.8809;nacional
2023-04-22;Portugal Continental;2023;4;2023-04;completo;15637.0;40.0433;9.2606;57.9965;nacional
2023-04-23;Portugal Continental;2023;4;2023-04;completo;15517.0;40.0204;7.98698;59.9274;nacional
2023-04-24;Portugal Continental;2023;4;2023-04;completo;19451.0;44.2328;7.9367;62.3711;nacional
2023-04-25;Portugal Continental;2023;4;2023-04;completo;16592.0;41.5723;8.80785;78.6278;nacional
2023-04-26;Portugal Continental;2023;4;2023-04;completo;19108.0;42.9286;8.00202;70.3594;nacional
2023-04-27;Portugal Continental;2023;4;2023-04;completo;18469.0;41.957;8.83432;74.735;nacional
2023-04-28;Portugal Continental;2023;4;2023-04;completo;18432.0;41.7543;8.89247;65.4764;nacional
2023-04-29;Portugal Continental;2023;4;2023-04;completo;16108.0;40.4627;8.43494;62.9399;nacional
2023-04-30;Portugal Continental;2023;4;2023-04;completo;15830.0;42.1038;8.17198;62.7799;nacional
2023-05-01;Portugal Continental;2023;5;2023-05;completo;16832.0;42.1953;7.60527;58.2419;nacional
2023-05-02;Portugal Continental;2023;5;2023-05;completo;19887.0;42.6482;7.48518;79.8765;nacional
2023-05-03;Portugal Continental;2023;5;2023-05;completo;19897.0;41.411;8.29045;78.5006;nacional
2023-05-04;Portugal Continental;2023;5;2023-05;completo;18597.0;42.6324;7.99274;67.5249;nacional
2023-05-05;Portugal Continental;2023;5;2023-05;completo;17810.0;41.951;8.80064;68.172;nacional
2023-05-06;Portugal Continental;2023;5;2023-05;completo;16097.0;41.5126;8.54053;72.2645;nacional
2023-05-07;Portugal Continental;2023;5;2023-05;completo;15005.0;41.0794;8.05774;53.6044;nacional
2023-05-08;Portugal Continental;2023;5;2023-05;completo;20139.0;43.3938;7.554;70.5128;nacional
2023-05-09;Portugal Continental;2023;5;2023-05;completo;19574.0;42.4939;8.21152;69.3642;nacional
2023-05-10;Portugal Continental;2023;5;2023-05;completo;18360.0;42.9292;8.21551;65.3991;nacional
2023-05-11;Portugal Continental;2023;5;2023-05;completo;18335.0;42.2201;8.27735;68.5177;nacional
2023-05-12;Portugal Continental;2023;5;2023-05;completo;17405.0;42.5193;8.66449;65.4738;nacional
2023-05-13;Portugal Continental;2023;5;2023-05;completo;15648.0;41.3192;8.54286;57.2637;nacional
2023-05-14;Portugal Continental;2023;5;2023-05;completo;15766.0;41.5506;8.11029;60.8143;nacional
2023-05-15;Portugal Continental;2023;5;2023-05;completo;20331.0;43.1593;7.34949;60.5407;nacional
2023-05-16;Portugal Continental;2023;5;2023-05;completo;19749.0;42.3022;8.36099;70.1982;nacional
2023-05-17;Portugal Continental;2023;5;2023-05;completo;19381.0;41.1919;8.52893;70.143;nacional
2023-05-18;Portugal Continental;2023;5;2023-05;completo;18604.0;41.4685;8.64564;65.05;nacional
2023-05-19;Portugal Continental;2023;5;2023-05;completo;18542.0;42.268;8.3764;66.1957;nacional
2023-05-20;Portugal Continental;2023;5;2023-05;completo;16828.0;40.7038;8.17745;60.6465;nacional
2023-05-21;Portugal Continental;2023;5;2023-05;completo;15979.0;41.7961;7.95999;54.8513;nacional
2023-05-22;Portugal Continental;2023;5;2023-05;completo;20856.0;43.6031;7.73925;68.9001;nacional
2023-05-23;Portugal Continental;2023;5;2023-05;completo;20263.0;42.3415;8.31438;83.3462;nacional
2023-05-24;Portugal Continental;2023;5;2023-05;completo;19589.0;42.2791;8.03666;73.3801;nacional
2023-05-25;Portugal Continental;2023;5;2023-05;completo;19147.0;41.4007;8.28694;77.9417;nacional
2023-05-26;Portugal Continental;2023;5;2023-05;completo;18358.0;41.2412;8.45457;73.0041;nacional
2023-05-27;Portugal Continental;2023;5;2023-05;completo;15731.0;41.9347;8.44305;64.1823;nacional
2023-05-28;Portugal Continental;2023;5;2023-05;completo;15845.0;41.1557;7.91694;51.9055;nacional
2023-05-29;Portugal Continental;2023;5;2023-05;completo;20296.0;43.7613;7.60606;65.2525;nacional
2023-05-30;Portugal Continental;2023;5;2023-05;completo;19341.0;41.7261;7.62485;82.3063;nacional
2023-05-31;Portugal Continental;2023;5;2023-05;completo;19103.0;41.6485;7.68964;68.8663;nacional
2023-06-01;Portugal Continental;2023;6;2023-06;completo;18137.0;40.9328;8.87493;68.0105;nacional
2023-06-02;Portugal Continental;2023;6;2023-06;completo;17501.0;41.5277;9.19371;66.4858;nacional
2023-06-03;Portugal Continental;2023;6;2023-06;completo;15942.0;39.1487;8.63399;64.3919;nacional
2023-06-04;Portugal Continental;2023;6;2023-06;completo;15553.0;41.5215;8.11223;58.0117;nacional
2023-06-05;Portugal Continental;2023;6;2023-06;completo;20343.0;43.1557;7.78943;67.3045;nacional
2023-06-06;Portugal Continental;2023;6;2023-06;completo;19400.0;41.3164;8.28938;69.7638;nacional
2023-06-07;Portugal Continental;2023;6;2023-06;completo;18546.0;40.1755;8.78804;69.3614;nacional
2023-06-08;Portugal Continental;2023;6;2023-06;completo;16458.0;41.7896;8.7234;63.7613;nacional
2023-06-09;Portugal Continental;2023;6;2023-06;completo;17793.0;43.4822;7.81752;71.3685;nacional
2023-06-10;Portugal Continental;2023;6;2023-06;completo;16744.0;40.318;8.56693;64.4657;nacional
2023-06-11;Portugal Continental;2023;6;2023-06;completo;15519.0;41.0125;7.83644;62.8636;nacional
2023-06-12;Portugal Continental;2023;6;2023-06;completo;19768.0;43.7899;7.17107;65.0933;nacional
2023-06-13;Portugal Continental;2023;6;2023-06;completo;18330.0;42.0552;7.72167;75.6053;nacional
2023-06-14;Portugal Continental;2023;6;2023-06;completo;18472.0;41.5187;8.10778;72.7754;nacional
2023-06-15;Portugal Continental;2023;6;2023-06;completo;17412.0;41.3472;8.82567;73.5713;nacional
2023-06-16;Portugal Continental;2023;6;2023-06;completo;17619.0;40.4306;8.55859;78.1976;nacional
2023-06-17;Portugal Continental;2023;6;2023-06;completo;15634.0;38.0847;8.63659;74.2931;nacional
2023-06-18;Portugal Continental;2023;6;2023-06;completo;15795.0;39.7627;7.82785;50.399;nacional
2023-06-19;Portugal Continental;2023;6;2023-06;completo;19390.0;41.9789;8.16531;73.7525;nacional
2023-06-20;Portugal Continental;2023;6;2023-06;completo;18531.0;41.7009;8.05968;80.8402;nacional
2023-06-21;Portugal Continental;2023;6;2023-06;completo;18038.0;40.9522;7.93439;65.8633;nacional
2023-06-22;Portugal Continental;2023;6;2023-06;completo;17168.0;40.5091;8.49908;62.9876;nacional
2023-06-23;Portugal Continental;2023;6;2023-06;completo;16491.0;40.1382;9.20102;62.8074;nacional
2023-06-24;Portugal Continental;2023;6;2023-06;completo;15567.0;39.6371;8.64347;56.0278;nacional
2023-06-25;Portugal Continental;2023;6;2023-06;completo;15317.0;38.9224;8.36715;52.3859;nacional
2023-06-26;Portugal Continental;2023;6;2023-06;completo;19365.0;41.9487;7.74299;65.9637;nacional
2023-06-27;Portugal Continental;2023;6;2023-06;completo;18848.0;41.4354;8.6369;77.8541;nacional
2023-06-28;Portugal Continental;2023;6;2023-06;completo;18249.0;40.7494;8.88162;67.9178;nacional
2023-06-29;Portugal Continental;2023;6;2023-06;completo;17737.0;41.3799;8.77557;61.9486;nacional
2023-06-30;Portugal Continental;2023;6;2023-06;completo;17254.0;41.9739;8.12753;63.5815;nacional
2023-07-01;Portugal Continental;2023;7;2023-07;completo;16040.0;40.6461;8.29574;68.4311;nacional
2023-07-02;Portugal Continental;2023;7;2023-07;completo;15979.0;38.6085;7.60058;63.8399;nacional
2023-07-03;Portugal Continental;2023;7;2023-07;completo;18997.0;41.451;7.84536;64.3906;nacional
2023-07-04;Portugal Continental;2023;7;2023-07;completo;18878.0;41.1717;8.22453;79.3396;nacional
2023-07-05;Portugal Continental;2023;7;2023-07;completo;18567.0;41.1498;7.51242;78.2274;nacional
2023-07-06;Portugal Continental;2023;7;2023-07;completo;17922.0;41.6528;8.30181;69.8089;nacional
2023-07-07;Portugal Continental;2023;7;2023-07;completo;17365.0;41.8482;8.84258;68.0411;nacional
2023-07-08;Portugal Continental;2023;7;2023-07;completo;16183.0;39.2563;8.51937;69.2011;nacional
2023-07-09;Portugal Continental;2023;7;2023-07;completo;15294.0;41.2177;7.81308;54.6471;nacional
2023-07-10;Portugal Continental;2023;7;2023-07;completo;18916.0;42.5976;7.86108;65.3714;nacional
2023-07-11;Portugal Continental;2023;7;2023-07;completo;18865.0;41.4301;8.26218;71.6328;nacional
2023-07-12;Portugal Continental;2023;7;2023-07;completo;18073.0;41.7386;8.70802;67.6053;nacional
2023-07-13;Portugal Continental;2023;7;2023-07;completo;17956.0;40.6691;8.60985;67.8171;nacional
2023-07-14;Portugal Continental;2023;7;2023-07;completo;17284.0;39.6093;8.4359;64.7323;nacional
2023-07-15;Portugal Continental;2023;7;2023-07;completo;16212.0;39.8366;8.64641;69.9699;nacional
2023-07-16;Portugal Continental;2023;7;2023-07;completo;15672.0;40.0793;7.77963;58.4793;nacional
2023-07-17;Portugal Continental;2023;7;2023-07;completo;19329.0;42.5132;7.85773;66.5547;nacional
2023-07-18;Portugal Continental;2023;7;2023-07;completo;18756.0;39.5793;8.16083;81.741;nacional
2023-07-19;Portugal Continental;2023;7;2023-07;completo;18267.0;40.1198;8.56391;72.7578;nacional
2023-07-20;Portugal Continental;2023;7;2023-07;completo;18038.0;40.7403;8.50395;70.396;nacional
2023-07-21;Portugal Continental;2023;7;2023-07;completo;17424.0;40.1351;9.03341;62.9263;nacional
2023-07-22;Portugal Continental;2023;7;2023-07;completo;16059.0;39.9786;8.47373;64.9796;nacional
2023-07-23;Portugal Continental;2023;7;2023-07;completo;15871.0;40.3383;7.86955;61.5624;nacional
2023-07-24;Portugal Continental;2023;7;2023-07;completo;19304.0;42.9888;7.84325;70.0637;nacional
2023-07-25;Portugal Continental;2023;7;2023-07;completo;18693.0;41.9892;8.16092;84.86;nacional
2023-07-26;Portugal Continental;2023;7;2023-07;completo;18299.0;41.262;8.14576;69.5997;nacional
2023-07-27;Portugal Continental;2023;7;2023-07;completo;17814.0;40.4966;8.19379;69.1552;nacional
2023-07-28;Portugal Continental;2023;7;2023-07;completo;17626.0;40.4769;8.87102;66.759;nacional
2023-07-29;Portugal Continental;2023;7;2023-07;completo;16784.0;38.7435;8.05648;74.27;nacional
2023-07-30;Portugal Continental;2023;7;2023-07;completo;15820.0;40.2629;8.27917;56.4689;nacional
2023-07-31;Portugal Continental;2023;7;2023-07;completo;19743.0;42.3415;7.82594;68.8224;nacional
2023-08-01;Portugal Continental;2023;8;2023-08;completo;18956.0;40.8242;8.51765;73.8895;nacional
2023-08-02;Portugal Continental;2023;8;2023-08;completo;18391.0;40.7681;8.15955;79.3597;nacional
2023-08-03;Portugal Continental;2023;8;2023-08;completo;18280.0;41.1672;8.41405;66.8215;nacional
2023-08-04;Portugal Continental;2023;8;2023-08;completo;17711.0;39.7179;8.35986;69.0356;nacional
2023-08-05;Portugal Continental;2023;8;2023-08;completo;16889.0;39.4111;8.26149;64.1823;nacional
2023-08-06;Portugal Continental;2023;8;2023-08;completo;15820.0;39.0598;8.29897;56.6228;nacional
2023-08-07;Portugal Continental;2023;8;2023-08;completo;19476.0;41.898;8.498;63.2043;nacional
2023-08-08;Portugal Continental;2023;8;2023-08;completo;19170.0;40.286;8.52154;87.0114;nacional
2023-08-09;Portugal Continental;2023;8;2023-08;completo;19098.0;41.6426;8.50665;87.1943;nacional
2023-08-10;Portugal Continental;2023;8;2023-08;completo;18850.0;41.5619;8.46801;75.7669;nacional
2023-08-11;Portugal Continental;2023;8;2023-08;completo;18244.0;41.0832;8.58059;81.2437;nacional
2023-08-12;Portugal Continental;2023;8;2023-08;completo;17821.0;38.8155;8.11525;78.5529;nacional
2023-08-13;Portugal Continental;2023;8;2023-08;completo;16686.0;40.5117;7.69933;87.0187;nacional
2023-08-14;Portugal Continental;2023;8;2023-08;completo;20142.0;42.3867;8.04952;79.1112;nacional
2023-08-15;Portugal Continental;2023;8;2023-08;completo;18341.0;40.4379;7.60951;87.3857;nacional
2023-08-16;Portugal Continental;2023;8;2023-08;completo;19433.0;42.764;7.80519;73.6262;nacional
2023-08-17;Portugal Continental;2023;8;2023-08;completo;19315.0;41.5102;7.66737;82.3515;nacional
2023-08-18;Portugal Continental;2023;8;2023-08;completo;18505.0;40.6595;8.94873;85.0127;nacional
2023-08-19;Portugal Continental;2023;8;2023-08;completo;17324.0;38.8945;8.62903;82.5933;nacional
2023-08-20;Portugal Continental;2023;8;2023-08;completo;16105.0;38.6392;7.83128;68.8099;nacional
2023-08-21;Portugal Continental;2023;8;2023-08;completo;19216.0;41.0771;7.88517;77.2351;nacional
2023-08-22;Portugal Continental;2023;8;2023-08;completo;18877.0;40.7054;8.64754;93.3985;nacional
2023-08-23;Portugal Continental;2023;8;2023-08;completo;18557.0;39.6203;8.70614;79.634;nacional
2023-08-24;Portugal Continental;2023;8;2023-08;completo;18241.0;40.3655;8.63157;69.2959;nacional
2023-08-25;Portugal Continental;2023;8;2023-08;completo;18405.0;40.5508;8.61831;75.7086;nacional
2023-08-26;Portugal Continental;2023;8;2023-08;completo;16547.0;41.0514;8.82498;77.3514;nacional
2023-08-27;Portugal Continental;2023;8;2023-08;completo;15927.0;40.5572;7.31726;71.7823;nacional
2023-08-28;Portugal Continental;2023;8;2023-08;completo;18839.0;42.7721;7.97232;73.5646;nacional
2023-08-29;Portugal Continental;2023;8;2023-08;completo;18319.0;41.0232;8.58802;85.2458;nacional
2023-08-30;Portugal Continental;2023;8;2023-08;completo;17643.0;40.9965;8.73061;75.1892;nacional
2023-08-31;Portugal Continental;2023;8;2023-08;completo;17016.0;41.131;8.84449;71.5129;nacional
2023-09-01;Portugal Continental;2023;9;2023-09;completo;16366.0;40.0312;8.74695;82.1322;nacional
2023-09-02;Portugal Continental;2023;9;2023-09;completo;15277.0;39.149;8.92371;75.0075;nacional
2023-09-03;Portugal Continental;2023;9;2023-09;completo;14253.0;38.9573;8.51869;79.5152;nacional
2023-09-04;Portugal Continental;2023;9;2023-09;completo;17089.0;40.5013;8.8182;70.4199;nacional
2023-09-05;Portugal Continental;2023;9;2023-09;completo;17220.0;40.8293;8.67997;90.0972;nacional
2023-09-06;Portugal Continental;2023;9;2023-09;completo;17018.0;39.7769;9.22769;86.0972;nacional
2023-09-07;Portugal Continental;2023;9;2023-09;completo;16667.0;40.2569;8.69865;82.8277;nacional
2023-09-08;Portugal Continental;2023;9;2023-09;completo;16491.0;38.6319;8.7983;73.3421;nacional
2023-09-09;Portugal Continental;2023;9;2023-09;completo;15228.0;38.8522;8.64488;80.3995;nacional
2023-09-10;Portugal Continental;2023;9;2023-09;completo;14888.0;40.0086;8.39895;70.101;nacional
2023-09-11;Portugal Continental;2023;9;2023-09;completo;18093.0;41.764;7.98068;68.026;nacional
2023-09-12;Portugal Continental;2023;9;2023-09;completo;17368.0;40.5901;9.20814;74.8175;nacional
2023-09-13;Portugal Continental;2023;9;2023-09;completo;17377.0;40.1905;8.81887;81.0274;nacional
2023-09-14;Portugal Continental;2023;9;2023-09;completo;16860.0;39.5269;9.27554;68.1327;nacional
2023-09-15;Portugal Continental;2023;9;2023-09;completo;16749.0;38.8647;9.85151;70.0277;nacional
2023-09-16;Portugal Continental;2023;9;2023-09;completo;15338.0;39.2462;9.01633;67.9852;nacional
2023-09-17;Portugal Continental;2023;9;2023-09;completo;14780.0;39.5323;7.72455;62.0738;nacional
2023-09-18;Portugal Continental;2023;9;2023-09;completo;17662.0;43.276;8.56642;63.204;nacional
2023-09-19;Portugal Continental;2023;9;2023-09;completo;18020.0;40.6924;8.49243;70.1998;nacional
2023-09-20;Portugal Continental;2023;9;2023-09;completo;17849.0;41.0252;8.25482;70.2606;nacional
2023-09-21;Portugal Continental;2023;9;2023-09;completo;17197.0;42.0293;8.42689;68.7543;nacional
2023-09-22;Portugal Continental;2023;9;2023-09;completo;17084.0;40.6549;9.21211;69.9812;nacional
2023-09-23;Portugal Continental;2023;9;2023-09;completo;16011.0;38.9614;8.90645;67.7222;nacional
2023-09-24;Portugal Continental;2023;9;2023-09;completo;15803.0;39.8062;8.16296;74.4561;nacional
2023-09-25;Portugal Continental;2023;9;2023-09;completo;20225.0;42.8534;7.89116;69.5124;nacional
2023-09-26;Portugal Continental;2023;9;2023-09;completo;19677.0;41.8294;8.41509;78.763;nacional
2023-09-27;Portugal Continental;2023;9;2023-09;completo;19113.0;41.2595;7.85259;71.4422;nacional
2023-09-28;Portugal Continental;2023;9;2023-09;completo;18893.0;40.943;8.10435;70.9278;nacional
2023-09-29;Portugal Continental;2023;9;2023-09;completo;17988.0;40.9888;8.77699;70.3633;nacional
2023-09-30;Portugal Continental;2023;9;2023-09;completo;16640.0;40.7011;8.64172;85.1246;nacional
2023-10-01;Portugal Continental;2023;10;2023-10;completo;16651.0;40.2636;7.83572;78.4516;nacional
2023-10-02;Portugal Continental;2023;10;2023-10;completo;21197.0;42.7447;7.3594;80.4924;nacional
2023-10-03;Portugal Continental;2023;10;2023-10;completo;19890.0;41.6288;8.43098;88.227;nacional
2023-10-04;Portugal Continental;2023;10;2023-10;completo;18677.0;41.2341;8.56932;78.7481;nacional
2023-10-05;Portugal Continental;2023;10;2023-10;completo;16915.0;41.215;8.27956;75.4457;nacional
2023-10-06;Portugal Continental;2023;10;2023-10;completo;18082.0;42.928;8.14264;69.6048;nacional
2023-10-07;Portugal Continental;2023;10;2023-10;completo;15957.0;39.7454;8.50112;73.0021;nacional
2023-10-08;Portugal Continental;2023;10;2023-10;completo;15454.0;40.6837;7.77709;61.0942;nacional
2023-10-09;Portugal Continental;2023;10;2023-10;completo;19674.0;43.0345;7.72113;75.349;nacional
2023-10-10;Portugal Continental;2023;10;2023-10;completo;19758.0;41.9969;8.20948;79.6903;nacional
2023-10-11;Portugal Continental;2023;10;2023-10;completo;18837.0;41.9322;8.41668;75.8318;nacional
2023-10-12;Portugal Continental;2023;10;2023-10;completo;18233.0;41.2568;8.42625;69.9161;nacional
2023-10-13;Portugal Continental;2023;10;2023-10;completo;17754.0;40.4858;8.90143;61.6302;nacional
2023-10-14;Portugal Continental;2023;10;2023-10;completo;15934.0;39.5712;8.3321;71.312;nacional
2023-10-15;Portugal Continental;2023;10;2023-10;completo;15098.0;42.5091;7.83617;59.916;nacional
2023-10-16;Portugal Continental;2023;10;2023-10;completo;19126.0;41.9442;8.18994;68.0552;nacional
2023-10-17;Portugal Continental;2023;10;2023-10;completo;17606.0;40.5605;8.9713;63.9018;nacional
2023-10-18;Portugal Continental;2023;10;2023-10;completo;17159.0;41.8737;8.82728;57.6705;nacional
2023-10-19;Portugal Continental;2023;10;2023-10;completo;15859.0;42.018;9.39687;51.2376;nacional
2023-10-20;Portugal Continental;2023;10;2023-10;completo;16111.0;40.0209;9.375;57.5477;nacional
2023-10-21;Portugal Continental;2023;10;2023-10;completo;14646.0;39.6259;8.87024;63.4817;nacional
2023-10-22;Portugal Continental;2023;10;2023-10;completo;14507.0;39.9176;8.66544;57.6271;nacional
2023-10-23;Portugal Continental;2023;10;2023-10;completo;18787.0;44.2705;7.77743;65.5252;nacional
2023-10-24;Portugal Continental;2023;10;2023-10;completo;17184.0;41.3819;8.98779;75.9188;nacional
2023-10-25;Portugal Continental;2023;10;2023-10;completo;16966.0;40.3365;9.14919;69.3244;nacional
2023-10-26;Portugal Continental;2023;10;2023-10;completo;16757.0;41.2975;9.14568;68.0327;nacional
2023-10-27;Portugal Continental;2023;10;2023-10;completo;15570.0;42.4709;9.68097;62.3207;nacional
2023-10-28;Portugal Continental;2023;10;2023-10;completo;14556.0;40.0549;9.31544;59.3934;nacional
2023-10-29;Portugal Continental;2023;10;2023-10;completo;14650.0;39.8573;8.64422;58.4434;nacional
2023-10-30;Portugal Continental;2023;10;2023-10;completo;17934.0;42.3583;8.38121;73.2173;nacional
2023-10-31;Portugal Continental;2023;10;2023-10;completo;16327.0;41.0497;9.67564;72.5171;nacional
2023-11-01;Portugal Continental;2023;11;2023-11;completo;15091.0;40.8217;8.96926;59.7279;nacional
2023-11-02;Portugal Continental;2023;11;2023-11;completo;16336.0;40.789;8.9287;70.9262;nacional
2023-11-03;Portugal Continental;2023;11;2023-11;completo;16150.0;41.3969;9.33114;67.1646;nacional
2023-11-04;Portugal Continental;2023;11;2023-11;completo;14151.0;39.4774;9.42717;68.3519;nacional
2023-11-05;Portugal Continental;2023;11;2023-11;completo;13602.0;40.3905;9.042;58.0555;nacional
2023-11-06;Portugal Continental;2023;11;2023-11;completo;17848.0;43.489;8.41876;60.5531;nacional
2023-11-07;Portugal Continental;2023;11;2023-11;completo;17635.0;41.7864;8.88903;68.8323;nacional
2023-11-08;Portugal Continental;2023;11;2023-11;completo;17159.0;41.5974;8.89052;67.1031;nacional
2023-11-09;Portugal Continental;2023;11;2023-11;completo;17061.0;40.1548;9.57439;75.2253;nacional
2023-11-10;Portugal Continental;2023;11;2023-11;completo;16922.0;38.3669;9.28551;73.4088;nacional
2023-11-11;Portugal Continental;2023;11;2023-11;completo;15673.0;39.9018;9.10772;66.9938;nacional
2023-11-12;Portugal Continental;2023;11;2023-11;completo;15275.0;38.3474;8.50736;73.4355;nacional
2023-11-13;Portugal Continental;2023;11;2023-11;completo;19959.0;41.7295;8.35317;85.1643;nacional
2023-11-14;Portugal Continental;2023;11;2023-11;completo;19656.0;42.2937;7.95985;95.0524;nacional
2023-11-15;Portugal Continental;2023;11;2023-11;completo;18361.0;41.9785;8.61778;86.3195;nacional
2023-11-16;Portugal Continental;2023;11;2023-11;completo;18248.0;40.7444;8.77116;79.877;nacional
2023-11-17;Portugal Continental;2023;11;2023-11;completo;17788.0;41.5328;8.58785;79.1923;nacional
2023-11-18;Portugal Continental;2023;11;2023-11;completo;16040.0;38.3171;9.08471;81.2668;nacional
2023-11-19;Portugal Continental;2023;11;2023-11;completo;15047.0;40.6202;8.75564;64.7395;nacional
2023-11-20;Portugal Continental;2023;11;2023-11;completo;19405.0;42.3554;8.13543;82.529;nacional
2023-11-21;Portugal Continental;2023;11;2023-11;completo;18606.0;42.1469;8.11443;82.2072;nacional
2023-11-22;Portugal Continental;2023;11;2023-11;completo;18119.0;41.3737;9.01978;68.9913;nacional
2023-11-23;Portugal Continental;2023;11;2023-11;completo;16957.0;41.2527;9.24119;66.8382;nacional
2023-11-24;Portugal Continental;2023;11;2023-11;completo;16784.0;41.9353;9.6037;78.0555;nacional
2023-11-25;Portugal Continental;2023;11;2023-11;completo;15083.0;39.9329;9.05057;77.1488;nacional
2023-11-26;Portugal Continental;2023;11;2023-11;completo;15004.0;40.766;7.98201;84.0159;nacional
2023-11-27;Portugal Continental;2023;11;2023-11;completo;19443.0;41.2203;7.36098;80.8241;nacional
2023-11-28;Portugal Continental;2023;11;2023-11;completo;18837.0;41.8855;9.15923;94.2745;nacional
2023-11-29;Portugal Continental;2023;11;2023-11;completo;18523.0;40.8741;8.81354;89.3536;nacional
2023-11-30;Portugal Continental;2023;11;2023-11;completo;17010.0;39.4351;9.57703;89.1285;nacional
2023-12-01;Portugal Continental;2023;12;2023-12;completo;16264.0;39.7823;9.33352;76.5353;nacional
2023-12-02;Portugal Continental;2023;12;2023-12;completo;15038.0;38.9073;8.41327;73.4246;nacional
2023-12-03;Portugal Continental;2023;12;2023-12;completo;15205.0;40.3419;8.37161;94.4336;nacional
2023-12-04;Portugal Continental;2023;12;2023-12;completo;19653.0;41.4219;8.17517;88.8659;nacional
2023-12-05;Portugal Continental;2023;12;2023-12;completo;19022.0;42.2695;8.9422;102.026;nacional
2023-12-06;Portugal Continental;2023;12;2023-12;completo;17756.0;41.983;8.70712;83.9849;nacional
2023-12-07;Portugal Continental;2023;12;2023-12;completo;17233.0;40.1423;9.78355;94.8734;nacional
2023-12-08;Portugal Continental;2023;12;2023-12;completo;17110.0;39.794;9.69856;94.944;nacional
2023-12-09;Portugal Continental;2023;12;2023-12;completo;16661.0;39.172;8.2762;96.471;nacional
2023-12-10;Portugal Continental;2023;12;2023-12;completo;16911.0;40.2343;7.53877;97.6403;nacional
2023-12-11;Portugal Continental;2023;12;2023-12;completo;21384.0;41.5566;7.98533;105.614;nacional
2023-12-12;Portugal Continental;2023;12;2023-12;completo;20188.0;41.6339;8.77403;105.34;nacional
2023-12-13;Portugal Continental;2023;12;2023-12;completo;19339.0;40.9645;8.59057;107.455;nacional
2023-12-14;Portugal Continental;2023;12;2023-12;completo;18330.0;40.8405;8.78672;95.2254;nacional
2023-12-15;Portugal Continental;2023;12;2023-12;completo;17508.0;41.1765;8.83449;84.9005;nacional
2023-12-16;Portugal Continental;2023;12;2023-12;completo;16209.0;38.3037;8.28454;81.3903;nacional
2023-12-17;Portugal Continental;2023;12;2023-12;completo;16267.0;39.6429;8.34717;81.6806;nacional
2023-12-18;Portugal Continental;2023;12;2023-12;completo;19563.0;41.87;8.81196;92.4314;nacional
2023-12-19;Portugal Continental;2023;12;2023-12;completo;19252.0;40.5001;9.39033;95.2732;nacional
2023-12-20;Portugal Continental;2023;12;2023-12;completo;18371.0;40.7126;9.49496;96.9409;nacional
2023-12-21;Portugal Continental;2023;12;2023-12;completo;18494.0;40.4648;9.41371;91.41;nacional
2023-12-22;Portugal Continental;2023;12;2023-12;completo;18282.0;38.9392;9.40913;95.3453;nacional
2023-12-23;Portugal Continental;2023;12;2023-12;completo;17562.0;38.1628;9.18861;108.849;nacional
2023-12-24;Portugal Continental;2023;12;2023-12;completo;14541.0;36.9197;9.70722;126.807;nacional
2023-12-25;Portugal Continental;2023;12;2023-12;completo;14710.0;36.3603;10.411;103.001;nacional
2023-12-26;Portugal Continental;2023;12;2023-12;completo;21979.0;41.2986;8.92848;134.571;nacional
2023-12-27;Portugal Continental;2023;12;2023-12;completo;21862.0;41.4665;9.38795;161.4;nacional
2023-12-28;Portugal Continental;2023;12;2023-12;completo;19487.0;40.0262;10.5603;139.161;nacional
2023-12-29;Portugal Continental;2023;12;2023-12;completo;17125.0;39.878;10.7659;109.553;nacional
2023-12-30;Portugal Continental;2023;12;2023-12;completo;15947.0;37.3712;10.9647;100.086;nacional
2023-12-31;Portugal Continental;2023;12;2023-12;completo;13717.0;36.0472;10.6346;125.334;nacional
2024-01-01;Portugal Continental;2024;1;2024-01;completo;14041.0;37.4755;10.5202;107.021;nacional
2024-01-02;Portugal Continental;2024;1;2024-01;completo;18333.0;41.2664;9.73964;136.669;nacional
2024-01-03;Portugal Continental;2024;1;2024-01;completo;19084.0;39.3482;9.40714;147.257;nacional
2024-01-04;Portugal Continental;2024;1;2024-01;completo;17831.0;39.0048;10.6677;138.72;nacional
2024-01-05;Portugal Continental;2024;1;2024-01;completo;16256.0;39.8842;12.1722;126.892;nacional
2024-01-06;Portugal Continental;2024;1;2024-01;completo;13937.0;37.1867;11.6263;90.7748;nacional
2024-01-07;Portugal Continental;2024;1;2024-01;completo;12903.0;38.1589;9.9395;77.2029;nacional
2024-01-08;Portugal Continental;2024;1;2024-01;completo;16072.0;40.2334;9.58612;71.4045;nacional
2024-01-09;Portugal Continental;2024;1;2024-01;completo;15851.0;40.1867;11.121;85.4917;nacional
2024-01-10;Portugal Continental;2024;1;2024-01;completo;15523.0;38.6471;11.4205;77.8935;nacional
2024-01-11;Portugal Continental;2024;1;2024-01;completo;15762.0;40.0738;11.3132;76.6982;nacional
2024-01-12;Portugal Continental;2024;1;2024-01;completo;15083.0;38.7572;11.1102;62.8652;nacional
2024-01-13;Portugal Continental;2024;1;2024-01;completo;13460.0;37.6294;10.8951;61.5526;nacional
2024-01-14;Portugal Continental;2024;1;2024-01;completo;13114.0;38.7591;9.70363;56.5386;nacional
2024-01-15;Portugal Continental;2024;1;2024-01;completo;17615.0;40.897;9.09272;84.7282;nacional
2024-01-16;Portugal Continental;2024;1;2024-01;completo;17461.0;38.435;10.3421;81.2891;nacional
2024-01-17;Portugal Continental;2024;1;2024-01;completo;16742.0;39.3744;10.7889;78.6342;nacional
2024-01-18;Portugal Continental;2024;1;2024-01;completo;16535.0;39.6346;10.329;70.0048;nacional
2024-01-19;Portugal Continental;2024;1;2024-01;completo;15594.0;39.7852;10.3963;74.4452;nacional
2024-01-20;Portugal Continental;2024;1;2024-01;completo;13956.0;37.5275;10.0555;68.4782;nacional
2024-01-21;Portugal Continental;2024;1;2024-01;completo;13374.0;37.9455;9.41857;60.4809;nacional
2024-01-22;Portugal Continental;2024;1;2024-01;completo;17244.0;41.9821;8.79823;72.2191;nacional
2024-01-23;Portugal Continental;2024;1;2024-01;completo;17251.0;39.946;9.97054;64.6456;nacional
2024-01-24;Portugal Continental;2024;1;2024-01;completo;16526.0;39.5592;9.56225;66.724;nacional
2024-01-25;Portugal Continental;2024;1;2024-01;completo;16616.0;39.305;9.84359;74.2772;nacional
2024-01-26;Portugal Continental;2024;1;2024-01;completo;16101.0;40.5209;9.60637;65.7822;nacional
2024-01-27;Portugal Continental;2024;1;2024-01;completo;14099.0;39.3083;9.74245;64.694;nacional
2024-01-28;Portugal Continental;2024;1;2024-01;completo;14015.0;40.2559;8.80323;72.3627;nacional
2024-01-29;Portugal Continental;2024;1;2024-01;completo;17932.0;42.0111;8.51914;71.9491;nacional
2024-01-30;Portugal Continental;2024;1;2024-01;completo;17570.0;41.0114;9.18718;77.1258;nacional
2024-01-31;Portugal Continental;2024;1;2024-01;completo;16820.0;40.8556;9.61645;77.7285;nacional
2024-02-01;Portugal Continental;2024;2;2024-02;completo;16528.0;39.392;9.6383;75.6612;nacional
2024-02-02;Portugal Continental;2024;2;2024-02;completo;16047.0;39.443;9.55016;63.5964;nacional
2024-02-03;Portugal Continental;2024;2;2024-02;completo;14662.0;39.733;9.89529;69.9195;nacional
2024-02-04;Portugal Continental;2024;2;2024-02;completo;14459.0;39.9985;8.34222;62.0178;nacional
2024-02-05;Portugal Continental;2024;2;2024-02;completo;18251.0;41.3327;8.23522;72.8399;nacional
2024-02-06;Portugal Continental;2024;2;2024-02;completo;18125.0;41.9248;9.21881;76.5797;nacional
2024-02-07;Portugal Continental;2024;2;2024-02;completo;17528.0;41.2385;8.65936;69.9896;nacional
2024-02-08;Portugal Continental;2024;2;2024-02;completo;16287.0;39.8938;9.94655;62.4479;nacional
2024-02-09;Portugal Continental;2024;2;2024-02;completo;15708.0;40.0564;10.5416;68.4303;nacional
2024-02-10;Portugal Continental;2024;2;2024-02;completo;14872.0;38.0969;10.0094;72.567;nacional
2024-02-11;Portugal Continental;2024;2;2024-02;completo;13625.0;38.8419;9.02697;60.894;nacional
2024-02-12;Portugal Continental;2024;2;2024-02;completo;17184.0;41.3466;8.84195;73.2897;nacional
2024-02-13;Portugal Continental;2024;2;2024-02;completo;16898.0;40.9179;8.93275;82.8581;nacional
2024-02-14;Portugal Continental;2024;2;2024-02;completo;17521.0;41.308;9.21677;79.1984;nacional
2024-02-15;Portugal Continental;2024;2;2024-02;completo;18448.0;40.3301;9.04667;85.1764;nacional
2024-02-16;Portugal Continental;2024;2;2024-02;completo;17965.0;41.5334;8.94169;82.4062;nacional
2024-02-17;Portugal Continental;2024;2;2024-02;completo;15995.0;39.8956;8.53803;76.8363;nacional
2024-02-18;Portugal Continental;2024;2;2024-02;completo;15156.0;41.4098;8.80494;67.203;nacional
2024-02-19;Portugal Continental;2024;2;2024-02;completo;19399.0;42.0683;7.84186;80.0946;nacional
2024-02-20;Portugal Continental;2024;2;2024-02;completo;19487.0;40.9189;8.43359;79.9973;nacional
2024-02-21;Portugal Continental;2024;2;2024-02;completo;18408.0;41.7035;8.43538;87.2808;nacional
2024-02-22;Portugal Continental;2024;2;2024-02;completo;17963.0;41.7341;8.48893;81.1479;nacional
2024-02-23;Portugal Continental;2024;2;2024-02;completo;16674.0;41.5769;8.55443;76.9526;nacional
2024-02-24;Portugal Continental;2024;2;2024-02;completo;15239.0;40.0373;9.05238;67.9136;nacional
2024-02-25;Portugal Continental;2024;2;2024-02;completo;14349.0;39.2778;8.32004;66.7589;nacional
2024-02-26;Portugal Continental;2024;2;2024-02;completo;19277.0;43.5869;8.1046;75.1563;nacional
2024-02-27;Portugal Continental;2024;2;2024-02;completo;18703.0;41.6215;8.755;73.5898;nacional
2024-02-28;Portugal Continental;2024;2;2024-02;completo;18441.0;42.5749;8.21238;80.4563;nacional
2024-02-29;Portugal Continental;2024;2;2024-02;completo;17794.0;40.8457;8.5768;74.7907;nacional
2024-03-01;Portugal Continental;2024;3;2024-03;completo;17082.0;40.4507;9.75169;76.3917;nacional
2024-03-02;Portugal Continental;2024;3;2024-03;completo;14869.0;39.1777;9.22498;76.2363;nacional
2024-03-03;Portugal Continental;2024;3;2024-03;completo;14428.0;40.4958;8.86811;60.4786;nacional
2024-03-04;Portugal Continental;2024;3;2024-03;completo;19446.0;42.4322;7.74151;78.6743;nacional
2024-03-05;Portugal Continental;2024;3;2024-03;completo;19206.0;41.3101;8.62808;85.1473;nacional
2024-03-06;Portugal Continental;2024;3;2024-03;completo;18686.0;40.8276;9.10647;95.1023;nacional
2024-03-07;Portugal Continental;2024;3;2024-03;completo;17794.0;40.5299;9.07041;93.4655;nacional
2024-03-08;Portugal Continental;2024;3;2024-03;completo;16106.0;40.7816;9.22381;83.9226;nacional
2024-03-09;Portugal Continental;2024;3;2024-03;completo;14871.0;39.5205;10.1192;66.0754;nacional
2024-03-10;Portugal Continental;2024;3;2024-03;completo;14510.0;39.5596;8.2856;83.5776;nacional
2024-03-11;Portugal Continental;2024;3;2024-03;completo;19901.0;41.6162;7.68412;82.7197;nacional
2024-03-12;Portugal Continental;2024;3;2024-03;completo;20315.0;40.9868;8.49771;92.0412;nacional
2024-03-13;Portugal Continental;2024;3;2024-03;completo;19936.0;40.2683;8.63617;94.1186;nacional
2024-03-14;Portugal Continental;2024;3;2024-03;completo;19563.0;40.9206;8.40726;89.7358;nacional
2024-03-15;Portugal Continental;2024;3;2024-03;completo;18781.0;40.7976;8.74937;81.8688;nacional
2024-03-16;Portugal Continental;2024;3;2024-03;completo;16799.0;40.239;8.25649;88.5984;nacional
2024-03-17;Portugal Continental;2024;3;2024-03;completo;16687.0;40.3293;7.78221;87.3977;nacional
2024-03-18;Portugal Continental;2024;3;2024-03;completo;21106.0;41.1306;7.98023;97.2843;nacional
2024-03-19;Portugal Continental;2024;3;2024-03;completo;20341.0;41.9808;7.94107;97.8107;nacional
2024-03-20;Portugal Continental;2024;3;2024-03;completo;19678.0;40.9003;8.55067;84.9756;nacional
2024-03-21;Portugal Continental;2024;3;2024-03;completo;18906.0;40.6684;8.50904;81.7578;nacional
2024-03-22;Portugal Continental;2024;3;2024-03;completo;18262.0;38.9219;8.52236;92.0232;nacional
2024-03-23;Portugal Continental;2024;3;2024-03;completo;16610.0;39.8728;8.72415;81.0402;nacional
2024-03-24;Portugal Continental;2024;3;2024-03;completo;16470.0;39.7365;7.70015;83.4082;nacional
2024-03-25;Portugal Continental;2024;3;2024-03;completo;20007.0;41.4403;8.2346;83.5967;nacional
2024-03-26;Portugal Continental;2024;3;2024-03;completo;18543.0;40.0731;9.3187;90.8393;nacional
2024-03-27;Portugal Continental;2024;3;2024-03;completo;17165.0;39.9075;9.18332;82.297;nacional
2024-03-28;Portugal Continental;2024;3;2024-03;completo;16517.0;40.3452;9.75645;74.8631;nacional
2024-03-29;Portugal Continental;2024;3;2024-03;completo;16131.0;41.8341;8.70873;62.5259;nacional
2024-03-30;Portugal Continental;2024;3;2024-03;completo;15612.0;40.9798;8.13428;64.0075;nacional
2024-03-31;Portugal Continental;2024;3;2024-03;completo;12619.0;39.4867;8.95733;65.3894;nacional
2024-04-01;Portugal Continental;2024;4;2024-04;completo;18071.0;41.0774;8.19824;80.4683;nacional
2024-04-02;Portugal Continental;2024;4;2024-04;completo;18443.0;40.4022;8.6523;91.8748;nacional
2024-04-03;Portugal Continental;2024;4;2024-04;completo;17887.0;40.7964;8.92246;98.368;nacional
2024-04-04;Portugal Continental;2024;4;2024-04;completo;17986.0;40.0847;8.94796;91.2492;nacional
2024-04-05;Portugal Continental;2024;4;2024-04;completo;17338.0;40.1964;9.66023;86.3416;nacional
2024-04-06;Portugal Continental;2024;4;2024-04;completo;16465.0;38.7933;8.64483;76.8451;nacional
2024-04-07;Portugal Continental;2024;4;2024-04;completo;15804.0;39.4763;8.14525;77.0558;nacional
2024-04-08;Portugal Continental;2024;4;2024-04;completo;19410.0;40.6564;7.71718;81.9537;nacional
2024-04-09;Portugal Continental;2024;4;2024-04;completo;18920.0;40.4152;8.18365;85.1855;nacional
2024-04-10;Portugal Continental;2024;4;2024-04;completo;19108.0;40.8354;8.51617;90.9748;nacional
2024-04-11;Portugal Continental;2024;4;2024-04;completo;18696.0;39.383;8.64315;80.5932;nacional
2024-04-12;Portugal Continental;2024;4;2024-04;completo;18236.0;39.4463;9.04687;83.2723;nacional
2024-04-13;Portugal Continental;2024;4;2024-04;completo;16153.0;38.0458;8.80352;79.4273;nacional
2024-04-14;Portugal Continental;2024;4;2024-04;completo;16352.0;39.4109;7.78258;71.4337;nacional
2024-04-15;Portugal Continental;2024;4;2024-04;completo;20761.0;42.2593;7.47398;88.8497;nacional
2024-04-16;Portugal Continental;2024;4;2024-04;completo;20623.0;41.4967;8.20486;96.3011;nacional
2024-04-17;Portugal Continental;2024;4;2024-04;completo;20080.0;42.2055;8.4992;87.857;nacional
2024-04-18;Portugal Continental;2024;4;2024-04;completo;19343.0;40.1754;8.34862;78.5794;nacional
2024-04-19;Portugal Continental;2024;4;2024-04;completo;18868.0;41.7426;7.94384;82.2568;nacional
2024-04-20;Portugal Continental;2024;4;2024-04;completo;17058.0;39.14;7.88732;87.3938;nacional
2024-04-21;Portugal Continental;2024;4;2024-04;completo;16394.0;40.9053;7.64096;72.0317;nacional
2024-04-22;Portugal Continental;2024;4;2024-04;completo;21049.0;41.879;7.24874;78.1253;nacional
2024-04-23;Portugal Continental;2024;4;2024-04;completo;20827.0;42.3498;8.24465;86.0468;nacional
2024-04-24;Portugal Continental;2024;4;2024-04;completo;19290.0;40.3084;8.72877;78.8809;nacional
2024-04-25;Portugal Continental;2024;4;2024-04;completo;17163.0;40.5696;8.21946;69.8356;nacional
2024-04-26;Portugal Continental;2024;4;2024-04;completo;18540.0;41.6436;8.16981;78.1088;nacional
2024-04-27;Portugal Continental;2024;4;2024-04;completo;15865.0;39.9447;8.76816;74.747;nacional
2024-04-28;Portugal Continental;2024;4;2024-04;completo;15483.0;39.8121;7.52387;65.2831;nacional
2024-04-29;Portugal Continental;2024;4;2024-04;completo;20127.0;42.7138;7.30254;80.5837;nacional
2024-04-30;Portugal Continental;2024;4;2024-04;completo;19400.0;41.7775;8.58701;91.7087;nacional
2024-05-01;Portugal Continental;2024;5;2024-05;completo;16503.0;41.9894;8.85362;74.1515;nacional
2024-05-02;Portugal Continental;2024;5;2024-05;completo;18701.0;42.9275;7.81482;75.8917;nacional
2024-05-03;Portugal Continental;2024;5;2024-05;completo;18180.0;40.7617;8.46046;80.9155;nacional
2024-05-04;Portugal Continental;2024;5;2024-05;completo;16073.0;40.1763;8.5898;78.0642;nacional
2024-05-05;Portugal Continental;2024;5;2024-05;completo;15246.0;38.9645;8.26295;65.137;nacional
2024-05-06;Portugal Continental;2024;5;2024-05;completo;20064.0;42.2802;7.30243;75.2078;nacional
2024-05-07;Portugal Continental;2024;5;2024-05;completo;20354.0;41.1281;8.03541;90.2433;nacional
2024-05-08;Portugal Continental;2024;5;2024-05;completo;19653.0;40.732;8.43359;81.8348;nacional
2024-05-09;Portugal Continental;2024;5;2024-05;completo;19865.0;39.5656;8.14069;81.1786;nacional
2024-05-10;Portugal Continental;2024;5;2024-05;completo;19230.0;39.4821;8.96779;82.5722;nacional
2024-05-11;Portugal Continental;2024;5;2024-05;completo;17208.0;39.1771;8.40744;81.9914;nacional
2024-05-12;Portugal Continental;2024;5;2024-05;completo;17109.0;40.2011;7.72222;71.0932;nacional
2024-05-13;Portugal Continental;2024;5;2024-05;completo;20956.0;42.9854;7.46516;84.4426;nacional
2024-05-14;Portugal Continental;2024;5;2024-05;completo;20764.0;40.1208;7.70374;91.5504;nacional
2024-05-15;Portugal Continental;2024;5;2024-05;completo;19481.0;41.1719;7.71517;96.1744;nacional
2024-05-16;Portugal Continental;2024;5;2024-05;completo;19176.0;40.689;8.18176;79.0594;nacional
2024-05-17;Portugal Continental;2024;5;2024-05;completo;18137.0;41.2848;7.86517;81.6646;nacional
2024-05-18;Portugal Continental;2024;5;2024-05;completo;16417.0;39.716;7.93026;73.4151;nacional
2024-05-19;Portugal Continental;2024;5;2024-05;completo;15954.0;39.6721;8.16156;69.8163;nacional
2024-05-20;Portugal Continental;2024;5;2024-05;completo;20387.0;41.0514;7.7473;86.7498;nacional
2024-05-21;Portugal Continental;2024;5;2024-05;completo;20427.0;41.4161;7.76032;95.8242;nacional
2024-05-22;Portugal Continental;2024;5;2024-05;completo;19729.0;40.977;7.98314;87.5903;nacional
2024-05-23;Portugal Continental;2024;5;2024-05;completo;19236.0;39.4061;7.9524;74.7229;nacional
2024-05-24;Portugal Continental;2024;5;2024-05;completo;18699.0;40.4808;8.8799;74.1311;nacional
2024-05-25;Portugal Continental;2024;5;2024-05;completo;16783.0;37.9062;8.43789;73.0856;nacional
2024-05-26;Portugal Continental;2024;5;2024-05;completo;16540.0;39.7471;7.98122;68.2765;nacional
2024-05-27;Portugal Continental;2024;5;2024-05;completo;20971.0;43.0408;7.38159;76.9941;nacional
2024-05-28;Portugal Continental;2024;5;2024-05;completo;20515.0;40.3873;8.37269;89.8767;nacional
2024-05-29;Portugal Continental;2024;5;2024-05;completo;19391.0;40.4452;8.31194;85.9862;nacional
2024-05-30;Portugal Continental;2024;5;2024-05;completo;17850.0;40.9652;8.49951;80.9523;nacional
2024-05-31;Portugal Continental;2024;5;2024-05;completo;19100.0;40.8349;8.00072;74.5389;nacional
2024-06-01;Portugal Continental;2024;6;2024-06;completo;17135.0;38.8811;7.89707;79.3914;nacional
2024-06-02;Portugal Continental;2024;6;2024-06;completo;16814.0;39.5624;7.20536;70.0768;nacional
2024-06-03;Portugal Continental;2024;6;2024-06;completo;21240.0;40.5788;7.06378;79.5738;nacional
2024-06-04;Portugal Continental;2024;6;2024-06;completo;20990.0;39.814;7.63557;102.473;nacional
2024-06-05;Portugal Continental;2024;6;2024-06;completo;20384.0;39.6785;7.91509;87.4208;nacional
2024-06-06;Portugal Continental;2024;6;2024-06;completo;19884.0;40.4094;7.89229;91.2222;nacional
2024-06-07;Portugal Continental;2024;6;2024-06;completo;18953.0;40.0;8.28588;82.1677;nacional
2024-06-08;Portugal Continental;2024;6;2024-06;completo;16839.0;39.6078;8.32679;82.3801;nacional
2024-06-09;Portugal Continental;2024;6;2024-06;completo;16632.0;40.0836;8.17633;94.9031;nacional
2024-06-10;Portugal Continental;2024;6;2024-06;completo;18408.0;42.12;6.69217;76.9274;nacional
2024-06-11;Portugal Continental;2024;6;2024-06;completo;20124.0;41.4425;7.93361;84.5809;nacional
2024-06-12;Portugal Continental;2024;6;2024-06;completo;19215.0;40.3382;8.43567;86.6673;nacional
2024-06-13;Portugal Continental;2024;6;2024-06;completo;18338.0;40.7541;8.28945;77.1959;nacional
2024-06-14;Portugal Continental;2024;6;2024-06;completo;17759.0;41.7244;8.61508;79.6222;nacional
2024-06-15;Portugal Continental;2024;6;2024-06;completo;15429.0;37.6361;8.44981;67.5074;nacional
2024-06-16;Portugal Continental;2024;6;2024-06;completo;15318.0;39.7586;8.11194;65.8311;nacional
2024-06-17;Portugal Continental;2024;6;2024-06;completo;18952.0;42.2687;7.34892;64.7489;nacional
2024-06-18;Portugal Continental;2024;6;2024-06;completo;17976.0;40.7401;8.8492;79.8034;nacional
2024-06-19;Portugal Continental;2024;6;2024-06;completo;17770.0;40.2674;8.69536;75.237;nacional
2024-06-20;Portugal Continental;2024;6;2024-06;completo;17924.0;41.2635;8.96639;68.9708;nacional
2024-06-21;Portugal Continental;2024;6;2024-06;completo;16700.0;40.3532;9.39074;65.0116;nacional
2024-06-22;Portugal Continental;2024;6;2024-06;completo;15317.0;39.553;8.29639;67.131;nacional
2024-06-23;Portugal Continental;2024;6;2024-06;completo;14840.0;39.6075;8.1626;64.4985;nacional
2024-06-24;Portugal Continental;2024;6;2024-06;completo;18734.0;41.435;7.86854;69.7535;nacional
2024-06-25;Portugal Continental;2024;6;2024-06;completo;18677.0;40.5674;8.15718;75.8061;nacional
2024-06-26;Portugal Continental;2024;6;2024-06;completo;17974.0;40.4861;8.35369;77.587;nacional
2024-06-27;Portugal Continental;2024;6;2024-06;completo;17371.0;39.8791;8.77807;75.2758;nacional
2024-06-28;Portugal Continental;2024;6;2024-06;completo;16623.0;39.9518;8.92258;66.068;nacional
2024-06-29;Portugal Continental;2024;6;2024-06;completo;15247.0;40.1748;8.84646;62.7718;nacional
2024-06-30;Portugal Continental;2024;6;2024-06;completo;15060.0;39.9327;7.93006;60.3148;nacional
2024-07-01;Portugal Continental;2024;7;2024-07;completo;17765.0;41.9093;7.97314;79.897;nacional
2024-07-02;Portugal Continental;2024;7;2024-07;completo;17789.0;40.0247;8.81148;77.9096;nacional
2024-07-03;Portugal Continental;2024;7;2024-07;completo;17533.0;39.7677;8.69948;75.6191;nacional
2024-07-04;Portugal Continental;2024;7;2024-07;completo;17532.0;39.5969;8.7689;71.0968;nacional
2024-07-05;Portugal Continental;2024;7;2024-07;completo;16551.0;39.6249;9.56039;75.6576;nacional
2024-07-06;Portugal Continental;2024;7;2024-07;completo;15675.0;39.3349;8.43706;67.3852;nacional
2024-07-07;Portugal Continental;2024;7;2024-07;completo;15196.0;41.2609;8.12313;65.1032;nacional
2024-07-08;Portugal Continental;2024;7;2024-07;completo;18842.0;41.746;7.65313;77.0782;nacional
2024-07-09;Portugal Continental;2024;7;2024-07;completo;18098.0;40.2476;9.07193;76.5092;nacional
2024-07-10;Portugal Continental;2024;7;2024-07;completo;17758.0;40.8732;8.38202;83.4598;nacional
2024-07-11;Portugal Continental;2024;7;2024-07;completo;17409.0;39.5465;8.99718;69.4333;nacional
2024-07-12;Portugal Continental;2024;7;2024-07;completo;17061.0;38.7141;9.37666;80.5123;nacional
2024-07-13;Portugal Continental;2024;7;2024-07;completo;15356.0;38.6061;8.82768;71.6881;nacional
2024-07-14;Portugal Continental;2024;7;2024-07;completo;15148.0;39.7855;7.82668;64.8756;nacional
2024-07-15;Portugal Continental;2024;7;2024-07;completo;18342.0;42.7882;7.75731;76.9806;nacional
2024-07-16;Portugal Continental;2024;7;2024-07;completo;18036.0;41.009;8.74356;81.0987;nacional
2024-07-17;Portugal Continental;2024;7;2024-07;completo;17393.0;40.164;8.64113;71.8525;nacional
2024-07-18;Portugal Continental;2024;7;2024-07;completo;17334.0;39.3655;9.10718;67.3182;nacional
2024-07-19;Portugal Continental;2024;7;2024-07;completo;16718.0;39.5502;9.10324;65.4893;nacional
2024-07-20;Portugal Continental;2024;7;2024-07;completo;15328.0;38.5333;9.31536;64.2913;nacional
2024-07-21;Portugal Continental;2024;7;2024-07;completo;14858.0;38.9782;8.95815;62.9891;nacional
2024-07-22;Portugal Continental;2024;7;2024-07;completo;18259.0;41.3132;7.89197;65.9571;nacional
2024-07-23;Portugal Continental;2024;7;2024-07;completo;18003.0;40.7839;8.60688;78.655;nacional
2024-07-24;Portugal Continental;2024;7;2024-07;completo;17509.0;40.3895;8.76027;71.5825;nacional
2024-07-25;Portugal Continental;2024;7;2024-07;completo;17670.0;40.4664;8.45232;75.0882;nacional
2024-07-26;Portugal Continental;2024;7;2024-07;completo;17333.0;41.0762;8.59738;73.6922;nacional
2024-07-27;Portugal Continental;2024;7;2024-07;completo;16215.0;39.5384;8.74;70.5052;nacional
2024-07-28;Portugal Continental;2024;7;2024-07;completo;15835.0;39.581;8.17862;64.8033;nacional
2024-07-29;Portugal Continental;2024;7;2024-07;completo;19133.0;41.3218;7.60373;81.3974;nacional
2024-07-30;Portugal Continental;2024;7;2024-07;completo;18922.0;40.627;8.69397;90.8289;nacional
2024-07-31;Portugal Continental;2024;7;2024-07;completo;18393.0;40.8662;8.18754;79.0438;nacional
2024-08-01;Portugal Continental;2024;8;2024-08;completo;17841.0;41.848;8.23715;76.056;nacional
2024-08-02;Portugal Continental;2024;8;2024-08;completo;17284.0;40.103;8.83264;71.5064;nacional
2024-08-03;Portugal Continental;2024;8;2024-08;completo;15914.0;38.5053;8.47503;68.7006;nacional
2024-08-04;Portugal Continental;2024;8;2024-08;completo;15117.0;41.5144;8.67769;68.4292;nacional
2024-08-05;Portugal Continental;2024;8;2024-08;completo;18930.0;42.288;7.96326;70.6094;nacional
2024-08-06;Portugal Continental;2024;8;2024-08;completo;18076.0;40.8183;8.95255;86.091;nacional
2024-08-07;Portugal Continental;2024;8;2024-08;completo;17641.0;39.4552;9.06852;75.6269;nacional
2024-08-08;Portugal Continental;2024;8;2024-08;completo;17621.0;41.0858;8.75436;68.614;nacional
2024-08-09;Portugal Continental;2024;8;2024-08;completo;16923.0;40.4811;8.80574;65.8274;nacional
2024-08-10;Portugal Continental;2024;8;2024-08;completo;15965.0;38.9996;8.69211;69.4243;nacional
2024-08-11;Portugal Continental;2024;8;2024-08;completo;15280.0;40.4236;8.31619;59.336;nacional
2024-08-12;Portugal Continental;2024;8;2024-08;completo;18804.0;43.627;8.20906;63.6123;nacional
2024-08-13;Portugal Continental;2024;8;2024-08;completo;18402.0;41.2831;8.67377;80.2863;nacional
2024-08-14;Portugal Continental;2024;8;2024-08;completo;17714.0;42.2291;8.86417;80.5753;nacional
2024-08-15;Portugal Continental;2024;8;2024-08;completo;16091.0;41.5918;7.847;65.7744;nacional
2024-08-16;Portugal Continental;2024;8;2024-08;completo;17069.0;41.4879;7.83385;65.2197;nacional
2024-08-17;Portugal Continental;2024;8;2024-08;completo;15789.0;38.3028;8.54472;79.1825;nacional
2024-08-18;Portugal Continental;2024;8;2024-08;completo;14570.0;39.0272;8.18027;66.7095;nacional
2024-08-19;Portugal Continental;2024;8;2024-08;completo;18051.0;42.0257;7.71937;70.9772;nacional
2024-08-20;Portugal Continental;2024;8;2024-08;completo;17787.0;40.61;8.63846;79.0048;nacional
2024-08-21;Portugal Continental;2024;8;2024-08;completo;17573.0;39.6287;8.81949;78.6207;nacional
2024-08-22;Portugal Continental;2024;8;2024-08;completo;16923.0;40.6876;9.08122;71.6415;nacional
2024-08-23;Portugal Continental;2024;8;2024-08;completo;16658.0;39.9873;9.3843;71.1339;nacional
2024-08-24;Portugal Continental;2024;8;2024-08;completo;15173.0;39.7134;8.89613;68.4856;nacional
2024-08-25;Portugal Continental;2024;8;2024-08;completo;14200.0;40.067;8.49685;64.237;nacional
2024-08-26;Portugal Continental;2024;8;2024-08;completo;17201.0;42.7717;8.89759;67.4757;nacional
2024-08-27;Portugal Continental;2024;8;2024-08;completo;17284.0;40.3314;8.94909;78.023;nacional
2024-08-28;Portugal Continental;2024;8;2024-08;completo;16682.0;41.0775;9.14717;76.6802;nacional
2024-08-29;Portugal Continental;2024;8;2024-08;completo;16334.0;40.7898;9.05713;66.6719;nacional
2024-08-30;Portugal Continental;2024;8;2024-08;completo;15812.0;40.3334;8.30543;67.1761;nacional
2024-08-31;Portugal Continental;2024;8;2024-08;completo;14626.0;39.9911;9.31923;67.5436;nacional
2024-09-01;Portugal Continental;2024;9;2024-09;completo;13488.0;38.4174;8.9608;59.2856;nacional
2024-09-02;Portugal Continental;2024;9;2024-09;completo;16690.0;40.8698;8.647;70.372;nacional
2024-09-03;Portugal Continental;2024;9;2024-09;completo;16169.0;39.8799;8.98429;76.1541;nacional
2024-09-04;Portugal Continental;2024;9;2024-09;completo;16261.0;39.9599;9.12863;73.578;nacional
2024-09-05;Portugal Continental;2024;9;2024-09;completo;15842.0;39.3129;8.99814;73.9372;nacional
2024-09-06;Portugal Continental;2024;9;2024-09;completo;15407.0;40.0784;9.28944;65.2121;nacional
2024-09-07;Portugal Continental;2024;9;2024-09;completo;13984.0;39.2595;9.02613;61.7878;nacional
2024-09-08;Portugal Continental;2024;9;2024-09;completo;13462.0;37.6893;9.10898;65.1409;nacional
2024-09-09;Portugal Continental;2024;9;2024-09;completo;16947.0;41.2264;8.10431;59.7856;nacional
2024-09-10;Portugal Continental;2024;9;2024-09;completo;16478.0;39.7813;9.2128;73.932;nacional
2024-09-11;Portugal Continental;2024;9;2024-09;completo;16344.0;39.4233;8.48873;79.2314;nacional
2024-09-12;Portugal Continental;2024;9;2024-09;completo;15946.0;37.6482;9.47252;70.4716;nacional
2024-09-13;Portugal Continental;2024;9;2024-09;completo;15563.0;39.0437;8.8402;68.3439;nacional
2024-09-14;Portugal Continental;2024;9;2024-09;completo;14650.0;38.2983;9.10936;64.1438;nacional
2024-09-15;Portugal Continental;2024;9;2024-09;completo;14414.0;38.4817;8.4076;58.2722;nacional
2024-09-16;Portugal Continental;2024;9;2024-09;completo;18049.0;40.2985;8.43271;64.0119;nacional
2024-09-17;Portugal Continental;2024;9;2024-09;completo;17857.0;40.3578;9.26692;81.8532;nacional
2024-09-18;Portugal Continental;2024;9;2024-09;completo;17595.0;41.0371;8.8063;75.0785;nacional
2024-09-19;Portugal Continental;2024;9;2024-09;completo;17422.0;39.1264;9.20301;67.7075;nacional
2024-09-20;Portugal Continental;2024;9;2024-09;completo;17140.0;39.7994;8.72301;65.3475;nacional
2024-09-21;Portugal Continental;2024;9;2024-09;completo;15875.0;38.9612;8.79963;67.6558;nacional
2024-09-22;Portugal Continental;2024;9;2024-09;completo;15411.0;40.51;8.08241;66.4862;nacional
2024-09-23;Portugal Continental;2024;9;2024-09;completo;18961.0;41.2271;7.31526;75.3153;nacional
2024-09-24;Portugal Continental;2024;9;2024-09;completo;18142.0;40.5369;8.61619;77.2904;nacional
2024-09-25;Portugal Continental;2024;9;2024-09;completo;16953.0;41.6835;7.97473;63.049;nacional
2024-09-26;Portugal Continental;2024;9;2024-09;completo;16700.0;41.0382;8.56758;61.2132;nacional
2024-09-27;Portugal Continental;2024;9;2024-09;completo;16671.0;39.1448;8.84185;66.3589;nacional
2024-09-28;Portugal Continental;2024;9;2024-09;completo;14890.0;38.3599;8.37063;67.0704;nacional
2024-09-29;Portugal Continental;2024;9;2024-09;completo;14996.0;39.7105;8.00595;59.8485;nacional
2024-09-30;Portugal Continental;2024;9;2024-09;completo;19241.0;42.8182;7.87479;67.1528;nacional
2024-10-01;Portugal Continental;2024;10;2024-10;completo;18867.0;40.6535;8.38168;76.8147;nacional
2024-10-02;Portugal Continental;2024;10;2024-10;completo;17789.0;39.9843;8.40103;73.4223;nacional
2024-10-03;Portugal Continental;2024;10;2024-10;completo;17691.0;40.6831;8.75599;67.9731;nacional
2024-10-04;Portugal Continental;2024;10;2024-10;completo;17081.0;38.8726;8.54408;77.5866;nacional
2024-10-05;Portugal Continental;2024;10;2024-10;completo;15954.0;38.8739;8.74054;71.9113;nacional
2024-10-06;Portugal Continental;2024;10;2024-10;completo;14553.0;40.3835;7.70975;62.2808;nacional
2024-10-07;Portugal Continental;2024;10;2024-10;completo;18916.0;42.5492;7.91443;63.5651;nacional
2024-10-08;Portugal Continental;2024;10;2024-10;completo;18476.0;41.0189;8.58472;79.6589;nacional
2024-10-09;Portugal Continental;2024;10;2024-10;completo;17529.0;40.2525;8.07919;74.0252;nacional
2024-10-10;Portugal Continental;2024;10;2024-10;completo;17635.0;41.2434;8.34727;63.2497;nacional
2024-10-11;Portugal Continental;2024;10;2024-10;completo;16966.0;40.583;8.75168;68.1514;nacional
2024-10-12;Portugal Continental;2024;10;2024-10;completo;15615.0;39.5059;8.3371;73.8388;nacional
2024-10-13;Portugal Continental;2024;10;2024-10;completo;15637.0;39.7782;8.33525;67.2072;nacional
2024-10-14;Portugal Continental;2024;10;2024-10;completo;20192.0;42.4262;7.40441;67.069;nacional
2024-10-15;Portugal Continental;2024;10;2024-10;completo;19164.0;41.8438;8.00211;78.5958;nacional
2024-10-16;Portugal Continental;2024;10;2024-10;completo;18171.0;41.5431;8.45724;65.0904;nacional
2024-10-17;Portugal Continental;2024;10;2024-10;completo;17890.0;40.6748;8.55496;69.5557;nacional
2024-10-18;Portugal Continental;2024;10;2024-10;completo;17152.0;40.5476;8.58068;70.2325;nacional
2024-10-19;Portugal Continental;2024;10;2024-10;completo;15648.0;39.9919;8.06083;70.1721;nacional
2024-10-20;Portugal Continental;2024;10;2024-10;completo;15665.0;39.8264;7.92932;62.2788;nacional
2024-10-21;Portugal Continental;2024;10;2024-10;completo;19890.0;42.2149;7.4717;64.7435;nacional
2024-10-22;Portugal Continental;2024;10;2024-10;completo;19459.0;40.9349;7.93248;81.3747;nacional
2024-10-23;Portugal Continental;2024;10;2024-10;completo;18608.0;40.0079;8.2459;67.2456;nacional
2024-10-24;Portugal Continental;2024;10;2024-10;completo;18491.0;40.8045;8.54653;64.3814;nacional
2024-10-25;Portugal Continental;2024;10;2024-10;completo;16634.0;41.1901;9.01728;64.9344;nacional
2024-10-26;Portugal Continental;2024;10;2024-10;completo;15077.0;38.9865;8.53253;59.4698;nacional
2024-10-27;Portugal Continental;2024;10;2024-10;completo;15059.0;39.4387;8.38822;53.3574;nacional
2024-10-28;Portugal Continental;2024;10;2024-10;completo;18992.0;42.7066;7.60033;58.3514;nacional
2024-10-29;Portugal Continental;2024;10;2024-10;completo;18412.0;40.8716;8.9407;66.9686;nacional
2024-10-30;Portugal Continental;2024;10;2024-10;completo;17625.0;40.5442;8.457;62.9655;nacional
2024-10-31;Portugal Continental;2024;10;2024-10;completo;15905.0;41.1369;9.47057;61.1199;nacional
2024-11-01;Portugal Continental;2024;11;2024-11;completo;15422.0;38.5626;9.37327;55.8918;nacional
2024-11-02;Portugal Continental;2024;11;2024-11;completo;15428.0;40.3184;7.96593;58.0715;nacional
2024-11-03;Portugal Continental;2024;11;2024-11;completo;15512.0;38.6549;8.17524;65.0754;nacional
2024-11-04;Portugal Continental;2024;11;2024-11;completo;19637.0;43.2518;7.62293;73.6785;nacional
2024-11-05;Portugal Continental;2024;11;2024-11;completo;19092.0;41.0818;8.69206;80.5069;nacional
2024-11-06;Portugal Continental;2024;11;2024-11;completo;18804.0;40.1001;8.28661;77.8052;nacional
2024-11-07;Portugal Continental;2024;11;2024-11;completo;18516.0;40.3574;8.35356;77.0417;nacional
2024-11-08;Portugal Continental;2024;11;2024-11;completo;17821.0;39.882;8.89632;74.9873;nacional
2024-11-09;Portugal Continental;2024;11;2024-11;completo;16208.0;37.8748;8.63397;69.1473;nacional
2024-11-10;Portugal Continental;2024;11;2024-11;completo;15067.0;39.3678;7.86322;57.2828;nacional
2024-11-11;Portugal Continental;2024;11;2024-11;completo;19628.0;41.4757;8.12555;66.0295;nacional
2024-11-12;Portugal Continental;2024;11;2024-11;completo;18988.0;40.1006;8.24961;76.6495;nacional
2024-11-13;Portugal Continental;2024;11;2024-11;completo;17495.0;40.0305;8.3467;69.1729;nacional
2024-11-14;Portugal Continental;2024;11;2024-11;completo;16793.0;40.497;8.85637;63.6578;nacional
2024-11-15;Portugal Continental;2024;11;2024-11;completo;16395.0;39.2827;9.08963;60.4493;nacional
2024-11-16;Portugal Continental;2024;11;2024-11;completo;15514.0;37.6908;8.32636;56.1562;nacional
2024-11-17;Portugal Continental;2024;11;2024-11;completo;15220.0;38.1696;8.08236;54.3608;nacional
2024-11-18;Portugal Continental;2024;11;2024-11;completo;19854.0;40.49;7.45438;65.78;nacional
2024-11-19;Portugal Continental;2024;11;2024-11;completo;18965.0;39.416;8.23625;73.44;nacional
2024-11-20;Portugal Continental;2024;11;2024-11;completo;18236.0;38.6944;8.63351;71.0127;nacional
2024-11-21;Portugal Continental;2024;11;2024-11;completo;17827.0;38.098;8.44666;69.8263;nacional
2024-11-22;Portugal Continental;2024;11;2024-11;completo;17409.0;38.1459;8.75857;68.2728;nacional
2024-11-23;Portugal Continental;2024;11;2024-11;completo;16137.0;38.103;8.34141;65.7557;nacional
2024-11-24;Portugal Continental;2024;11;2024-11;completo;15321.0;38.9877;7.65629;61.4724;nacional
2024-11-25;Portugal Continental;2024;11;2024-11;completo;19201.0;39.4656;7.3005;65.8881;nacional
2024-11-26;Portugal Continental;2024;11;2024-11;completo;19343.0;39.2514;7.87029;81.5922;nacional
2024-11-27;Portugal Continental;2024;11;2024-11;completo;18299.0;39.2804;8.10528;81.1464;nacional
2024-11-28;Portugal Continental;2024;11;2024-11;completo;17808.0;39.0365;8.86775;73.8466;nacional
2024-11-29;Portugal Continental;2024;11;2024-11;completo;17075.0;37.6376;8.16367;68.9006;nacional
2024-11-30;Portugal Continental;2024;11;2024-11;completo;15920.0;36.1589;8.80825;69.8135;nacional
2024-12-01;Portugal Continental;2024;12;2024-12;completo;15118.0;37.7582;8.48647;61.4671;nacional
2024-12-02;Portugal Continental;2024;12;2024-12;completo;19630.0;38.5341;7.68864;70.7124;nacional
2024-12-03;Portugal Continental;2024;12;2024-12;completo;19152.0;38.1124;8.6087;86.7872;nacional
2024-12-04;Portugal Continental;2024;12;2024-12;completo;18799.0;38.1548;7.96874;74.5497;nacional
2024-12-05;Portugal Continental;2024;12;2024-12;completo;18227.0;37.3545;8.15637;70.272;nacional
2024-12-06;Portugal Continental;2024;12;2024-12;completo;16938.0;36.8055;9.01973;67.1918;nacional
2024-12-07;Portugal Continental;2024;12;2024-12;completo;15418.0;37.1614;8.27448;62.7392;nacional
2024-12-08;Portugal Continental;2024;12;2024-12;completo;14913.0;37.4252;8.22761;64.4606;nacional
2024-12-09;Portugal Continental;2024;12;2024-12;completo;18867.0;40.5106;7.78565;75.9234;nacional
2024-12-10;Portugal Continental;2024;12;2024-12;completo;18658.0;39.4084;8.37319;72.046;nacional
2024-12-11;Portugal Continental;2024;12;2024-12;completo;17795.0;38.1664;8.88599;69.7376;nacional
2024-12-12;Portugal Continental;2024;12;2024-12;completo;17300.0;37.5485;8.88223;68.9747;nacional
2024-12-13;Portugal Continental;2024;12;2024-12;completo;16576.0;36.0096;9.13733;68.1844;nacional
2024-12-14;Portugal Continental;2024;12;2024-12;completo;15139.0;36.5769;8.64427;66.7127;nacional
2024-12-15;Portugal Continental;2024;12;2024-12;completo;14818.0;35.7638;8.36221;59.595;nacional
2024-12-16;Portugal Continental;2024;12;2024-12;completo;18753.0;38.2409;8.27366;71.5329;nacional
2024-12-17;Portugal Continental;2024;12;2024-12;completo;18232.0;37.9695;9.56826;70.4467;nacional
2024-12-18;Portugal Continental;2024;12;2024-12;completo;17703.0;36.7055;9.14055;71.9643;nacional
2024-12-19;Portugal Continental;2024;12;2024-12;completo;17203.0;35.9445;9.62053;73.5179;nacional
2024-12-20;Portugal Continental;2024;12;2024-12;completo;16385.0;35.5549;9.8757;71.9411;nacional
2024-12-21;Portugal Continental;2024;12;2024-12;completo;15889.0;34.8228;9.19036;70.4918;nacional
2024-12-22;Portugal Continental;2024;12;2024-12;completo;15416.0;36.8208;8.44781;67.9569;nacional
2024-12-23;Portugal Continental;2024;12;2024-12;completo;17466.0;37.6965;9.06461;64.5166;nacional
2024-12-24;Portugal Continental;2024;12;2024-12;completo;13793.0;35.163;10.4515;69.0314;nacional
2024-12-25;Portugal Continental;2024;12;2024-12;completo;12759.0;34.9445;9.93365;58.0461;nacional
2024-12-26;Portugal Continental;2024;12;2024-12;completo;19522.0;37.7822;9.07372;82.3358;nacional
2024-12-27;Portugal Continental;2024;12;2024-12;completo;19176.0;37.2848;9.03073;93.748;nacional
2024-12-28;Portugal Continental;2024;12;2024-12;completo;17917.0;37.9114;9.25496;91.2771;nacional
2024-12-29;Portugal Continental;2024;12;2024-12;completo;15996.0;35.7819;8.6601;77.192;nacional
2024-12-30;Portugal Continental;2024;12;2024-12;completo;17789.0;35.991;9.39691;67.1576;nacional
2024-12-31;Portugal Continental;2024;12;2024-12;completo;14592.0;33.9641;10.4441;81.8932;nacional
2025-01-01;Portugal Continental;2025;1;2025-01;completo_com_falhas;12498.0;33.9477;10.2991;62.4545;nacional
2025-01-02;Portugal Continental;2025;1;2025-01;completo_com_falhas;17407.0;36.7709;10.1524;86.5522;nacional
2025-01-03;Portugal Continental;2025;1;2025-01;completo_com_falhas;17564.0;35.2118;10.5525;102.731;nacional
2025-01-04;Portugal Continental;2025;1;2025-01;completo_com_falhas;16069.0;34.7168;10.2282;110.942;nacional
2025-01-05;Portugal Continental;2025;1;2025-01;completo_com_falhas;14069.0;35.6069;9.28912;86.7138;nacional
2025-01-06;Portugal Continental;2025;1;2025-01;completo_com_falhas;17169.0;35.9793;10.4535;77.4509;nacional
2025-01-07;Portugal Continental;2025;1;2025-01;completo_com_falhas;17366.0;36.2258;10.3457;98.3352;nacional
2025-01-08;Portugal Continental;2025;1;2025-01;completo_com_falhas;16389.0;36.5999;9.67592;83.5793;nacional
2025-01-09;Portugal Continental;2025;1;2025-01;completo_com_falhas;16588.0;35.8659;9.51709;72.4683;nacional
2025-01-10;Portugal Continental;2025;1;2025-01;completo_com_falhas;16591.0;35.3344;10.725;74.8479;nacional
2025-01-11;Portugal Continental;2025;1;2025-01;completo_com_falhas;15021.0;33.4065;9.97045;72.5564;nacional
2025-01-12;Portugal Continental;2025;1;2025-01;completo_com_falhas;14163.0;34.3403;9.27919;61.1642;nacional
2025-01-13;Portugal Continental;2025;1;2025-01;completo_com_falhas;18064.0;38.3636;8.50482;68.5394;nacional
2025-01-14;Portugal Continental;2025;1;2025-01;completo_com_falhas;17001.0;36.627;9.58253;72.9406;nacional
2025-01-15;Portugal Continental;2025;1;2025-01;completo_com_falhas;16780.0;35.7709;8.99026;64.8311;nacional
2025-01-16;Portugal Continental;2025;1;2025-01;completo_com_falhas;16630.0;35.6295;9.54261;65.3536;nacional
2025-01-17;Portugal Continental;2025;1;2025-01;completo_com_falhas;16100.0;35.8907;9.84324;66.7314;nacional
2025-01-18;Portugal Continental;2025;1;2025-01;completo_com_falhas;14749.0;33.2578;9.47206;65.2579;nacional
2025-01-19;Portugal Continental;2025;1;2025-01;completo_com_falhas;13859.0;35.341;9.31824;56.3942;nacional
2025-01-20;Portugal Continental;2025;1;2025-01;completo_com_falhas;17434.0;37.4225;9.22458;59.0354;nacional
2025-01-21;Portugal Continental;2025;1;2025-01;completo_com_falhas;17429.0;36.3636;9.8253;67.3921;nacional
2025-01-22;Portugal Continental;2025;1;2025-01;completo_com_falhas;17382.0;36.2196;9.71046;71.847;nacional
2025-01-23;Portugal Continental;2025;1;2025-01;completo_com_falhas;17869.0;36.4971;9.32209;74.8027;nacional
2025-01-24;Portugal Continental;2025;1;2025-01;completo_com_falhas;16791.0;36.2551;9.43396;73.2879;nacional
2025-01-25;Portugal Continental;2025;1;2025-01;completo_com_falhas;15523.0;35.4503;9.05217;66.9605;nacional
2025-01-26;Portugal Continental;2025;1;2025-01;completo_com_falhas;14108.0;35.0342;8.88179;62.0073;nacional
2025-01-27;Portugal Continental;2025;1;2025-01;completo_com_falhas;17515.0;38.0599;9.17149;63.385;nacional
2025-01-28;Portugal Continental;2025;1;2025-01;completo_com_falhas;17159.0;37.3714;9.61383;70.661;nacional
2025-01-29;Portugal Continental;2025;1;2025-01;completo_com_falhas;16252.0;35.7115;9.85719;65.2839;nacional
2025-01-30;Portugal Continental;2025;1;2025-01;completo_com_falhas;16156.0;36.335;9.44691;57.4801;nacional
2025-01-31;Portugal Continental;2025;1;2025-01;completo_com_falhas;15973.0;34.7163;9.79215;62.727;nacional
2025-02-01;Portugal Continental;2025;2;2025-02;completo_com_falhas;14549.0;34.3296;10.0052;67.9054;nacional
2025-02-02;Portugal Continental;2025;2;2025-02;completo_com_falhas;13763.0;34.7661;9.33457;59.2661;nacional
2025-02-03;Portugal Continental;2025;2;2025-02;completo_com_falhas;17547.0;38.8759;9.07758;63.6483;nacional
2025-02-08;Portugal Continental;2025;2;2025-02;completo_com_falhas;14730.0;34.7068;9.7814;60.9557;nacional
2025-02-09;Portugal Continental;2025;2;2025-02;completo_com_falhas;14497.0;35.2589;9.07331;59.8292;nacional
2025-02-10;Portugal Continental;2025;2;2025-02;completo_com_falhas;18964.0;36.9053;8.35187;65.0444;nacional
2025-02-11;Portugal Continental;2025;2;2025-02;completo_com_falhas;17769.0;37.3298;9.08974;77.1013;nacional
2025-02-12;Portugal Continental;2025;2;2025-02;completo_com_falhas;17927.0;36.8128;9.18348;70.6159;nacional
2025-02-13;Portugal Continental;2025;2;2025-02;completo_com_falhas;17960.0;36.6225;9.4753;65.3916;nacional
2025-02-14;Portugal Continental;2025;2;2025-02;completo_com_falhas;16413.0;35.5963;9.39775;67.719;nacional
2025-02-15;Portugal Continental;2025;2;2025-02;completo_com_falhas;15538.0;34.5844;9.04263;71.0496;nacional
2025-02-16;Portugal Continental;2025;2;2025-02;completo_com_falhas;14883.0;35.2624;8.34123;71.3074;nacional
2025-02-17;Portugal Continental;2025;2;2025-02;completo_com_falhas;19240.0;38.8913;8.28022;69.5107;nacional
2025-02-18;Portugal Continental;2025;2;2025-02;completo_com_falhas;18746.0;36.9437;9.0898;80.7799;nacional
2025-02-19;Portugal Continental;2025;2;2025-02;completo_com_falhas;18089.0;35.2506;8.99937;77.2115;nacional
2025-02-20;Portugal Continental;2025;2;2025-02;completo_com_falhas;17816.0;35.2749;9.1027;75.7327;nacional
2025-02-21;Portugal Continental;2025;2;2025-02;completo_com_falhas;16906.0;35.3121;9.40787;75.2578;nacional
2025-02-22;Portugal Continental;2025;2;2025-02;completo_com_falhas;14963.0;34.0587;9.42113;65.8927;nacional
2025-02-23;Portugal Continental;2025;2;2025-02;completo_com_falhas;14756.0;34.0172;8.17575;57.059;nacional
2025-02-24;Portugal Continental;2025;2;2025-02;completo_com_falhas;18403.0;37.4698;8.10006;66.0088;nacional
2025-02-25;Portugal Continental;2025;2;2025-02;completo_com_falhas;18179.0;35.5268;8.99544;78.537;nacional
2025-02-26;Portugal Continental;2025;2;2025-02;completo_com_falhas;17262.0;34.2204;9.37828;67.1761;nacional
2025-02-27;Portugal Continental;2025;2;2025-02;completo_com_falhas;16381.0;35.9021;9.52048;66.0508;nacional
2025-02-28;Portugal Continental;2025;2;2025-02;completo_com_falhas;15003.0;34.0959;10.1479;58.1879;nacional
2025-03-01;Portugal Continental;2025;3;2025-03;completo_com_falhas;14275.0;32.9833;10.4222;61.0629;nacional
2025-03-02;Portugal Continental;2025;3;2025-03;completo_com_falhas;13095.0;33.6927;8.94828;61.6762;nacional
2025-03-03;Portugal Continental;2025;3;2025-03;completo_com_falhas;15882.0;35.8827;9.87998;63.754;nacional
2025-03-04;Portugal Continental;2025;3;2025-03;completo_com_falhas;15092.0;34.8921;9.51975;67.9889;nacional
2025-03-05;Portugal Continental;2025;3;2025-03;completo_com_falhas;16215.0;35.2133;10.0;62.3342;nacional
2025-03-06;Portugal Continental;2025;3;2025-03;completo_com_falhas;17227.0;35.6137;8.98838;72.5479;nacional
2025-03-07;Portugal Continental;2025;3;2025-03;completo_com_falhas;15844.0;34.4534;10.2942;71.5342;nacional
2025-03-08;Portugal Continental;2025;3;2025-03;completo_com_falhas;14111.0;33.3333;9.97581;73.3522;nacional
2025-03-09;Portugal Continental;2025;3;2025-03;completo_com_falhas;13536.0;34.4973;8.98601;61.2725;nacional
2025-03-10;Portugal Continental;2025;3;2025-03;completo_com_falhas;16964.0;34.1908;9.26114;65.9452;nacional
2025-03-11;Portugal Continental;2025;3;2025-03;completo_com_falhas;17261.0;34.2912;9.7226;71.7507;nacional
2025-03-12;Portugal Continental;2025;3;2025-03;completo_com_falhas;16945.0;34.8569;9.37798;73.7358;nacional
2025-03-13;Portugal Continental;2025;3;2025-03;completo_com_falhas;17198.0;34.8638;9.44516;72.5974;nacional
2025-03-14;Portugal Continental;2025;3;2025-03;completo_com_falhas;16229.0;33.9045;9.94467;76.7083;nacional
2025-03-15;Portugal Continental;2025;3;2025-03;completo_com_falhas;14709.0;32.7367;9.68841;73.9669;nacional
2025-03-16;Portugal Continental;2025;3;2025-03;completo_com_falhas;13536.0;32.469;8.59557;59.6891;nacional
2025-03-17;Portugal Continental;2025;3;2025-03;completo_com_falhas;17718.0;37.1697;8.88435;60.5408;nacional
2025-03-18;Portugal Continental;2025;3;2025-03;completo_com_falhas;17643.0;36.192;9.50319;79.0679;nacional
2025-03-19;Portugal Continental;2025;3;2025-03;completo_com_falhas;16504.0;34.3002;9.52618;71.105;nacional
2025-03-20;Portugal Continental;2025;3;2025-03;completo_com_falhas;15951.0;34.611;9.46393;67.5108;nacional
2025-03-21;Portugal Continental;2025;3;2025-03;completo_com_falhas;14795.0;33.2755;10.3762;61.1247;nacional
2025-03-22;Portugal Continental;2025;3;2025-03;completo_com_falhas;13592.0;33.6247;10.107;61.6362;nacional
2025-03-23;Portugal Continental;2025;3;2025-03;completo_com_falhas;12978.0;34.0756;9.10673;52.2305;nacional
2025-03-24;Portugal Continental;2025;3;2025-03;completo_com_falhas;17342.0;35.2087;8.48819;59.6252;nacional
2025-03-25;Portugal Continental;2025;3;2025-03;completo_com_falhas;17560.0;35.1108;8.98531;68.2635;nacional
2025-03-26;Portugal Continental;2025;3;2025-03;completo_com_falhas;16836.0;35.2341;9.2312;67.9172;nacional
2025-03-27;Portugal Continental;2025;3;2025-03;completo_com_falhas;16929.0;35.3781;9.07209;67.1117;nacional
2025-03-28;Portugal Continental;2025;3;2025-03;completo_com_falhas;16132.0;33.0209;9.66969;66.237;nacional
2025-03-29;Portugal Continental;2025;3;2025-03;completo_com_falhas;14447.0;32.712;9.0567;73.043;nacional
2025-03-30;Portugal Continental;2025;3;2025-03;completo_com_falhas;13393.0;32.7532;9.13876;66.3164;nacional
2025-03-31;Portugal Continental;2025;3;2025-03;completo_com_falhas;18000.0;36.2982;8.41529;62.6525;nacional
2025-04-01;Portugal Continental;2025;4;2025-04;completo_com_falhas;17804.0;34.5672;9.16902;78.0724;nacional
2025-04-02;Portugal Continental;2025;4;2025-04;completo_com_falhas;17252.0;34.2964;9.74623;75.4268;nacional
2025-04-03;Portugal Continental;2025;4;2025-04;completo_com_falhas;16727.0;33.9244;9.47953;68.7175;nacional
2025-04-04;Portugal Continental;2025;4;2025-04;completo_com_falhas;15940.0;33.4032;9.57573;71.603;nacional
2025-04-05;Portugal Continental;2025;4;2025-04;completo_com_falhas;14406.0;32.0518;9.21341;65.5782;nacional
2025-04-06;Portugal Continental;2025;4;2025-04;completo_com_falhas;13669.0;33.4754;8.92889;55.6705;nacional
2025-04-07;Portugal Continental;2025;4;2025-04;completo_com_falhas;16994.0;34.1545;9.05608;59.9634;nacional
2025-04-08;Portugal Continental;2025;4;2025-04;completo_com_falhas;17104.0;34.2183;9.20346;70.3029;nacional
2025-04-09;Portugal Continental;2025;4;2025-04;completo_com_falhas;16651.0;33.9638;9.67065;66.931;nacional
2025-04-10;Portugal Continental;2025;4;2025-04;completo_com_falhas;16410.0;33.3421;9.37881;71.2595;nacional
2025-04-11;Portugal Continental;2025;4;2025-04;completo_com_falhas;15765.0;33.7731;9.63049;64.8493;nacional
2025-04-12;Portugal Continental;2025;4;2025-04;completo_com_falhas;14504.0;32.914;10.1714;63.1286;nacional
2025-04-13;Portugal Continental;2025;4;2025-04;completo_com_falhas;13787.0;33.3153;8.33479;58.1254;nacional
2025-04-14;Portugal Continental;2025;4;2025-04;completo_com_falhas;16644.0;34.9711;8.97026;61.8718;nacional
2025-04-15;Portugal Continental;2025;4;2025-04;completo_com_falhas;15745.0;33.4421;9.53978;62.6197;nacional
2025-04-16;Portugal Continental;2025;4;2025-04;completo_com_falhas;14999.0;33.3;9.2996;59.0889;nacional
2025-04-17;Portugal Continental;2025;4;2025-04;completo_com_falhas;15322.0;34.1215;9.82213;66.502;nacional
2025-04-18;Portugal Continental;2025;4;2025-04;completo_com_falhas;14080.0;34.3449;9.74633;52.4736;nacional
2025-04-19;Portugal Continental;2025;4;2025-04;completo_com_falhas;12728.0;33.534;9.18883;48.6374;nacional
2025-04-20;Portugal Continental;2025;4;2025-04;completo_com_falhas;10634.0;30.777;10.2349;43.7144;nacional
2025-04-21;Portugal Continental;2025;4;2025-04;completo_com_falhas;15510.0;36.9384;9.32884;55.8517;nacional
2025-04-22;Portugal Continental;2025;4;2025-04;completo_com_falhas;16720.0;35.0316;9.44066;67.367;nacional
2025-04-23;Portugal Continental;2025;4;2025-04;completo_com_falhas;16799.0;33.9645;9.11063;76.7758;nacional
2025-04-24;Portugal Continental;2025;4;2025-04;completo_com_falhas;16199.0;32.4605;9.54016;69.2615;nacional
2025-04-25;Portugal Continental;2025;4;2025-04;completo_com_falhas;14959.0;32.8118;10.0782;62.7327;nacional
2025-04-26;Portugal Continental;2025;4;2025-04;completo_com_falhas;13885.0;33.8175;8.62745;58.8774;nacional
2025-04-27;Portugal Continental;2025;4;2025-04;completo_com_falhas;13618.0;32.771;8.80544;54.343;nacional
2025-04-28;Portugal Continental;2025;4;2025-04;completo_com_falhas;14290.0;33.2606;9.42088;58.8339;nacional
2025-04-29;Portugal Continental;2025;4;2025-04;completo_com_falhas;16518.0;33.8487;9.67325;62.5484;nacional
2025-04-30;Portugal Continental;2025;4;2025-04;completo_com_falhas;17376.0;34.4764;9.56772;77.4907;nacional
2025-05-01;Portugal Continental;2025;5;2025-05;completo_com_falhas;15045.0;34.3833;9.21063;74.2025;nacional
2025-05-02;Portugal Continental;2025;5;2025-05;completo_com_falhas;15941.0;34.9562;9.07804;66.8111;nacional
2025-05-03;Portugal Continental;2025;5;2025-05;completo_com_falhas;14181.0;32.5839;8.72853;76.3084;nacional
2025-05-04;Portugal Continental;2025;5;2025-05;completo_com_falhas;12606.0;32.9296;8.70523;57.1455;nacional
2025-05-05;Portugal Continental;2025;5;2025-05;completo_com_falhas;17034.0;35.1485;8.78811;60.1243;nacional
2025-05-06;Portugal Continental;2025;5;2025-05;completo_com_falhas;17000.0;34.33;9.19906;71.7014;nacional
2025-05-07;Portugal Continental;2025;5;2025-05;completo_com_falhas;16468.0;34.7249;8.98212;66.811;nacional
2025-05-08;Portugal Continental;2025;5;2025-05;completo_com_falhas;16340.0;34.869;9.27238;63.9025;nacional
2025-05-09;Portugal Continental;2025;5;2025-05;completo_com_falhas;15817.0;34.2129;9.4386;62.4782;nacional
2025-05-10;Portugal Continental;2025;5;2025-05;completo_com_falhas;13814.0;33.7909;9.85185;58.5646;nacional
2025-05-11;Portugal Continental;2025;5;2025-05;completo_com_falhas;13393.0;32.5044;8.73478;62.107;nacional
2025-05-12;Portugal Continental;2025;5;2025-05;completo_com_falhas;17434.0;37.0996;8.22822;56.9023;nacional
2025-05-13;Portugal Continental;2025;5;2025-05;completo_com_falhas;17264.0;35.3461;9.25162;63.8654;nacional
2025-05-14;Portugal Continental;2025;5;2025-05;completo_com_falhas;16933.0;33.9973;9.05527;65.1811;nacional
2025-05-15;Portugal Continental;2025;5;2025-05;completo_com_falhas;16746.0;34.5801;8.41798;59.8359;nacional
2025-05-16;Portugal Continental;2025;5;2025-05;completo_com_falhas;15787.0;33.7892;9.3369;60.0061;nacional
2025-05-17;Portugal Continental;2025;5;2025-05;completo_com_falhas;14080.0;31.1257;9.63729;61.0751;nacional
2025-05-18;Portugal Continental;2025;5;2025-05;completo_com_falhas;13831.0;31.9851;9.0143;53.9983;nacional
2025-05-19;Portugal Continental;2025;5;2025-05;completo_com_falhas;18316.0;37.3835;7.9691;63.511;nacional
2025-05-20;Portugal Continental;2025;5;2025-05;completo_com_falhas;17697.0;33.1703;9.43254;72.0555;nacional
2025-05-21;Portugal Continental;2025;5;2025-05;completo_com_falhas;17352.0;34.1606;8.71652;65.1667;nacional
2025-05-22;Portugal Continental;2025;5;2025-05;completo_com_falhas;17113.0;34.231;9.15711;58.633;nacional
2025-05-23;Portugal Continental;2025;5;2025-05;completo_com_falhas;16423.0;34.2811;8.78351;63.6566;nacional
2025-05-24;Portugal Continental;2025;5;2025-05;completo_com_falhas;14241.0;32.8519;9.04951;58.8776;nacional
2025-05-25;Portugal Continental;2025;5;2025-05;completo_com_falhas;13639.0;32.941;8.65774;55.2304;nacional
2025-05-26;Portugal Continental;2025;5;2025-05;completo_com_falhas;18694.0;35.3794;8.5761;60.1317;nacional
2025-05-27;Portugal Continental;2025;5;2025-05;completo_com_falhas;17635.0;35.0458;8.8202;64.1201;nacional
2025-05-28;Portugal Continental;2025;5;2025-05;completo_com_falhas;17052.0;33.0354;8.61851;59.3862;nacional
2025-05-29;Portugal Continental;2025;5;2025-05;completo_com_falhas;16430.0;33.3758;9.59685;61.6762;nacional
2025-05-30;Portugal Continental;2025;5;2025-05;completo_com_falhas;16021.0;32.8648;9.59772;66.0748;nacional
2025-05-31;Portugal Continental;2025;5;2025-05;completo_com_falhas;14853.0;31.4688;9.32129;63.3402;nacional
2025-06-01;Portugal Continental;2025;6;2025-06;completo_com_falhas;14076.0;31.6169;7.90287;58.2076;nacional
2025-06-02;Portugal Continental;2025;6;2025-06;completo_com_falhas;17945.0;35.6156;8.11148;62.7238;nacional
2025-06-03;Portugal Continental;2025;6;2025-06;completo_com_falhas;17924.0;34.1612;8.64771;69.0254;nacional
2025-06-04;Portugal Continental;2025;6;2025-06;completo_com_falhas;17235.0;35.5008;8.83628;63.123;nacional
2025-06-05;Portugal Continental;2025;6;2025-06;completo_com_falhas;16536.0;35.5656;8.89639;59.6199;nacional
2025-06-06;Portugal Continental;2025;6;2025-06;completo_com_falhas;16162.0;33.6819;8.66706;61.0363;nacional
2025-06-07;Portugal Continental;2025;6;2025-06;completo_com_falhas;14265.0;32.6937;9.84666;53.909;nacional
2025-06-08;Portugal Continental;2025;6;2025-06;completo_com_falhas;13439.0;32.6749;9.43495;52.0942;nacional
2025-06-09;Portugal Continental;2025;6;2025-06;completo_com_falhas;17364.0;33.7633;8.80495;57.5073;nacional
2025-06-10;Portugal Continental;2025;6;2025-06;completo_com_falhas;15969.0;33.8497;8.93258;61.3533;nacional
2025-06-11;Portugal Continental;2025;6;2025-06;completo_com_falhas;17356.0;35.2431;8.21909;61.2192;nacional
2025-06-12;Portugal Continental;2025;6;2025-06;completo_com_falhas;17159.0;35.1429;8.4054;68.1345;nacional
2025-06-13;Portugal Continental;2025;6;2025-06;completo_com_falhas;16168.0;33.2512;9.18997;63.8581;nacional
2025-06-14;Portugal Continental;2025;6;2025-06;completo_com_falhas;14451.0;33.1955;8.74504;68.3054;nacional
2025-06-15;Portugal Continental;2025;6;2025-06;completo_com_falhas;13562.0;31.6252;9.03683;49.2542;nacional
2025-06-16;Portugal Continental;2025;6;2025-06;completo_com_falhas;17020.0;34.3161;8.5383;57.8598;nacional
2025-06-17;Portugal Continental;2025;6;2025-06;completo_com_falhas;17019.0;34.9146;8.95698;65.8277;nacional
2025-06-18;Portugal Continental;2025;6;2025-06;completo_com_falhas;16565.0;34.2896;9.57846;66.1826;nacional
2025-06-19;Portugal Continental;2025;6;2025-06;completo_com_falhas;15115.0;34.216;8.94278;61.7479;nacional
2025-06-20;Portugal Continental;2025;6;2025-06;completo_com_falhas;16038.0;34.3537;8.68901;59.3795;nacional
2025-06-21;Portugal Continental;2025;6;2025-06;completo_com_falhas;14878.0;32.8249;8.57344;70.4732;nacional
2025-06-22;Portugal Continental;2025;6;2025-06;completo_com_falhas;14567.0;32.0397;8.31144;58.7744;nacional
2025-06-23;Portugal Continental;2025;6;2025-06;completo_com_falhas;17183.0;34.0334;8.88367;60.337;nacional
2025-06-24;Portugal Continental;2025;6;2025-06;completo_com_falhas;17190.0;31.5072;8.86483;74.599;nacional
2025-06-25;Portugal Continental;2025;6;2025-06;completo_com_falhas;16707.0;34.0389;8.65554;69.058;nacional
2025-06-26;Portugal Continental;2025;6;2025-06;completo_com_falhas;16233.0;32.8374;8.98721;65.743;nacional
2025-06-27;Portugal Continental;2025;6;2025-06;completo_com_falhas;15890.0;33.6273;9.59512;61.7232;nacional
2025-06-28;Portugal Continental;2025;6;2025-06;completo_com_falhas;14291.0;31.767;9.06327;57.9492;nacional
2025-06-29;Portugal Continental;2025;6;2025-06;completo_com_falhas;13982.0;31.559;8.41405;54.6623;nacional
2025-06-30;Portugal Continental;2025;6;2025-06;completo_com_falhas;16876.0;34.8324;8.8944;54.1865;nacional
2025-07-01;Portugal Continental;2025;7;2025-07;completo_com_falhas;16805.0;32.4132;9.42352;67.0624;nacional
2025-07-02;Portugal Continental;2025;7;2025-07;completo_com_falhas;17023.0;33.8729;8.96236;70.8552;nacional
2025-07-03;Portugal Continental;2025;7;2025-07;completo_com_falhas;17197.0;33.5057;9.51504;73.7552;nacional
2025-07-04;Portugal Continental;2025;7;2025-07;completo_com_falhas;16279.0;32.3391;9.35378;68.2777;nacional
2025-07-05;Portugal Continental;2025;7;2025-07;completo_com_falhas;14650.0;31.4316;8.96148;68.4214;nacional
2025-07-06;Portugal Continental;2025;7;2025-07;completo_com_falhas;14765.0;32.1507;8.8751;57.4642;nacional
2025-07-07;Portugal Continental;2025;7;2025-07;completo_com_falhas;17783.0;34.6654;8.67806;66.9406;nacional
2025-07-08;Portugal Continental;2025;7;2025-07;completo_com_falhas;17518.0;33.3096;8.81727;75.0564;nacional
2025-07-09;Portugal Continental;2025;7;2025-07;completo_com_falhas;17197.0;34.0728;8.5842;70.3033;nacional
2025-07-10;Portugal Continental;2025;7;2025-07;completo_com_falhas;16905.0;33.932;9.10789;66.5905;nacional
2025-07-11;Portugal Continental;2025;7;2025-07;completo_com_falhas;16245.0;32.2587;9.09592;66.0808;nacional
2025-07-12;Portugal Continental;2025;7;2025-07;completo_com_falhas;14762.0;31.247;9.03389;63.4157;nacional
2025-07-13;Portugal Continental;2025;7;2025-07;completo_com_falhas;13997.0;31.8537;8.50575;51.1689;nacional
2025-07-14;Portugal Continental;2025;7;2025-07;completo_com_falhas;17167.0;34.4147;8.62616;57.021;nacional
2025-07-15;Portugal Continental;2025;7;2025-07;completo_com_falhas;17088.0;34.2487;8.70794;71.167;nacional
2025-07-16;Portugal Continental;2025;7;2025-07;completo_com_falhas;16741.0;31.9363;8.97179;66.2204;nacional
2025-07-17;Portugal Continental;2025;7;2025-07;completo_com_falhas;16376.0;32.7918;9.78359;65.0204;nacional
2025-07-18;Portugal Continental;2025;7;2025-07;completo_com_falhas;15867.0;32.8685;9.56094;61.6816;nacional
2025-07-19;Portugal Continental;2025;7;2025-07;completo_com_falhas;14645.0;32.7418;8.79554;59.7141;nacional
2025-07-20;Portugal Continental;2025;7;2025-07;completo_com_falhas;13774.0;31.7349;8.84251;51.7385;nacional
2025-07-21;Portugal Continental;2025;7;2025-07;completo_com_falhas;17035.0;35.1708;8.59951;59.0142;nacional
2025-07-22;Portugal Continental;2025;7;2025-07;completo_com_falhas;16925.0;33.9705;9.32545;72.2367;nacional
2025-07-23;Portugal Continental;2025;7;2025-07;completo_com_falhas;16697.0;33.8587;9.16353;69.7287;nacional
2025-07-24;Portugal Continental;2025;7;2025-07;completo_com_falhas;16361.0;34.4583;8.95553;69.1735;nacional
2025-07-25;Portugal Continental;2025;7;2025-07;completo_com_falhas;15603.0;33.2454;9.64362;65.8299;nacional
2025-07-26;Portugal Continental;2025;7;2025-07;completo_com_falhas;14935.0;31.3694;9.53451;64.3732;nacional
2025-07-27;Portugal Continental;2025;7;2025-07;completo_com_falhas;14041.0;31.1277;8.84176;49.4489;nacional
2025-07-28;Portugal Continental;2025;7;2025-07;completo_com_falhas;17466.0;34.6813;8.62092;61.5485;nacional
2025-07-29;Portugal Continental;2025;7;2025-07;completo_com_falhas;17104.0;32.8721;8.92022;73.5964;nacional
2025-07-30;Portugal Continental;2025;7;2025-07;completo_com_falhas;17108.0;33.0457;9.29956;70.2731;nacional
2025-07-31;Portugal Continental;2025;7;2025-07;completo_com_falhas;16704.0;33.6606;9.1719;67.7829;nacional
2025-08-01;Portugal Continental;2025;8;2025-08;completo_com_falhas;15558.0;31.7718;9.43793;65.1911;nacional
2025-08-02;Portugal Continental;2025;8;2025-08;completo_com_falhas;15121.0;32.4322;9.12524;70.1361;nacional
2025-08-03;Portugal Continental;2025;8;2025-08;completo_com_falhas;13990.0;31.9873;8.3532;56.0506;nacional
2025-08-04;Portugal Continental;2025;8;2025-08;completo_com_falhas;17362.0;34.1524;8.75782;66.6894;nacional
2025-08-05;Portugal Continental;2025;8;2025-08;completo_com_falhas;17739.0;33.3797;9.31461;79.8387;nacional
2025-08-06;Portugal Continental;2025;8;2025-08;completo_com_falhas;17587.0;32.9912;9.41929;76.7656;nacional
2025-08-07;Portugal Continental;2025;8;2025-08;completo_com_falhas;17210.0;33.805;9.52381;79.2024;nacional
2025-08-08;Portugal Continental;2025;8;2025-08;completo_com_falhas;16610.0;32.6041;9.70841;74.2399;nacional
2025-08-09;Portugal Continental;2025;8;2025-08;completo_com_falhas;15643.0;32.6223;8.39237;70.4798;nacional
2025-08-10;Portugal Continental;2025;8;2025-08;completo_com_falhas;14959.0;31.9773;8.23173;61.4995;nacional
2025-08-11;Portugal Continental;2025;8;2025-08;completo_com_falhas;17595.0;34.7509;8.41603;60.758;nacional
2025-08-12;Portugal Continental;2025;8;2025-08;completo_com_falhas;17835.0;33.8197;8.72843;77.3737;nacional
2025-08-13;Portugal Continental;2025;8;2025-08;completo_com_falhas;16807.0;33.2477;8.9364;66.9915;nacional
2025-08-14;Portugal Continental;2025;8;2025-08;completo_com_falhas;16839.0;33.3477;9.87174;68.3219;nacional
2025-08-15;Portugal Continental;2025;8;2025-08;completo_com_falhas;16175.0;32.8696;9.08772;70.971;nacional
2025-08-16;Portugal Continental;2025;8;2025-08;completo_com_falhas;15179.0;32.7086;8.53008;67.7361;nacional
2025-08-17;Portugal Continental;2025;8;2025-08;completo_com_falhas;14494.0;32.8163;8.69418;64.4147;nacional
2025-08-18;Portugal Continental;2025;8;2025-08;completo_com_falhas;17213.0;34.5107;8.56308;66.0869;nacional
2025-08-19;Portugal Continental;2025;8;2025-08;completo_com_falhas;17229.0;33.7346;8.56588;81.3037;nacional
2025-08-20;Portugal Continental;2025;8;2025-08;completo_com_falhas;16666.0;34.5425;9.13779;72.9734;nacional
2025-08-21;Portugal Continental;2025;8;2025-08;completo_com_falhas;16322.0;32.9104;9.43057;69.9041;nacional
2025-08-22;Portugal Continental;2025;8;2025-08;completo_com_falhas;15619.0;33.6068;9.27599;66.0308;nacional
2025-08-23;Portugal Continental;2025;8;2025-08;completo_com_falhas;14914.0;31.6697;9.36734;63.5829;nacional
2025-08-24;Portugal Continental;2025;8;2025-08;completo_com_falhas;13534.0;33.4122;8.88417;57.1258;nacional
2025-08-25;Portugal Continental;2025;8;2025-08;completo_com_falhas;16302.0;36.0163;9.2028;65.6058;nacional
2025-08-26;Portugal Continental;2025;8;2025-08;completo_com_falhas;16504.0;33.8442;9.44248;77.0965;nacional
2025-08-27;Portugal Continental;2025;8;2025-08;completo_com_falhas;15745.0;33.2548;9.98089;64.5138;nacional
2025-08-28;Portugal Continental;2025;8;2025-08;completo_com_falhas;15663.0;33.9873;8.92793;62.5989;nacional
2025-08-29;Portugal Continental;2025;8;2025-08;completo_com_falhas;14753.0;32.7881;9.98246;57.7996;nacional
2025-08-30;Portugal Continental;2025;8;2025-08;completo_com_falhas;13707.0;32.3713;9.65651;62.4053;nacional
2025-08-31;Portugal Continental;2025;8;2025-08;completo_com_falhas;12853.0;31.6847;9.1848;46.9201;nacional
2025-09-01;Portugal Continental;2025;9;2025-09;completo_com_falhas;15119.0;32.1261;9.3964;56.1255;nacional
2025-09-02;Portugal Continental;2025;9;2025-09;completo_com_falhas;15189.0;33.0765;9.75096;66.8857;nacional
2025-09-03;Portugal Continental;2025;9;2025-09;completo_com_falhas;15478.0;32.5854;10.6613;66.5787;nacional
2025-09-04;Portugal Continental;2025;9;2025-09;completo_com_falhas;15133.0;33.367;9.44145;63.7446;nacional
2025-09-05;Portugal Continental;2025;9;2025-09;completo_com_falhas;14612.0;32.0468;10.2357;61.3377;nacional
2025-09-06;Portugal Continental;2025;9;2025-09;completo_com_falhas;13854.0;31.1725;9.47509;61.584;nacional
2025-09-07;Portugal Continental;2025;9;2025-09;completo_com_falhas;12721.0;31.7536;9.52915;55.9619;nacional
2025-09-08;Portugal Continental;2025;9;2025-09;completo_com_falhas;15347.0;34.5682;9.11444;54.7043;nacional
2025-09-09;Portugal Continental;2025;9;2025-09;completo_com_falhas;15388.0;33.9539;9.3679;69.7283;nacional
2025-09-10;Portugal Continental;2025;9;2025-09;completo_com_falhas;15440.0;33.8586;9.95458;64.5561;nacional
2025-09-11;Portugal Continental;2025;9;2025-09;completo_com_falhas;15252.0;32.7154;9.49902;62.1991;nacional
2025-09-12;Portugal Continental;2025;9;2025-09;completo_com_falhas;15017.0;31.0684;9.99382;63.578;nacional
2025-09-13;Portugal Continental;2025;9;2025-09;completo_com_falhas;13884.0;32.5089;9.70492;66.9879;nacional
2025-09-14;Portugal Continental;2025;9;2025-09;completo_com_falhas;13635.0;31.5271;9.57509;55.7657;nacional
2025-09-15;Portugal Continental;2025;9;2025-09;completo_com_falhas;16383.0;33.9371;9.0287;54.8008;nacional
2025-09-16;Portugal Continental;2025;9;2025-09;completo_com_falhas;16648.0;33.2145;9.50184;66.3515;nacional
2025-09-17;Portugal Continental;2025;9;2025-09;completo_com_falhas;16504.0;32.6829;9.72444;64.3753;nacional
2025-09-18;Portugal Continental;2025;9;2025-09;completo_com_falhas;16833.0;34.6638;9.08044;61.3465;nacional
2025-09-19;Portugal Continental;2025;9;2025-09;completo_com_falhas;16483.0;32.6611;8.92012;60.8241;nacional
2025-09-20;Portugal Continental;2025;9;2025-09;completo_com_falhas;15192.0;33.3502;9.2965;66.4268;nacional
2025-09-21;Portugal Continental;2025;9;2025-09;completo_com_falhas;13933.0;32.8016;8.438;50.1737;nacional
2025-09-22;Portugal Continental;2025;9;2025-09;completo_com_falhas;17298.0;35.7087;8.69112;53.6554;nacional
2025-09-23;Portugal Continental;2025;9;2025-09;completo_com_falhas;17475.0;35.3096;8.52652;64.3168;nacional
2025-09-24;Portugal Continental;2025;9;2025-09;completo_com_falhas;17257.0;33.8491;8.84408;64.9205;nacional
2025-09-25;Portugal Continental;2025;9;2025-09;completo_com_falhas;17210.0;34.4457;9.11013;64.5676;nacional
2025-09-26;Portugal Continental;2025;9;2025-09;completo_com_falhas;16703.0;33.3229;9.12223;59.9391;nacional
2025-09-27;Portugal Continental;2025;9;2025-09;completo_com_falhas;14538.0;31.8444;9.38562;60.7813;nacional
2025-09-28;Portugal Continental;2025;9;2025-09;completo_com_falhas;13748.0;33.576;8.60233;51.6843;nacional
2025-09-29;Portugal Continental;2025;9;2025-09;completo_com_falhas;18010.0;35.0067;8.69428;59.1109;nacional
2025-09-30;Portugal Continental;2025;9;2025-09;completo_com_falhas;17978.0;34.0058;9.00838;70.2861;nacional
2025-10-01;Portugal Continental;2025;10;2025-10;completo_com_falhas;17101.0;33.5862;9.08104;75.153;nacional
2025-10-02;Portugal Continental;2025;10;2025-10;completo_com_falhas;17293.0;34.2925;9.02261;69.0328;nacional
2025-10-03;Portugal Continental;2025;10;2025-10;completo_com_falhas;16473.0;32.2504;9.0512;60.2966;nacional
2025-10-04;Portugal Continental;2025;10;2025-10;completo_com_falhas;14960.0;32.6904;8.61623;65.2271;nacional
2025-10-05;Portugal Continental;2025;10;2025-10;completo_com_falhas;13720.0;31.7682;8.83639;55.7786;nacional
2025-10-06;Portugal Continental;2025;10;2025-10;completo_com_falhas;18174.0;34.2732;8.74529;55.4803;nacional
2025-10-07;Portugal Continental;2025;10;2025-10;completo_com_falhas;18150.0;35.0444;8.97371;75.4439;nacional
2025-10-08;Portugal Continental;2025;10;2025-10;completo_com_falhas;16964.0;34.5699;8.82154;65.5373;nacional
2025-10-09;Portugal Continental;2025;10;2025-10;completo_com_falhas;17365.0;35.0051;9.09031;60.6079;nacional
2025-10-10;Portugal Continental;2025;10;2025-10;completo_com_falhas;16443.0;34.7286;9.16546;62.3487;nacional
2025-10-11;Portugal Continental;2025;10;2025-10;completo_com_falhas;14801.0;32.9308;9.1313;60.8521;nacional
2025-10-12;Portugal Continental;2025;10;2025-10;completo_com_falhas;14026.0;32.9167;8.43493;56.627;nacional
2025-10-13;Portugal Continental;2025;10;2025-10;completo_com_falhas;18106.0;35.2142;8.71064;55.6219;nacional
2025-10-14;Portugal Continental;2025;10;2025-10;completo_com_falhas;18424.0;35.0996;8.52048;71.3497;nacional
2025-10-15;Portugal Continental;2025;10;2025-10;completo_com_falhas;17454.0;34.0995;9.04036;70.1705;nacional
2025-10-16;Portugal Continental;2025;10;2025-10;completo_com_falhas;17861.0;34.9339;8.4281;66.5263;nacional
2025-10-17;Portugal Continental;2025;10;2025-10;completo_com_falhas;17005.0;32.6318;8.83896;58.9444;nacional
2025-10-18;Portugal Continental;2025;10;2025-10;completo_com_falhas;14689.0;31.2648;8.90969;61.7358;nacional
2025-10-19;Portugal Continental;2025;10;2025-10;completo_com_falhas;14012.0;31.8802;8.41321;58.5632;nacional
2025-10-20;Portugal Continental;2025;10;2025-10;completo_com_falhas;17816.0;34.8184;8.16697;57.2538;nacional
2025-10-21;Portugal Continental;2025;10;2025-10;completo_com_falhas;17647.0;33.9306;9.07666;69.5803;nacional
2025-10-22;Portugal Continental;2025;10;2025-10;completo_com_falhas;16754.0;33.6146;8.93327;61.162;nacional
2025-10-23;Portugal Continental;2025;10;2025-10;completo_com_falhas;17087.0;34.777;9.07724;64.2073;nacional
2025-10-24;Portugal Continental;2025;10;2025-10;completo_com_falhas;15031.0;34.325;9.06589;57.7708;nacional
2025-10-25;Portugal Continental;2025;10;2025-10;completo_com_falhas;13925.0;33.4908;9.15302;52.6117;nacional
2025-10-26;Portugal Continental;2025;10;2025-10;completo_com_falhas;13605.0;31.9324;8.66876;41.8728;nacional
2025-10-27;Portugal Continental;2025;10;2025-10;completo_com_falhas;17272.0;35.3932;8.1288;52.8522;nacional
2025-10-28;Portugal Continental;2025;10;2025-10;completo_com_falhas;16603.0;33.641;9.0061;60.5859;nacional
2025-10-29;Portugal Continental;2025;10;2025-10;completo_com_falhas;16223.0;34.3442;9.34941;64.4065;nacional
2025-10-30;Portugal Continental;2025;10;2025-10;completo_com_falhas;15998.0;33.2159;9.78293;58.0258;nacional
2025-10-31;Portugal Continental;2025;10;2025-10;completo_com_falhas;13944.0;34.1251;10.2986;53.7367;nacional
2025-11-01;Portugal Continental;2025;11;2025-11;completo_com_falhas;12965.0;32.206;9.94993;52.674;nacional
2025-11-02;Portugal Continental;2025;11;2025-11;completo_com_falhas;13248.0;32.0199;9.35258;52.8179;nacional
2025-11-03;Portugal Continental;2025;11;2025-11;completo_com_falhas;17215.0;35.4012;8.989;55.6694;nacional
2025-11-04;Portugal Continental;2025;11;2025-11;completo_com_falhas;17071.0;34.1084;9.31806;60.878;nacional
2025-11-05;Portugal Continental;2025;11;2025-11;completo_com_falhas;15590.0;33.9054;9.69918;58.7269;nacional
2025-11-06;Portugal Continental;2025;11;2025-11;completo_com_falhas;15745.0;34.2956;9.70236;55.3951;nacional
2025-11-07;Portugal Continental;2025;11;2025-11;completo_com_falhas;15493.0;32.9098;9.19913;54.7992;nacional
2025-11-08;Portugal Continental;2025;11;2025-11;completo_com_falhas;14327.0;32.8394;9.26766;59.627;nacional
2025-11-09;Portugal Continental;2025;11;2025-11;completo_com_falhas;13397.0;31.4013;8.99713;45.7399;nacional
2025-11-10;Portugal Continental;2025;11;2025-11;completo_com_falhas;17298.0;33.7516;8.67638;55.9574;nacional
2025-11-11;Portugal Continental;2025;11;2025-11;completo_com_falhas;17553.0;34.5705;8.62964;69.1616;nacional
2025-11-12;Portugal Continental;2025;11;2025-11;completo_com_falhas;16517.0;34.2239;9.57563;66.4791;nacional
2025-11-13;Portugal Continental;2025;11;2025-11;completo_com_falhas;15407.0;33.1938;10.2804;58.4601;nacional
2025-11-14;Portugal Continental;2025;11;2025-11;completo_com_falhas;14745.0;32.1093;9.87292;54.1183;nacional
2025-11-15;Portugal Continental;2025;11;2025-11;completo_com_falhas;13382.0;31.4169;9.91834;55.2753;nacional
2025-11-16;Portugal Continental;2025;11;2025-11;completo_com_falhas;13238.0;31.5689;9.294;51.394;nacional
2025-11-17;Portugal Continental;2025;11;2025-11;completo_com_falhas;17585.0;35.4609;8.44669;58.1812;nacional
2025-11-18;Portugal Continental;2025;11;2025-11;completo_com_falhas;17743.0;34.0522;9.3188;68.519;nacional
2025-11-19;Portugal Continental;2025;11;2025-11;completo_com_falhas;17360.0;33.3789;9.08227;70.7518;nacional
2025-11-20;Portugal Continental;2025;11;2025-11;completo_com_falhas;16671.0;33.9326;8.91905;66.3575;nacional
2025-11-21;Portugal Continental;2025;11;2025-11;completo_com_falhas;15322.0;32.616;9.28223;60.9858;nacional
2025-11-22;Portugal Continental;2025;11;2025-11;completo_com_falhas;14032.0;31.1414;10.0524;61.454;nacional
2025-11-23;Portugal Continental;2025;11;2025-11;completo_com_falhas;14111.0;33.0053;8.30812;55.4498;nacional
2025-11-24;Portugal Continental;2025;11;2025-11;completo_com_falhas;18237.0;34.5925;8.36302;63.3024;nacional
2025-11-25;Portugal Continental;2025;11;2025-11;completo_com_falhas;17916.0;34.0355;9.16998;77.5484;nacional
2025-11-26;Portugal Continental;2025;11;2025-11;completo_com_falhas;17553.0;34.2877;9.02071;71.8062;nacional
2025-11-27;Portugal Continental;2025;11;2025-11;completo_com_falhas;17517.0;33.9763;9.11491;77.2086;nacional
2025-11-28;Portugal Continental;2025;11;2025-11;completo_com_falhas;16576.0;32.9677;9.64882;75.3143;nacional
2025-11-29;Portugal Continental;2025;11;2025-11;completo_com_falhas;14911.0;30.8335;9.89348;77.6349;nacional
2025-11-30;Portugal Continental;2025;11;2025-11;completo_com_falhas;14989.0;32.7602;8.52897;73.7896;nacional
2025-12-01;Portugal Continental;2025;12;2025-12;completo_com_falhas;16336.0;33.572;8.02841;68.3386;nacional
2025-12-02;Portugal Continental;2025;12;2025-12;completo_com_falhas;18868.0;35.5147;8.41037;86.5337;nacional
2025-12-03;Portugal Continental;2025;12;2025-12;completo_com_falhas;19429.0;35.1505;8.65826;92.0989;nacional
2025-12-04;Portugal Continental;2025;12;2025-12;completo_com_falhas;18718.0;33.031;9.09362;88.8152;nacional
2025-12-05;Portugal Continental;2025;12;2025-12;completo_com_falhas;17604.0;31.4043;9.61446;92.0651;nacional
2025-12-06;Portugal Continental;2025;12;2025-12;completo_com_falhas;16255.0;30.278;9.31954;86.0552;nacional
2025-12-07;Portugal Continental;2025;12;2025-12;completo_com_falhas;15610.0;30.9967;8.5066;76.2814;nacional
2025-12-08;Portugal Continental;2025;12;2025-12;completo_com_falhas;16707.0;33.4464;8.51193;70.6643;nacional
2025-12-09;Portugal Continental;2025;12;2025-12;completo_com_falhas;18747.0;34.7228;8.72725;82.4358;nacional
2025-12-10;Portugal Continental;2025;12;2025-12;completo_com_falhas;18802.0;34.3907;9.65078;85.8242;nacional
2025-12-11;Portugal Continental;2025;12;2025-12;completo_com_falhas;15459.0;33.2917;10.3512;79.667;nacional
2025-12-12;Portugal Continental;2025;12;2025-12;completo_com_falhas;15564.0;32.7665;9.83022;60.3315;nacional
2025-12-13;Portugal Continental;2025;12;2025-12;completo_com_falhas;15025.0;31.7603;9.83553;68.4047;nacional
2025-12-14;Portugal Continental;2025;12;2025-12;completo_com_falhas;14803.0;32.3877;8.6854;60.387;nacional
2025-12-15;Portugal Continental;2025;12;2025-12;completo_com_falhas;17649.0;34.6224;9.20775;72.6262;nacional
2025-12-16;Portugal Continental;2025;12;2025-12;completo_com_falhas;17687.0;33.8485;9.74608;83.9382;nacional
2025-12-17;Portugal Continental;2025;12;2025-12;completo_com_falhas;17348.0;33.8438;9.68178;76.9557;nacional
2025-12-18;Portugal Continental;2025;12;2025-12;completo_com_falhas;17019.0;32.8274;10.0701;67.4742;nacional
2025-12-19;Portugal Continental;2025;12;2025-12;completo_com_falhas;16232.0;31.9755;10.364;71.3554;nacional
2025-12-20;Portugal Continental;2025;12;2025-12;completo_com_falhas;15142.0;32.5899;9.6043;77.0574;nacional
2025-12-21;Portugal Continental;2025;12;2025-12;completo_com_falhas;14245.0;31.0876;9.23467;66.2976;nacional
2025-12-22;Portugal Continental;2025;12;2025-12;completo_com_falhas;16983.0;33.879;9.96206;63.0426;nacional
2025-12-23;Portugal Continental;2025;12;2025-12;completo_com_falhas;16889.0;33.014;10.7238;73.5951;nacional
2025-12-24;Portugal Continental;2025;12;2025-12;completo_com_falhas;12807.0;30.7201;12.047;68.3547;nacional
2025-12-25;Portugal Continental;2025;12;2025-12;completo_com_falhas;12487.0;28.4903;12.3547;61.93;nacional
2025-12-26;Portugal Continental;2025;12;2025-12;completo_com_falhas;17473.0;32.9116;10.4647;80.3048;nacional
2025-12-27;Portugal Continental;2025;12;2025-12;completo_com_falhas;16228.0;31.8958;10.2355;103.529;nacional
2025-12-28;Portugal Continental;2025;12;2025-12;completo_com_falhas;14847.0;31.0648;10.0808;87.646;nacional
2025-12-29;Portugal Continental;2025;12;2025-12;completo_com_falhas;17456.0;33.706;10.4264;82.5015;nacional
2025-12-30;Portugal Continental;2025;12;2025-12;completo_com_falhas;16831.0;32.0712;11.9126;97.9872;nacional
2025-12-31;Portugal Continental;2025;12;2025-12;completo_com_falhas;12903.0;30.0793;12.6519;94.1617;nacional
2026-01-01;Portugal Continental;2026;1;2026-01;parcial;11631.0;28.9873;12.6262;62.0565;nacional
2026-01-02;Portugal Continental;2026;1;2026-01;parcial;15273.0;30.9668;11.6535;87.0353;nacional
2026-01-03;Portugal Continental;2026;1;2026-01;parcial;15586.0;30.2221;10.5811;117.054;nacional
2026-01-04;Portugal Continental;2026;1;2026-01;parcial;14556.0;31.929;10.2795;105.04;nacional
2026-01-05;Portugal Continental;2026;1;2026-01;parcial;17034.0;33.6195;10.3508;90.016;nacional
2026-01-06;Portugal Continental;2026;1;2026-01;parcial;16526.0;33.7186;11.0236;99.3822;nacional
2026-01-07;Portugal Continental;2026;1;2026-01;parcial;15850.0;33.354;11.2417;90.0583;nacional
2026-01-08;Portugal Continental;2026;1;2026-01;parcial;15357.0;33.197;11.055;86.077;nacional
2026-01-09;Portugal Continental;2026;1;2026-01;parcial;15051.0;32.9097;11.3466;76.9681;nacional
2026-01-10;Portugal Continental;2026;1;2026-01;parcial;13411.0;31.9987;10.7395;71.4213;nacional
2026-01-11;Portugal Continental;2026;1;2026-01;parcial;12108.0;31.5646;10.9939;70.8679;nacional
2026-01-12;Portugal Continental;2026;1;2026-01;parcial;16317.0;34.7559;10.3385;62.2542;nacional
2026-01-13;Portugal Continental;2026;1;2026-01;parcial;16180.0;32.6643;10.66;64.1384;nacional
2026-01-14;Portugal Continental;2026;1;2026-01;parcial;15415.0;33.3837;10.7129;58.3822;nacional
2026-01-15;Portugal Continental;2026;1;2026-01;parcial;14972.0;32.9712;10.777;58.0029;nacional
2026-01-16;Portugal Continental;2026;1;2026-01;parcial;14532.0;33.3715;11.7411;56.3832;nacional
2026-01-17;Portugal Continental;2026;1;2026-01;parcial;12901.0;31.116;10.4253;52.7319;nacional
2026-01-18;Portugal Continental;2026;1;2026-01;parcial;12209.0;31.9565;10.1046;52.4973;nacional
2026-01-19;Portugal Continental;2026;1;2026-01;parcial;16055.0;34.217;9.96271;59.6468;nacional
2026-01-20;Portugal Continental;2026;1;2026-01;parcial;16162.0;34.5503;10.0908;65.3154;nacional
2026-01-21;Portugal Continental;2026;1;2026-01;parcial;15650.0;33.858;11.221;59.8046;nacional
2026-01-22;Portugal Continental;2026;1;2026-01;parcial;15023.0;31.4305;11.0869;59.7935;nacional
2026-01-23;Portugal Continental;2026;1;2026-01;parcial;14056.0;32.1183;12.4654;56.36;nacional
2026-01-24;Portugal Continental;2026;1;2026-01;parcial;12387.0;31.4905;11.4507;59.042;nacional
2026-01-25;Portugal Continental;2026;1;2026-01;parcial;12290.0;32.2355;9.79069;52.3508;nacional
2026-01-26;Portugal Continental;2026;1;2026-01;parcial;16379.0;35.1676;10.0305;57.9347;nacional
2026-01-27;Portugal Continental;2026;1;2026-01;parcial;15332.0;33.7088;10.6516;70.0991;nacional
2026-01-28;Portugal Continental;2026;1;2026-01;parcial;14469.0;32.5863;10.9938;63.7973;nacional
2026-01-29;Portugal Continental;2026;1;2026-01;parcial;15000.0;33.6821;11.0212;63.364;nacional
2026-01-30;Portugal Continental;2026;1;2026-01;parcial;14640.0;30.9327;11.4344;59.5409;nacional
2026-01-31;Portugal Continental;2026;1;2026-01;parcial;13267.0;31.354;10.6934;64.9786;nacional
2026-02-01;Portugal Continental;2026;2;2026-02;parcial;12429.0;31.3286;9.73932;59.465;nacional
2026-02-02;Portugal Continental;2026;2;2026-02;parcial;15656.0;34.0301;9.25076;61.3905;nacional
2026-02-03;Portugal Continental;2026;2;2026-02;parcial;15732.0;34.5321;9.91947;69.3267;nacional
2026-02-04;Portugal Continental;2026;2;2026-02;parcial;14680.0;32.9646;10.4508;62.3059;nacional
2026-02-05;Portugal Continental;2026;2;2026-02;parcial;14971.0;34.1793;10.807;64.6168;nacional
2026-02-06;Portugal Continental;2026;2;2026-02;parcial;14289.0;31.5582;10.5193;62.3636;nacional
2026-02-07;Portugal Continental;2026;2;2026-02;parcial;12223.0;31.8558;10.8352;59.8369;nacional
2026-02-08;Portugal Continental;2026;2;2026-02;parcial;12044.0;31.8771;9.97275;49.4124;nacional
2026-02-09;Portugal Continental;2026;2;2026-02;parcial;16071.0;35.2647;9.36139;57.5418;nacional
2026-02-10;Portugal Continental;2026;2;2026-02;parcial;16179.0;34.081;9.96744;65.2312;nacional
2026-02-11;Portugal Continental;2026;2;2026-02;parcial;15396.0;32.7784;9.64316;62.2851;nacional
2026-02-12;Portugal Continental;2026;2;2026-02;parcial;15545.0;32.1565;10.0489;64.6969;nacional
2026-02-13;Portugal Continental;2026;2;2026-02;parcial;14540.0;32.6676;10.9645;66.6928;nacional
2026-02-14;Portugal Continental;2026;2;2026-02;parcial;12478.0;30.8865;10.3886;58.2076;nacional
2026-02-15;Portugal Continental;2026;2;2026-02;parcial;12637.0;32.5407;8.92756;58.4701;nacional
2026-02-16;Portugal Continental;2026;2;2026-02;parcial;15627.0;34.6832;10.1963;63.1249;nacional
2026-02-17;Portugal Continental;2026;2;2026-02;parcial;14477.0;32.7501;9.32672;70.9015;nacional
2026-02-18;Portugal Continental;2026;2;2026-02;parcial;15392.0;34.9907;9.50759;62.525;nacional
2026-02-19;Portugal Continental;2026;2;2026-02;parcial;16122.0;35.0143;9.4059;67.6487;nacional
2026-02-20;Portugal Continental;2026;2;2026-02;parcial;15286.0;32.6694;10.405;64.9229;nacional
2026-02-21;Portugal Continental;2026;2;2026-02;parcial;13994.0;30.4642;9.52582;66.2036;nacional
2026-02-22;Portugal Continental;2026;2;2026-02;parcial;13538.0;31.7715;8.90663;57.9702;nacional
2026-02-23;Portugal Continental;2026;2;2026-02;parcial;17421.0;35.4246;8.97418;60.553;nacional
2026-02-24;Portugal Continental;2026;2;2026-02;parcial;17401.0;33.0793;9.33113;76.8033;nacional
2026-02-25;Portugal Continental;2026;2;2026-02;parcial;16770.0;34.3134;9.86588;73.3533;nacional
2026-02-26;Portugal Continental;2026;2;2026-02;parcial;16882.0;33.0623;9.29097;73.7663;nacional
2026-02-27;Portugal Continental;2026;2;2026-02;parcial;15943.0;33.4088;9.68689;70.6994;nacional
2026-02-28;Portugal Continental;2026;2;2026-02;parcial;13985.0;32.9357;9.71473;66.8526;nacional
2026-03-01;Portugal Continental;2026;3;2026-03;parcial;13582.0;32.4115;8.21906;60.2037;nacional
2026-03-02;Portugal Continental;2026;3;2026-03;parcial;17684.0;36.113;8.93914;67.64;nacional
2026-03-03;Portugal Continental;2026;3;2026-03;parcial;17345.0;34.7911;8.72215;77.8976;nacional
2026-03-04;Portugal Continental;2026;3;2026-03;parcial;17010.0;33.1109;9.2705;74.7309;nacional
2026-03-05;Portugal Continental;2026;3;2026-03;parcial;16531.0;33.021;9.49311;70.2798;nacional
2026-03-06;Portugal Continental;2026;3;2026-03;parcial;15319.0;31.7822;9.07001;60.041;nacional
2026-03-07;Portugal Continental;2026;3;2026-03;parcial;13875.0;31.9569;9.72867;55.3627;nacional
2026-03-08;Portugal Continental;2026;3;2026-03;parcial;13366.0;30.3384;9.49602;49.5475;nacional
2026-03-09;Portugal Continental;2026;3;2026-03;parcial;17738.0;34.8719;8.43197;59.0878;nacional
2026-03-10;Portugal Continental;2026;3;2026-03;parcial;17323.0;33.4475;8.85619;65.4814;nacional
2026-03-11;Portugal Continental;2026;3;2026-03;parcial;17075.0;32.8171;9.20606;66.2409;nacional
2026-03-12;Portugal Continental;2026;3;2026-03;parcial;16918.0;33.1054;9.08826;65.0098;nacional
2026-03-13;Portugal Continental;2026;3;2026-03;parcial;16135.0;32.1664;9.41776;67.8429;nacional
2026-03-14;Portugal Continental;2026;3;2026-03;parcial;14263.0;31.2708;9.38155;61.6225;nacional
2026-03-15;Portugal Continental;2026;3;2026-03;parcial;13537.0;30.8217;8.7669;50.7359;nacional
2026-03-16;Portugal Continental;2026;3;2026-03;parcial;18130.0;32.784;8.85374;59.3957;nacional
2026-03-17;Portugal Continental;2026;3;2026-03;parcial;17800.0;32.9513;9.05837;72.7785;nacional
2026-03-18;Portugal Continental;2026;3;2026-03;parcial;17367.0;32.2549;9.16903;67.7829;nacional
2026-03-19;Portugal Continental;2026;3;2026-03;parcial;16991.0;33.203;9.01271;71.7358;nacional
2026-03-20;Portugal Continental;2026;3;2026-03;parcial;16393.0;33.0566;9.52495;67.4717;nacional
2026-03-21;Portugal Continental;2026;3;2026-03;parcial;14732.0;31.3309;8.8796;68.175;nacional
2026-03-22;Portugal Continental;2026;3;2026-03;parcial;14043.0;32.1031;9.06481;58.7506;nacional
2026-03-23;Portugal Continental;2026;3;2026-03;parcial;17975.0;34.8893;8.52264;61.7012;nacional
2026-03-24;Portugal Continental;2026;3;2026-03;parcial;17884.0;32.4483;8.5937;71.4696;nacional
2026-03-25;Portugal Continental;2026;3;2026-03;parcial;17169.0;33.1891;8.68123;65.4134;nacional
2026-03-26;Portugal Continental;2026;3;2026-03;parcial;17278.0;32.9969;9.52415;67.9482;nacional
2026-03-27;Portugal Continental;2026;3;2026-03;parcial;16315.0;32.3585;8.90746;70.5063;nacional
2026-03-28;Portugal Continental;2026;3;2026-03;parcial;14225.0;31.4274;9.59127;61.1386;nacional
2026-03-29;Portugal Continental;2026;3;2026-03;parcial;13315.0;31.2012;8.76124;55.5149;nacional
2026-03-30;Portugal Continental;2026;3;2026-03;parcial;16946.0;35.2449;9.42281;60.9016;nacional
2026-03-31;Portugal Continental;2026;3;2026-03;parcial;16654.0;33.1139;9.33225;65.2103;nacional
2026-04-01;Portugal Continental;2026;4;2026-04;parcial;16340.0;32.2529;10.2226;65.3208;nacional
2026-04-02;Portugal Continental;2026;4;2026-04;parcial;16017.0;32.1729;10.4667;64.6025;nacional
2026-04-03;Portugal Continental;2026;4;2026-04;parcial;14877.0;32.2999;9.24669;58.7761;nacional
2026-04-04;Portugal Continental;2026;4;2026-04;parcial;13862.0;30.8793;8.61042;52.615;nacional
2026-04-05;Portugal Continental;2026;4;2026-04;parcial;12049.0;30.0656;9.00977;51.1525;nacional
2026-04-06;Portugal Continental;2026;4;2026-04;parcial;16828.0;33.3356;9.75831;58.255;nacional
2026-04-07;Portugal Continental;2026;4;2026-04;parcial;17025.0;33.1864;9.28531;75.8036;nacional
2026-04-08;Portugal Continental;2026;4;2026-04;parcial;16418.0;32.8098;9.6643;69.4214;nacional
2026-04-09;Portugal Continental;2026;4;2026-04;parcial;16054.0;30.8786;8.99548;65.9081;nacional
2026-04-10;Portugal Continental;2026;4;2026-04;parcial;16156.0;32.0467;9.66815;72.2474;nacional
2026-04-11;Portugal Continental;2026;4;2026-04;parcial;14604.0;29.9361;9.37921;71.2603;nacional
2026-04-12;Portugal Continental;2026;4;2026-04;parcial;13355.0;31.4696;8.28306;53.5474;nacional
2026-04-13;Portugal Continental;2026;4;2026-04;parcial;17280.0;33.913;8.37861;55.664;nacional
2026-04-14;Portugal Continental;2026;4;2026-04;parcial;16916.0;33.0414;9.27119;64.7141;nacional
2026-04-15;Portugal Continental;2026;4;2026-04;parcial;16445.0;32.0763;9.31214;61.183;nacional
2026-04-16;Portugal Continental;2026;4;2026-04;parcial;16655.0;32.48;9.6128;63.1556;nacional
2026-04-17;Portugal Continental;2026;4;2026-04;parcial;15545.0;33.0333;9.38002;58.4088;nacional
2026-04-18;Portugal Continental;2026;4;2026-04;parcial;14345.0;30.2572;9.28765;59.4262;nacional
2026-04-19;Portugal Continental;2026;4;2026-04;parcial;13707.0;30.9251;8.89128;49.1356;nacional
2026-04-20;Portugal Continental;2026;4;2026-04;parcial;18267.0;34.1747;8.42569;55.6768;nacional
2026-04-21;Portugal Continental;2026;4;2026-04;parcial;18138.0;33.4274;8.88327;66.7094;nacional
2026-04-22;Portugal Continental;2026;4;2026-04;parcial;17006.0;33.886;8.88065;66.6901;nacional
2026-04-23;Portugal Continental;2026;4;2026-04;parcial;17347.0;31.732;8.54574;65.9273;nacional
2026-04-24;Portugal Continental;2026;4;2026-04;parcial;16670.0;32.16;9.82868;60.5907;nacional
2026-04-25;Portugal Continental;2026;4;2026-04;parcial;14481.0;31.078;8.88966;52.1373;nacional
2026-04-26;Portugal Continental;2026;4;2026-04;parcial;14324.0;31.2846;8.9157;49.3198;nacional
2026-04-27;Portugal Continental;2026;4;2026-04;parcial;18807.0;34.7388;8.22248;56.8888;nacional
2026-04-28;Portugal Continental;2026;4;2026-04;parcial;18260.0;32.9558;8.55157;65.3993;nacional
2026-04-29;Portugal Continental;2026;4;2026-04;parcial;17005.0;33.2734;8.9134;60.4975;nacional
2026-04-30;Portugal Continental;2026;4;2026-04;parcial;16802.0;33.1511;8.86699;60.6422;nacional
2026-05-01;Portugal Continental;2026;5;2026-05;parcial;14464.0;31.8228;9.21706;57.568;nacional
2026-05-02;Portugal Continental;2026;5;2026-05;parcial;14126.0;31.1181;8.64625;49.132;nacional
2026-05-03;Portugal Continental;2026;5;2026-05;parcial;13206.0;31.9976;8.36832;57.6866;nacional
2026-05-04;Portugal Continental;2026;5;2026-05;parcial;18106.0;35.5592;7.93889;59.3904;nacional
2026-05-05;Portugal Continental;2026;5;2026-05;parcial;17763.0;33.3918;8.52806;66.4661;nacional
2026-05-06;Portugal Continental;2026;5;2026-05;parcial;16897.0;34.0398;9.18375;62.5964;nacional
2026-05-07;Portugal Continental;2026;5;2026-05;parcial;16673.0;32.9833;8.98932;60.5122;nacional
2026-05-08;Portugal Continental;2026;5;2026-05;parcial;15855.0;32.3575;9.43899;61.9488;nacional
2026-05-09;Portugal Continental;2026;5;2026-05;parcial;13759.0;31.0367;9.67599;57.2147;nacional
